 redis Pulling 
 postgresql Pulling 
 rabbitmq Pulling 
 opensearch Pulling 
 b0a0cf830b12 Pulling fs layer 
 dda3d8fbd5ed Pulling fs layer 
 283a477db7bb Pulling fs layer 
 91d2729fa4d5 Pulling fs layer 
 9739ced65621 Pulling fs layer 
 ae3bb1b347a4 Pulling fs layer 
 f8406d9c00ea Pulling fs layer 
 c199bff16b05 Pulling fs layer 
 e0d55fdb4d15 Pulling fs layer 
 c1cb13b19080 Pulling fs layer 
 873532e5f8c7 Pulling fs layer 
 050d9f8c3b1c Pulling fs layer 
 710e142705f8 Pulling fs layer 
 cb628c265f09 Pulling fs layer 
 91d2729fa4d5 Waiting 
 9739ced65621 Waiting 
 ae3bb1b347a4 Waiting 
 f8406d9c00ea Waiting 
 c199bff16b05 Waiting 
 e0d55fdb4d15 Waiting 
 c1cb13b19080 Waiting 
 873532e5f8c7 Waiting 
 050d9f8c3b1c Waiting 
 cb628c265f09 Waiting 
 710e142705f8 Waiting 
 f9dd052e142d Pulling fs layer 
 e8c6d4883897 Pulling fs layer 
 648eb81b3252 Pulling fs layer 
 eb77aa907276 Pulling fs layer 
 4f4fb700ef54 Pulling fs layer 
 0ffa8f8aba1e Pulling fs layer 
 f9dd052e142d Waiting 
 2e81b9cb93cd Pulling fs layer 
 e8c6d4883897 Waiting 
 4f4fb700ef54 Waiting 
 648eb81b3252 Waiting 
 0ffa8f8aba1e Waiting 
 2e81b9cb93cd Waiting 
 eb77aa907276 Waiting 
 4831516dd0cb Pulling fs layer 
 47a60771af96 Pulling fs layer 
 7b28be0c8c4d Pulling fs layer 
 edcaff0d5e7e Pulling fs layer 
 22dca8215bc4 Pulling fs layer 
 bbf018d6d4b8 Pulling fs layer 
 4f4fb700ef54 Pulling fs layer 
 c5761dea9b0e Pulling fs layer 
 4831516dd0cb Waiting 
 7b28be0c8c4d Waiting 
 47a60771af96 Waiting 
 edcaff0d5e7e Waiting 
 4f4fb700ef54 Waiting 
 22dca8215bc4 Waiting 
 c5761dea9b0e Waiting 
 bbf018d6d4b8 Waiting 
 20043066d3d5 Pulling fs layer 
 3fadc669ef11 Pulling fs layer 
 7084ac8f4ab6 Pulling fs layer 
 beb0d870d438 Pulling fs layer 
 20043066d3d5 Waiting 
 d63c4408fdb7 Pulling fs layer 
 efa05c660812 Pulling fs layer 
 f4e7f62f4b80 Pulling fs layer 
 5e1c03b67a78 Pulling fs layer 
 3fadc669ef11 Waiting 
 14e6209d5fa8 Pulling fs layer 
 d686b50ce172 Pulling fs layer 
 7084ac8f4ab6 Waiting 
 efa05c660812 Waiting 
 beb0d870d438 Waiting 
 f4e7f62f4b80 Waiting 
 d63c4408fdb7 Waiting 
 d686b50ce172 Waiting 
 14e6209d5fa8 Waiting 
 283a477db7bb Downloading [>                                                  ]  46.48kB/4.533MB
 dda3d8fbd5ed Downloading [==============================>                    ]     720B/1.165kB
 dda3d8fbd5ed Downloading [==================================================>]  1.165kB/1.165kB
 dda3d8fbd5ed Verifying Checksum 
 dda3d8fbd5ed Download complete 
 b0a0cf830b12 Downloading [>                                                  ]  298.8kB/29.15MB
 283a477db7bb Verifying Checksum 
 283a477db7bb Download complete 
 b0a0cf830b12 Verifying Checksum 
 b0a0cf830b12 Download complete 
 b0a0cf830b12 Extracting [>                                                  ]  294.9kB/29.15MB
 b0a0cf830b12 Extracting [===========>                                       ]  6.488MB/29.15MB
 91d2729fa4d5 Downloading [>                                                  ]  15.73kB/1.45MB
 91d2729fa4d5 Verifying Checksum 
 91d2729fa4d5 Download complete 
 9739ced65621 Downloading [>                                                  ]   84.1kB/8.069MB
 9739ced65621 Verifying Checksum 
 9739ced65621 Download complete 
 ae3bb1b347a4 Downloading [>                                                  ]   12.1kB/1.196MB
 b0a0cf830b12 Extracting [=================>                                 ]  10.03MB/29.15MB
 ae3bb1b347a4 Verifying Checksum 
 ae3bb1b347a4 Download complete 
 b0a0cf830b12 Extracting [========================>                          ]  14.45MB/29.15MB
 f8406d9c00ea Downloading [==================================================>]     116B/116B
 f8406d9c00ea Download complete 
 c199bff16b05 Downloading [===========>                                       ]     719B/3.145kB
 c199bff16b05 Downloading [==================================================>]  3.145kB/3.145kB
 c199bff16b05 Verifying Checksum 
 c199bff16b05 Download complete 
 b0a0cf830b12 Extracting [=======================================>           ]     23MB/29.15MB
 e0d55fdb4d15 Downloading [>                                                  ]  529.6kB/109MB
 e0d55fdb4d15 Downloading [=============>                                     ]  29.53MB/109MB
 b0a0cf830b12 Extracting [==========================================>        ]  24.77MB/29.15MB
 c1cb13b19080 Downloading [===>                                               ]     688B/9.925kB
 c1cb13b19080 Downloading [==================================================>]  9.925kB/9.925kB
 c1cb13b19080 Verifying Checksum 
 c1cb13b19080 Download complete 
 873532e5f8c7 Downloading [==================================================>]     128B/128B
 873532e5f8c7 Verifying Checksum 
 873532e5f8c7 Download complete 
 e0d55fdb4d15 Downloading [========================>                          ]  53.64MB/109MB
 b0a0cf830b12 Extracting [===============================================>   ]  27.72MB/29.15MB
 e0d55fdb4d15 Downloading [=======================================>           ]  85.31MB/109MB
 e0d55fdb4d15 Verifying Checksum 
 e0d55fdb4d15 Download complete 
 050d9f8c3b1c Downloading [==================================================>]     169B/169B
 050d9f8c3b1c Verifying Checksum 
 050d9f8c3b1c Download complete 
 710e142705f8 Downloading [======>                                            ]     720B/5.421kB
 710e142705f8 Downloading [==================================================>]  5.421kB/5.421kB
 710e142705f8 Verifying Checksum 
 710e142705f8 Download complete 
 b0a0cf830b12 Extracting [================================================>  ]  28.31MB/29.15MB
 cb628c265f09 Downloading [==================================================>]     184B/184B
 cb628c265f09 Verifying Checksum 
 cb628c265f09 Download complete 
 f9dd052e142d Downloading [>                                                  ]  532.5kB/52.33MB
 e8c6d4883897 Downloading [>                                                  ]  44.92kB/4.398MB
 e8c6d4883897 Downloading [==================================================>]  4.398MB/4.398MB
 e8c6d4883897 Verifying Checksum 
 e8c6d4883897 Download complete 
 b0a0cf830b12 Extracting [==================================================>]  29.15MB/29.15MB
 b0a0cf830b12 Pull complete 
 dda3d8fbd5ed Extracting [==================================================>]  1.165kB/1.165kB
 dda3d8fbd5ed Extracting [==================================================>]  1.165kB/1.165kB
 f9dd052e142d Downloading [===================>                               ]   20.6MB/52.33MB
 648eb81b3252 Downloading [=======================>                           ]     720B/1.561kB
 648eb81b3252 Download complete 
 f9dd052e142d Downloading [======================================>            ]  40.67MB/52.33MB
 eb77aa907276 Downloading [>                                                  ]  528.1kB/907.7MB
 f9dd052e142d Downloading [==================================================>]  52.33MB/52.33MB
 f9dd052e142d Verifying Checksum 
 f9dd052e142d Download complete 
 eb77aa907276 Downloading [=>                                                 ]  33.55MB/907.7MB
 f9dd052e142d Extracting [>                                                  ]  524.3kB/52.33MB
 eb77aa907276 Downloading [===>                                               ]  64.02MB/907.7MB
 f9dd052e142d Extracting [=>                                                 ]  1.573MB/52.33MB
 eb77aa907276 Downloading [====>                                              ]     86MB/907.7MB
 4f4fb700ef54 Downloading [==================================================>]      32B/32B
 4f4fb700ef54 Download complete 
 0ffa8f8aba1e Downloading [==================================================>]     226B/226B
 0ffa8f8aba1e Verifying Checksum 
 0ffa8f8aba1e Download complete 
 eb77aa907276 Downloading [======>                                            ]    116MB/907.7MB
 f9dd052e142d Extracting [====>                                              ]  4.719MB/52.33MB
 eb77aa907276 Downloading [========>                                          ]  145.5MB/907.7MB
 f9dd052e142d Extracting [=====>                                             ]  5.767MB/52.33MB
 2e81b9cb93cd Downloading [===================>                               ]     708B/1.859kB
 2e81b9cb93cd Downloading [==================================================>]  1.859kB/1.859kB
 2e81b9cb93cd Verifying Checksum 
 2e81b9cb93cd Download complete 
 4831516dd0cb Downloading [>                                                  ]  282.5kB/28.23MB
 f9dd052e142d Extracting [============>                                      ]  12.58MB/52.33MB
 eb77aa907276 Downloading [=========>                                         ]  164.8MB/907.7MB
 4831516dd0cb Verifying Checksum 
 4831516dd0cb Download complete 
 eb77aa907276 Downloading [=========>                                         ]  165.3MB/907.7MB
 f9dd052e142d Extracting [==============>                                    ]   15.2MB/52.33MB
 47a60771af96 Downloading [================================>                  ]     719B/1.105kB
 47a60771af96 Downloading [==================================================>]  1.105kB/1.105kB
 47a60771af96 Verifying Checksum 
 47a60771af96 Download complete 
 4831516dd0cb Extracting [>                                                  ]  294.9kB/28.23MB
 eb77aa907276 Downloading [==========>                                        ]  192.2MB/907.7MB
 7b28be0c8c4d Downloading [=======================================>           ]     688B/874B
 7b28be0c8c4d Downloading [==================================================>]     874B/874B
 7b28be0c8c4d Verifying Checksum 
 7b28be0c8c4d Download complete 
 eb77aa907276 Downloading [============>                                      ]    226MB/907.7MB
 edcaff0d5e7e Downloading [>                                                  ]  15.04kB/1.438MB
 4831516dd0cb Extracting [====>                                              ]  2.359MB/28.23MB
 edcaff0d5e7e Verifying Checksum 
 edcaff0d5e7e Download complete 
 f9dd052e142d Extracting [===================>                               ]  20.45MB/52.33MB
 eb77aa907276 Downloading [==============>                                    ]  254.4MB/907.7MB
 4831516dd0cb Extracting [=========>                                         ]  5.603MB/28.23MB
 f9dd052e142d Extracting [========================>                          ]  25.69MB/52.33MB
 22dca8215bc4 Downloading [>                                                  ]  155.3kB/15.35MB
 eb77aa907276 Downloading [===============>                                   ]  282.8MB/907.7MB
 4831516dd0cb Extracting [===============>                                   ]  8.847MB/28.23MB
 bbf018d6d4b8 Downloading [==================================================>]      97B/97B
 bbf018d6d4b8 Verifying Checksum 
 bbf018d6d4b8 Download complete 
 eb77aa907276 Downloading [=================>                                 ]  310.7MB/907.7MB
 f9dd052e142d Extracting [==========================>                        ]  27.26MB/52.33MB
 22dca8215bc4 Downloading [==>                                                ]  819.2kB/15.35MB
 4831516dd0cb Extracting [=================>                                 ]  10.03MB/28.23MB
 22dca8215bc4 Download complete 
 eb77aa907276 Downloading [==================>                                ]  335.7MB/907.7MB
 f9dd052e142d Extracting [===========================>                       ]  28.84MB/52.33MB
 eb77aa907276 Downloading [====================>                              ]  365.2MB/907.7MB
 4831516dd0cb Extracting [====================>                              ]   11.5MB/28.23MB
 4f4fb700ef54 Downloading [==================================================>]      32B/32B
 4f4fb700ef54 Verifying Checksum 
 4f4fb700ef54 Download complete 
 f9dd052e142d Extracting [============================>                      ]  29.36MB/52.33MB
 eb77aa907276 Downloading [=====================>                             ]  390.4MB/907.7MB
 4831516dd0cb Extracting [============================>                      ]  16.22MB/28.23MB
 c5761dea9b0e Downloading [==================================================>]     573B/573B
 c5761dea9b0e Verifying Checksum 
 c5761dea9b0e Download complete 
 eb77aa907276 Downloading [======================>                            ]  415.6MB/907.7MB
 4831516dd0cb Extracting [====================================>              ]  20.64MB/28.23MB
 20043066d3d5 Downloading [>                                                  ]  298.8kB/29.72MB
 dda3d8fbd5ed Pull complete 
 283a477db7bb Extracting [>                                                  ]  65.54kB/4.533MB
 eb77aa907276 Downloading [========================>                          ]  440.7MB/907.7MB
 f9dd052e142d Extracting [=============================>                     ]  30.41MB/52.33MB
 4831516dd0cb Extracting [=========================================>         ]   23.3MB/28.23MB
 20043066d3d5 Downloading [==============================================>    ]  27.44MB/29.72MB
 283a477db7bb Extracting [==========>                                        ]    983kB/4.533MB
 20043066d3d5 Verifying Checksum 
 20043066d3d5 Download complete 
 eb77aa907276 Downloading [=========================>                         ]  467.5MB/907.7MB
 3fadc669ef11 Downloading [>                                                  ]  437.4kB/43.48MB
 f9dd052e142d Extracting [==============================>                    ]  31.98MB/52.33MB
 20043066d3d5 Extracting [>                                                  ]  327.7kB/29.72MB
 283a477db7bb Extracting [==============================>                    ]  2.753MB/4.533MB
 eb77aa907276 Downloading [===========================>                       ]  495.9MB/907.7MB
 3fadc669ef11 Downloading [==============================>                    ]  26.18MB/43.48MB
 283a477db7bb Extracting [============================================>      ]  4.063MB/4.533MB
 20043066d3d5 Extracting [===>                                               ]  2.294MB/29.72MB
 eb77aa907276 Downloading [============================>                      ]  525.3MB/907.7MB
 3fadc669ef11 Verifying Checksum 
 3fadc669ef11 Download complete 
 7084ac8f4ab6 Downloading [>                                                  ]  75.55kB/7.468MB
 283a477db7bb Extracting [==================================================>]  4.533MB/4.533MB
 4831516dd0cb Extracting [==========================================>        ]  23.89MB/28.23MB
 7084ac8f4ab6 Verifying Checksum 
 7084ac8f4ab6 Download complete 
 f9dd052e142d Extracting [===============================>                   ]  33.03MB/52.33MB
 20043066d3d5 Extracting [=====>                                             ]  3.277MB/29.72MB
 eb77aa907276 Downloading [==============================>                    ]  551.5MB/907.7MB
 283a477db7bb Pull complete 
 91d2729fa4d5 Extracting [=>                                                 ]  32.77kB/1.45MB
 4831516dd0cb Extracting [============================================>      ]  25.36MB/28.23MB
 f9dd052e142d Extracting [================================>                  ]  33.55MB/52.33MB
 eb77aa907276 Downloading [===============================>                   ]  573.5MB/907.7MB
 20043066d3d5 Extracting [========>                                          ]  5.243MB/29.72MB
 beb0d870d438 Downloading [===>                                               ]     720B/9.462kB
 beb0d870d438 Verifying Checksum 
 beb0d870d438 Download complete 
 eb77aa907276 Downloading [================================>                  ]    597MB/907.7MB
 d63c4408fdb7 Downloading [>                                                  ]  214.8kB/21.31MB
 91d2729fa4d5 Extracting [=========>                                         ]  262.1kB/1.45MB
 4831516dd0cb Extracting [==============================================>    ]  26.25MB/28.23MB
 eb77aa907276 Downloading [==================================>                ]  628.1MB/907.7MB
 d63c4408fdb7 Verifying Checksum 
 d63c4408fdb7 Download complete 
 f9dd052e142d Extracting [================================>                  ]  34.08MB/52.33MB
 20043066d3d5 Extracting [=========>                                         ]  5.898MB/29.72MB
 91d2729fa4d5 Extracting [========================================>          ]   1.18MB/1.45MB
 eb77aa907276 Downloading [===================================>               ]  652.2MB/907.7MB
 efa05c660812 Downloading [==================================================>]     189B/189B
 efa05c660812 Verifying Checksum 
 efa05c660812 Download complete 
 91d2729fa4d5 Extracting [==================================================>]   1.45MB/1.45MB
 20043066d3d5 Extracting [===========>                                       ]  6.554MB/29.72MB
 f9dd052e142d Extracting [=================================>                 ]   34.6MB/52.33MB
 eb77aa907276 Downloading [====================================>              ]  667.7MB/907.7MB
 f4e7f62f4b80 Downloading [==================================================>]     109B/109B
 f4e7f62f4b80 Verifying Checksum 
 f4e7f62f4b80 Download complete 
 20043066d3d5 Extracting [=============>                                     ]  7.864MB/29.72MB
 eb77aa907276 Downloading [=====================================>             ]  676.9MB/907.7MB
 4831516dd0cb Extracting [===============================================>   ]  26.84MB/28.23MB
 f9dd052e142d Extracting [==================================>                ]  35.65MB/52.33MB
 5e1c03b67a78 Downloading [==================================================>]     620B/620B
 5e1c03b67a78 Verifying Checksum 
 5e1c03b67a78 Download complete 
 eb77aa907276 Downloading [======================================>            ]  707.4MB/907.7MB
 20043066d3d5 Extracting [==============>                                    ]  8.847MB/29.72MB
 14e6209d5fa8 Downloading [===========================================>       ]     721B/833B
 14e6209d5fa8 Downloading [==================================================>]     833B/833B
 14e6209d5fa8 Verifying Checksum 
 14e6209d5fa8 Download complete 
 eb77aa907276 Downloading [=======================================>           ]  724.1MB/907.7MB
 20043066d3d5 Extracting [=================>                                 ]  10.16MB/29.72MB
 4831516dd0cb Extracting [================================================>  ]  27.13MB/28.23MB
 d686b50ce172 Downloading [>                                                  ]  127.3kB/12.47MB
 eb77aa907276 Downloading [=========================================>         ]    746MB/907.7MB
 d686b50ce172 Downloading [===============================================>   ]  11.77MB/12.47MB
 d686b50ce172 Verifying Checksum 
 d686b50ce172 Download complete 
 20043066d3d5 Extracting [==================>                                ]  10.81MB/29.72MB
 eb77aa907276 Downloading [==========================================>        ]  778.7MB/907.7MB
 f9dd052e142d Extracting [===================================>               ]   36.7MB/52.33MB
 20043066d3d5 Extracting [=========================>                         ]  15.07MB/29.72MB
 eb77aa907276 Downloading [============================================>      ]  806.7MB/907.7MB
 f9dd052e142d Extracting [====================================>              ]  37.75MB/52.33MB
 eb77aa907276 Downloading [==============================================>    ]  837.8MB/907.7MB
 20043066d3d5 Extracting [=================================>                 ]  19.99MB/29.72MB
 eb77aa907276 Downloading [===============================================>   ]  869.4MB/907.7MB
 20043066d3d5 Extracting [====================================>              ]  21.63MB/29.72MB
 f9dd052e142d Extracting [======================================>            ]  39.85MB/52.33MB
 eb77aa907276 Downloading [=================================================> ]  902.2MB/907.7MB
 eb77aa907276 Verifying Checksum 
 eb77aa907276 Download complete 
 20043066d3d5 Extracting [=========================================>         ]  24.58MB/29.72MB
 4831516dd0cb Extracting [================================================>  ]  27.43MB/28.23MB
 f9dd052e142d Extracting [=======================================>           ]  41.42MB/52.33MB
 20043066d3d5 Extracting [==========================================>        ]  25.23MB/29.72MB
 4831516dd0cb Extracting [=================================================> ]  27.72MB/28.23MB
 f9dd052e142d Extracting [========================================>          ]  41.94MB/52.33MB
 f9dd052e142d Extracting [==========================================>        ]  44.04MB/52.33MB
 4831516dd0cb Extracting [==================================================>]  28.23MB/28.23MB
 20043066d3d5 Extracting [==========================================>        ]  25.56MB/29.72MB
 f9dd052e142d Extracting [=============================================>     ]  47.19MB/52.33MB
 f9dd052e142d Extracting [=============================================>     ]  47.71MB/52.33MB
 20043066d3d5 Extracting [==============================================>    ]  27.85MB/29.72MB
 20043066d3d5 Extracting [===============================================>   ]  28.51MB/29.72MB
 4831516dd0cb Pull complete 
 47a60771af96 Extracting [==================================================>]  1.105kB/1.105kB
 47a60771af96 Extracting [==================================================>]  1.105kB/1.105kB
 20043066d3d5 Extracting [=================================================> ]  29.49MB/29.72MB
 47a60771af96 Pull complete 
 91d2729fa4d5 Pull complete 
 9739ced65621 Extracting [>                                                  ]   98.3kB/8.069MB
 7b28be0c8c4d Extracting [==================================================>]     874B/874B
 7b28be0c8c4d Extracting [==================================================>]     874B/874B
 7b28be0c8c4d Pull complete 
 20043066d3d5 Extracting [==================================================>]  29.72MB/29.72MB
 edcaff0d5e7e Extracting [=>                                                 ]  32.77kB/1.438MB
 edcaff0d5e7e Extracting [==================================================>]  1.438MB/1.438MB
 edcaff0d5e7e Pull complete 
 20043066d3d5 Pull complete 
 f9dd052e142d Extracting [=================================================> ]  51.38MB/52.33MB
 9739ced65621 Extracting [=================>                                 ]  2.851MB/8.069MB
 22dca8215bc4 Extracting [>                                                  ]  163.8kB/15.35MB
 3fadc669ef11 Extracting [>                                                  ]  458.8kB/43.48MB
 22dca8215bc4 Extracting [================>                                  ]  5.079MB/15.35MB
 9739ced65621 Extracting [==========================>                        ]  4.227MB/8.069MB
 3fadc669ef11 Extracting [======>                                            ]  5.964MB/43.48MB
 9739ced65621 Extracting [================================>                  ]  5.308MB/8.069MB
 22dca8215bc4 Extracting [==================================>                ]  10.49MB/15.35MB
 f9dd052e142d Extracting [=================================================> ]   51.9MB/52.33MB
 3fadc669ef11 Extracting [==============>                                    ]  12.39MB/43.48MB
 f9dd052e142d Extracting [==================================================>]  52.33MB/52.33MB
 f9dd052e142d Pull complete 
 e8c6d4883897 Extracting [>                                                  ]  65.54kB/4.398MB
 9739ced65621 Extracting [=====================================>             ]  6.095MB/8.069MB
 22dca8215bc4 Extracting [=================================================> ]  15.07MB/15.35MB
 22dca8215bc4 Extracting [==================================================>]  15.35MB/15.35MB
 3fadc669ef11 Extracting [===================>                               ]  16.97MB/43.48MB
 e8c6d4883897 Extracting [===================>                               ]  1.704MB/4.398MB
 22dca8215bc4 Pull complete 
 bbf018d6d4b8 Extracting [==================================================>]      97B/97B
 bbf018d6d4b8 Extracting [==================================================>]      97B/97B
 9739ced65621 Extracting [==============================================>    ]  7.569MB/8.069MB
 bbf018d6d4b8 Pull complete 
 4f4fb700ef54 Extracting [==================================================>]      32B/32B
 4f4fb700ef54 Extracting [==================================================>]      32B/32B
 3fadc669ef11 Extracting [========================>                          ]   21.1MB/43.48MB
 4f4fb700ef54 Pull complete 
 c5761dea9b0e Extracting [==================================================>]     573B/573B
 c5761dea9b0e Extracting [==================================================>]     573B/573B
 9739ced65621 Extracting [==================================================>]  8.069MB/8.069MB
 c5761dea9b0e Pull complete 
 redis Pulled 
 e8c6d4883897 Extracting [============================>                      ]   2.49MB/4.398MB
 9739ced65621 Pull complete 
 ae3bb1b347a4 Extracting [=>                                                 ]  32.77kB/1.196MB
 ae3bb1b347a4 Extracting [==================================================>]  1.196MB/1.196MB
 3fadc669ef11 Extracting [===============================>                   ]  27.07MB/43.48MB
 ae3bb1b347a4 Extracting [==================================================>]  1.196MB/1.196MB
 e8c6d4883897 Extracting [=====================================>             ]  3.342MB/4.398MB
 ae3bb1b347a4 Pull complete 
 f8406d9c00ea Extracting [==================================================>]     116B/116B
 f8406d9c00ea Extracting [==================================================>]     116B/116B
 f8406d9c00ea Pull complete 
 c199bff16b05 Extracting [==================================================>]  3.145kB/3.145kB
 c199bff16b05 Extracting [==================================================>]  3.145kB/3.145kB
 c199bff16b05 Pull complete 
 3fadc669ef11 Extracting [===================================>               ]  30.74MB/43.48MB
 e8c6d4883897 Extracting [==================================================>]  4.398MB/4.398MB
 e8c6d4883897 Pull complete 
 648eb81b3252 Extracting [==================================================>]  1.561kB/1.561kB
 648eb81b3252 Extracting [==================================================>]  1.561kB/1.561kB
 e0d55fdb4d15 Extracting [>                                                  ]  557.1kB/109MB
 648eb81b3252 Pull complete 
 3fadc669ef11 Extracting [========================================>          ]  35.32MB/43.48MB
 eb77aa907276 Extracting [>                                                  ]  557.1kB/907.7MB
 e0d55fdb4d15 Extracting [==>                                                ]  6.128MB/109MB
 3fadc669ef11 Extracting [==============================================>    ]  40.83MB/43.48MB
 3fadc669ef11 Extracting [==================================================>]  43.48MB/43.48MB
 eb77aa907276 Extracting [>                                                  ]  14.48MB/907.7MB
 3fadc669ef11 Pull complete 
 7084ac8f4ab6 Extracting [>                                                  ]   98.3kB/7.468MB
 e0d55fdb4d15 Extracting [===>                                               ]  8.356MB/109MB
 eb77aa907276 Extracting [=>                                                 ]  30.08MB/907.7MB
 7084ac8f4ab6 Extracting [===============>                                   ]  2.359MB/7.468MB
 e0d55fdb4d15 Extracting [====>                                              ]  10.58MB/109MB
 eb77aa907276 Extracting [==>                                                ]  45.12MB/907.7MB
 7084ac8f4ab6 Extracting [==============================================>    ]   6.98MB/7.468MB
 7084ac8f4ab6 Extracting [==================================================>]  7.468MB/7.468MB
 e0d55fdb4d15 Extracting [======>                                            ]  13.37MB/109MB
 7084ac8f4ab6 Pull complete 
 beb0d870d438 Extracting [==================================================>]  9.462kB/9.462kB
 beb0d870d438 Extracting [==================================================>]  9.462kB/9.462kB
 eb77aa907276 Extracting [===>                                               ]   59.6MB/907.7MB
 beb0d870d438 Pull complete 
 d63c4408fdb7 Extracting [>                                                  ]  229.4kB/21.31MB
 e0d55fdb4d15 Extracting [=======>                                           ]  16.71MB/109MB
 eb77aa907276 Extracting [====>                                              ]  74.09MB/907.7MB
 d63c4408fdb7 Extracting [=======>                                           ]  3.211MB/21.31MB
 e0d55fdb4d15 Extracting [=========>                                         ]  20.05MB/109MB
 eb77aa907276 Extracting [====>                                              ]  81.89MB/907.7MB
 d63c4408fdb7 Extracting [==================>                                ]  7.799MB/21.31MB
 e0d55fdb4d15 Extracting [==========>                                        ]  23.95MB/109MB
 eb77aa907276 Extracting [=====>                                             ]  91.91MB/907.7MB
 d63c4408fdb7 Extracting [=======================>                           ]  9.863MB/21.31MB
 e0d55fdb4d15 Extracting [============>                                      ]  27.85MB/109MB
 eb77aa907276 Extracting [=====>                                             ]  98.04MB/907.7MB
 d63c4408fdb7 Extracting [=============================>                     ]  12.62MB/21.31MB
 e0d55fdb4d15 Extracting [================>                                  ]  35.09MB/109MB
 eb77aa907276 Extracting [=====>                                             ]  103.6MB/907.7MB
 d63c4408fdb7 Extracting [==================================>                ]  14.68MB/21.31MB
 e0d55fdb4d15 Extracting [===================>                               ]  41.78MB/109MB
 eb77aa907276 Extracting [======>                                            ]  109.7MB/907.7MB
 e0d55fdb4d15 Extracting [======================>                            ]  49.02MB/109MB
 d63c4408fdb7 Extracting [=====================================>             ]  15.83MB/21.31MB
 eb77aa907276 Extracting [======>                                            ]  116.4MB/907.7MB
 e0d55fdb4d15 Extracting [========================>                          ]  52.36MB/109MB
 d63c4408fdb7 Extracting [========================================>          ]   17.2MB/21.31MB
 eb77aa907276 Extracting [======>                                            ]  123.1MB/907.7MB
 e0d55fdb4d15 Extracting [=========================>                         ]  55.71MB/109MB
 d63c4408fdb7 Extracting [===========================================>       ]  18.35MB/21.31MB
 eb77aa907276 Extracting [=======>                                           ]  129.2MB/907.7MB
 e0d55fdb4d15 Extracting [===========================>                       ]   59.6MB/109MB
 d63c4408fdb7 Extracting [================================================>  ]  20.64MB/21.31MB
 eb77aa907276 Extracting [=======>                                           ]  134.8MB/907.7MB
 e0d55fdb4d15 Extracting [==============================>                    ]  66.85MB/109MB
 eb77aa907276 Extracting [=======>                                           ]  140.4MB/907.7MB
 e0d55fdb4d15 Extracting [=================================>                 ]  74.09MB/109MB
 d63c4408fdb7 Extracting [================================================>  ]  20.87MB/21.31MB
 eb77aa907276 Extracting [========>                                          ]  145.9MB/907.7MB
 d63c4408fdb7 Extracting [==================================================>]  21.31MB/21.31MB
 e0d55fdb4d15 Extracting [====================================>              ]  80.22MB/109MB
 eb77aa907276 Extracting [========>                                          ]  150.4MB/907.7MB
 e0d55fdb4d15 Extracting [=======================================>           ]   86.9MB/109MB
 eb77aa907276 Extracting [========>                                          ]  157.6MB/907.7MB
 eb77aa907276 Extracting [========>                                          ]  158.8MB/907.7MB
 e0d55fdb4d15 Extracting [==========================================>        ]  92.47MB/109MB
 eb77aa907276 Extracting [=========>                                         ]  176.6MB/907.7MB
 e0d55fdb4d15 Extracting [===========================================>       ]  95.26MB/109MB
 eb77aa907276 Extracting [==========>                                        ]  193.9MB/907.7MB
 e0d55fdb4d15 Extracting [============================================>      ]  96.93MB/109MB
 eb77aa907276 Extracting [===========>                                       ]  205.6MB/907.7MB
 eb77aa907276 Extracting [===========>                                       ]  207.8MB/907.7MB
 eb77aa907276 Extracting [===========>                                       ]    210MB/907.7MB
 e0d55fdb4d15 Extracting [============================================>      ]  98.04MB/109MB
 eb77aa907276 Extracting [===========>                                       ]  212.2MB/907.7MB
 d63c4408fdb7 Pull complete 
 efa05c660812 Extracting [==================================================>]     189B/189B
 efa05c660812 Extracting [==================================================>]     189B/189B
 e0d55fdb4d15 Extracting [=============================================>     ]  99.16MB/109MB
 efa05c660812 Pull complete 
 eb77aa907276 Extracting [===========>                                       ]  215.6MB/907.7MB
 f4e7f62f4b80 Extracting [==================================================>]     109B/109B
 f4e7f62f4b80 Extracting [==================================================>]     109B/109B
 f4e7f62f4b80 Pull complete 
 5e1c03b67a78 Extracting [==================================================>]     620B/620B
 5e1c03b67a78 Extracting [==================================================>]     620B/620B
 5e1c03b67a78 Pull complete 
 14e6209d5fa8 Extracting [==================================================>]     833B/833B
 14e6209d5fa8 Extracting [==================================================>]     833B/833B
 14e6209d5fa8 Pull complete 
 d686b50ce172 Extracting [>                                                  ]  131.1kB/12.47MB
 eb77aa907276 Extracting [============>                                      ]  224.5MB/907.7MB
 e0d55fdb4d15 Extracting [==============================================>    ]  101.4MB/109MB
 d686b50ce172 Extracting [===============>                                   ]  3.801MB/12.47MB
 eb77aa907276 Extracting [============>                                      ]  231.7MB/907.7MB
 d686b50ce172 Extracting [=======================>                           ]  5.767MB/12.47MB
 eb77aa907276 Extracting [=============>                                     ]    239MB/907.7MB
 e0d55fdb4d15 Extracting [===============================================>   ]  103.6MB/109MB
 d686b50ce172 Extracting [==========================>                        ]  6.685MB/12.47MB
 eb77aa907276 Extracting [=============>                                     ]    249MB/907.7MB
 e0d55fdb4d15 Extracting [================================================>  ]  105.3MB/109MB
 d686b50ce172 Extracting [================================>                  ]  8.126MB/12.47MB
 eb77aa907276 Extracting [==============>                                    ]  262.9MB/907.7MB
 e0d55fdb4d15 Extracting [================================================>  ]  106.4MB/109MB
 d686b50ce172 Extracting [=======================================>           ]  9.961MB/12.47MB
 eb77aa907276 Extracting [===============>                                   ]    278MB/907.7MB
 d686b50ce172 Extracting [============================================>      ]  11.14MB/12.47MB
 eb77aa907276 Extracting [================>                                  ]    298MB/907.7MB
 d686b50ce172 Extracting [==================================================>]  12.47MB/12.47MB
 eb77aa907276 Extracting [=================>                                 ]  313.1MB/907.7MB
 e0d55fdb4d15 Extracting [=================================================> ]  107.5MB/109MB
 eb77aa907276 Extracting [==================>                                ]    327MB/907.7MB
 eb77aa907276 Extracting [==================>                                ]  342.6MB/907.7MB
 e0d55fdb4d15 Extracting [=================================================> ]  108.6MB/109MB
 d686b50ce172 Pull complete 
 rabbitmq Pulled 
 eb77aa907276 Extracting [===================>                               ]  352.1MB/907.7MB
 e0d55fdb4d15 Extracting [==================================================>]    109MB/109MB
 eb77aa907276 Extracting [===================>                               ]  362.1MB/907.7MB
 e0d55fdb4d15 Pull complete 
 c1cb13b19080 Extracting [==================================================>]  9.925kB/9.925kB
 c1cb13b19080 Extracting [==================================================>]  9.925kB/9.925kB
 c1cb13b19080 Pull complete 
 873532e5f8c7 Extracting [==================================================>]     128B/128B
 873532e5f8c7 Extracting [==================================================>]     128B/128B
 873532e5f8c7 Pull complete 
 050d9f8c3b1c Extracting [==================================================>]     169B/169B
 050d9f8c3b1c Extracting [==================================================>]     169B/169B
 050d9f8c3b1c Pull complete 
 710e142705f8 Extracting [==================================================>]  5.421kB/5.421kB
 710e142705f8 Extracting [==================================================>]  5.421kB/5.421kB
 710e142705f8 Pull complete 
 cb628c265f09 Extracting [==================================================>]     184B/184B
 cb628c265f09 Extracting [==================================================>]     184B/184B
 cb628c265f09 Pull complete 
 postgresql Pulled 
 eb77aa907276 Extracting [====================>                              ]  368.2MB/907.7MB
 eb77aa907276 Extracting [====================>                              ]  377.1MB/907.7MB
 eb77aa907276 Extracting [=====================>                             ]  397.7MB/907.7MB
 eb77aa907276 Extracting [=======================>                           ]  422.2MB/907.7MB
 eb77aa907276 Extracting [========================>                          ]  449.5MB/907.7MB
 eb77aa907276 Extracting [==========================>                        ]  477.4MB/907.7MB
 eb77aa907276 Extracting [===========================>                       ]  505.8MB/907.7MB
 eb77aa907276 Extracting [=============================>                     ]  533.7MB/907.7MB
 eb77aa907276 Extracting [==============================>                    ]  562.6MB/907.7MB
 eb77aa907276 Extracting [================================>                  ]  588.8MB/907.7MB
 eb77aa907276 Extracting [=================================>                 ]    615MB/907.7MB
 eb77aa907276 Extracting [===================================>               ]  642.8MB/907.7MB
 eb77aa907276 Extracting [====================================>              ]  670.1MB/907.7MB
 eb77aa907276 Extracting [======================================>            ]    698MB/907.7MB
 eb77aa907276 Extracting [=======================================>           ]  722.5MB/907.7MB
 eb77aa907276 Extracting [=========================================>         ]  746.5MB/907.7MB
 eb77aa907276 Extracting [==========================================>        ]  767.6MB/907.7MB
 eb77aa907276 Extracting [===========================================>       ]  788.8MB/907.7MB
 eb77aa907276 Extracting [============================================>      ]    810MB/907.7MB
 eb77aa907276 Extracting [=============================================>     ]  831.1MB/907.7MB
 eb77aa907276 Extracting [==============================================>    ]  852.3MB/907.7MB
 eb77aa907276 Extracting [================================================>  ]  872.9MB/907.7MB
 eb77aa907276 Extracting [=================================================> ]  895.7MB/907.7MB
 eb77aa907276 Extracting [==================================================>]  907.7MB/907.7MB
 eb77aa907276 Pull complete 
 4f4fb700ef54 Extracting [==================================================>]      32B/32B
 4f4fb700ef54 Extracting [==================================================>]      32B/32B
 4f4fb700ef54 Pull complete 
 0ffa8f8aba1e Extracting [==================================================>]     226B/226B
 0ffa8f8aba1e Extracting [==================================================>]     226B/226B
 0ffa8f8aba1e Pull complete 
 2e81b9cb93cd Extracting [==================================================>]  1.859kB/1.859kB
 2e81b9cb93cd Extracting [==================================================>]  1.859kB/1.859kB
 2e81b9cb93cd Pull complete 
 opensearch Pulled 
 Network docker_services_cli_default  Creating
 Network docker_services_cli_default  Created
 Container docker_services_cli-rabbitmq-1  Creating
 Container docker_services_cli-redis-1  Creating
 Container docker_services_cli-opensearch-1  Creating
 Container docker_services_cli-postgresql-1  Creating
 Container docker_services_cli-redis-1  Created
 Container docker_services_cli-postgresql-1  Created
 Container docker_services_cli-rabbitmq-1  Created
 Container docker_services_cli-opensearch-1  Created
 Container docker_services_cli-postgresql-1  Starting
 Container docker_services_cli-opensearch-1  Starting
 Container docker_services_cli-redis-1  Starting
 Container docker_services_cli-rabbitmq-1  Starting
 Container docker_services_cli-redis-1  Started
 Container docker_services_cli-postgresql-1  Started
 Container docker_services_cli-rabbitmq-1  Started
 Container docker_services_cli-opensearch-1  Started
::warning file=/home/runner/work/test-zip-extract-repository/test-zip-extract-repository/workdir/tests/invenio-records-rest/original/.venv/lib/python3.14/site-packages/webargs/compat.py,line=8::The '__version__' attribute is deprecated and will be removed in in a future version. Use feature detection or 'importlib.metadata.version("marshmallow")' instead.
::warning file=/home/runner/work/test-zip-extract-repository/test-zip-extract-repository/workdir/tests/invenio-records-rest/original/.venv/lib/python3.14/site-packages/webargs/compat.py,line=8::distutils Version classes are deprecated. Use packaging.version instead.
::warning file=/home/runner/work/test-zip-extract-repository/test-zip-extract-repository/workdir/tests/invenio-records-rest/original/.venv/lib/python3.14/site-packages/webargs/__init__.py,line=13::distutils Version classes are deprecated. Use packaging.version instead.
============================= test session starts ==============================
platform linux -- Python 3.14.2, pytest-8.4.2, pluggy-1.6.0
rootdir: /home/runner/work/test-zip-extract-repository/test-zip-extract-repository/workdir/tests/invenio-records-rest/original
configfile: setup.cfg
testpaths: docs, tests, invenio_records_rest
plugins: github-actions-annotate-failures-0.3.0, black-0.6.0, pycodestyle-2.5.0, flask-1.3.0, isort-4.0.0, cov-7.0.0, invenio-4.0.0, pydocstyle-2.4.0
collected 131 items
::warning file=/home/runner/work/test-zip-extract-repository/test-zip-extract-repository/workdir/tests/invenio-records-rest/original/.venv/lib/python3.14/site-packages/datacite/rest_client.py,line=23::Implicit imports (e.g., 'import idutils; idutils.function;') might be removed in the next major version. Please use explicit imports (e.g., 'from idutils import function;') instead.
::warning file=/home/runner/work/test-zip-extract-repository/test-zip-extract-repository/workdir/tests/invenio-records-rest/original/.venv/lib/python3.14/site-packages/datacite/jsonutils.py,line=15::jsonschema.RefResolver is deprecated as of v4.18.0, in favor of the https://github.com/python-jsonschema/referencing library, which provides more compliant referencing behavior as well as more flexible APIs for customization. A future release will remove RefResolver. Please file a feature request (on referencing) if you are missing an API for the kind of customization you need.
::warning file=/home/runner/work/test-zip-extract-repository/test-zip-extract-repository/workdir/tests/invenio-records-rest/original/.venv/lib/python3.14/site-packages/datacite/jsonutils.py,line=15::jsonschema.RefResolver is deprecated as of v4.18.0, in favor of the https://github.com/python-jsonschema/referencing library, which provides more compliant referencing behavior as well as more flexible APIs for customization. A future release will remove RefResolver. Please file a feature request (on referencing) if you are missing an API for the kind of customization you need.
::warning file=/home/runner/work/test-zip-extract-repository/test-zip-extract-repository/workdir/tests/invenio-records-rest/original/.venv/lib/python3.14/site-packages/pyld/jsonld.py,line=4413::"\?" is an invalid escape sequence. Such sequences will not work in the future. Did you mean "\\?"? A raw string is also an option.
::warning file=/home/runner/work/test-zip-extract-repository/test-zip-extract-repository/workdir/tests/invenio-records-rest/original/.venv/lib/python3.14/site-packages/pyld/jsonld.py,line=577::"is" with 'int' literal. Did you mean "=="?

tests/test_custom_endpoints.py .::warning file=/home/runner/work/test-zip-extract-repository/test-zip-extract-repository/workdir/tests/invenio-records-rest/original/.venv/lib/python3.14/site-packages/invenio_rest/ext.py,line=29::CSRF validation will be enabled by default in the version 1.3.x
::warning file=/home/runner/work/test-zip-extract-repository/test-zip-extract-repository/workdir/tests/invenio-records-rest/original/.venv/lib/python3.14/site-packages/invenio_config/default.py,line=76::Set configuration variable SECRET_KEY with random string
::warning file=/home/runner/work/test-zip-extract-repository/test-zip-extract-repository/workdir/tests/invenio-records-rest/original/.venv/lib/python3.14/site-packages/invenio_records/api.py,line=334::nested transaction already deassociated from connection
::warning file=/home/runner/work/test-zip-extract-repository/test-zip-extract-repository/workdir/tests/invenio-records-rest/original/tests/helpers.py,line=30::nested transaction already deassociated from connection
.::warning file=/home/runner/work/test-zip-extract-repository/test-zip-extract-repository/workdir/tests/invenio-records-rest/original/.venv/lib/python3.14/site-packages/invenio_rest/ext.py,line=29::CSRF validation will be enabled by default in the version 1.3.x
::warning file=/home/runner/work/test-zip-extract-repository/test-zip-extract-repository/workdir/tests/invenio-records-rest/original/.venv/lib/python3.14/site-packages/invenio_config/default.py,line=76::Set configuration variable SECRET_KEY with random string
::warning file=/home/runner/work/test-zip-extract-repository/test-zip-extract-repository/workdir/tests/invenio-records-rest/original/.venv/lib/python3.14/site-packages/invenio_records/api.py,line=334::nested transaction already deassociated from connection
::warning file=/home/runner/work/test-zip-extract-repository/test-zip-extract-repository/workdir/tests/invenio-records-rest/original/tests/helpers.py,line=30::nested transaction already deassociated from connection
                                        [  1%]
tests/test_custom_fields.py .::warning file=/home/runner/work/test-zip-extract-repository/test-zip-extract-repository/workdir/tests/invenio-records-rest/original/.venv/lib/python3.14/site-packages/invenio_rest/ext.py,line=29::CSRF validation will be enabled by default in the version 1.3.x
::warning file=/home/runner/work/test-zip-extract-repository/test-zip-extract-repository/workdir/tests/invenio-records-rest/original/.venv/lib/python3.14/site-packages/invenio_config/default.py,line=76::Set configuration variable SECRET_KEY with random string
.                                           [  3%]
tests/test_error_handlers.py .::warning file=/home/runner/work/test-zip-extract-repository/test-zip-extract-repository/workdir/tests/invenio-records-rest/original/.venv/lib/python3.14/site-packages/invenio_rest/ext.py,line=29::CSRF validation will be enabled by default in the version 1.3.x
::warning file=/home/runner/work/test-zip-extract-repository/test-zip-extract-repository/workdir/tests/invenio-records-rest/original/.venv/lib/python3.14/site-packages/invenio_config/default.py,line=76::Set configuration variable SECRET_KEY with random string
                                           [  3%]
tests/test_ext.py ..                                                     [  5%]
tests/test_facets.py ....::warning file=/home/runner/work/test-zip-extract-repository/test-zip-extract-repository/workdir/tests/invenio-records-rest/original/.venv/lib/python3.14/site-packages/invenio_rest/ext.py,line=29::CSRF validation will be enabled by default in the version 1.3.x
::warning file=/home/runner/work/test-zip-extract-repository/test-zip-extract-repository/workdir/tests/invenio-records-rest/original/.venv/lib/python3.14/site-packages/invenio_config/default.py,line=76::Set configuration variable SECRET_KEY with random string
.::warning file=/home/runner/work/test-zip-extract-repository/test-zip-extract-repository/workdir/tests/invenio-records-rest/original/.venv/lib/python3.14/site-packages/invenio_rest/ext.py,line=29::CSRF validation will be enabled by default in the version 1.3.x
::warning file=/home/runner/work/test-zip-extract-repository/test-zip-extract-repository/workdir/tests/invenio-records-rest/original/.venv/lib/python3.14/site-packages/invenio_config/default.py,line=76::Set configuration variable SECRET_KEY with random string
.::warning file=/home/runner/work/test-zip-extract-repository/test-zip-extract-repository/workdir/tests/invenio-records-rest/original/.venv/lib/python3.14/site-packages/invenio_rest/ext.py,line=29::CSRF validation will be enabled by default in the version 1.3.x
::warning file=/home/runner/work/test-zip-extract-repository/test-zip-extract-repository/workdir/tests/invenio-records-rest/original/.venv/lib/python3.14/site-packages/invenio_config/default.py,line=76::Set configuration variable SECRET_KEY with random string
.::warning file=/home/runner/work/test-zip-extract-repository/test-zip-extract-repository/workdir/tests/invenio-records-rest/original/.venv/lib/python3.14/site-packages/invenio_rest/ext.py,line=29::CSRF validation will be enabled by default in the version 1.3.x
::warning file=/home/runner/work/test-zip-extract-repository/test-zip-extract-repository/workdir/tests/invenio-records-rest/original/.venv/lib/python3.14/site-packages/invenio_config/default.py,line=76::Set configuration variable SECRET_KEY with random string
.::warning file=/home/runner/work/test-zip-extract-repository/test-zip-extract-repository/workdir/tests/invenio-records-rest/original/.venv/lib/python3.14/site-packages/invenio_rest/ext.py,line=29::CSRF validation will be enabled by default in the version 1.3.x
::warning file=/home/runner/work/test-zip-extract-repository/test-zip-extract-repository/workdir/tests/invenio-records-rest/original/.venv/lib/python3.14/site-packages/invenio_config/default.py,line=76::Set configuration variable SECRET_KEY with random string
.::warning file=/home/runner/work/test-zip-extract-repository/test-zip-extract-repository/workdir/tests/invenio-records-rest/original/.venv/lib/python3.14/site-packages/invenio_rest/ext.py,line=29::CSRF validation will be enabled by default in the version 1.3.x
::warning file=/home/runner/work/test-zip-extract-repository/test-zip-extract-repository/workdir/tests/invenio-records-rest/original/.venv/lib/python3.14/site-packages/invenio_config/default.py,line=76::Set configuration variable SECRET_KEY with random string
.::warning file=/home/runner/work/test-zip-extract-repository/test-zip-extract-repository/workdir/tests/invenio-records-rest/original/.venv/lib/python3.14/site-packages/invenio_rest/ext.py,line=29::CSRF validation will be enabled by default in the version 1.3.x
::warning file=/home/runner/work/test-zip-extract-repository/test-zip-extract-repository/workdir/tests/invenio-records-rest/original/.venv/lib/python3.14/site-packages/invenio_config/default.py,line=76::Set configuration variable SECRET_KEY with random string
.::warning file=/home/runner/work/test-zip-extract-repository/test-zip-extract-repository/workdir/tests/invenio-records-rest/original/.venv/lib/python3.14/site-packages/invenio_rest/ext.py,line=29::CSRF validation will be enabled by default in the version 1.3.x
::warning file=/home/runner/work/test-zip-extract-repository/test-zip-extract-repository/workdir/tests/invenio-records-rest/original/.venv/lib/python3.14/site-packages/invenio_config/default.py,line=76::Set configuration variable SECRET_KEY with random string
                                         [ 13%]
tests/test_index_prefixing.py .::warning file=/home/runner/work/test-zip-extract-repository/test-zip-extract-repository/workdir/tests/invenio-records-rest/original/.venv/lib/python3.14/site-packages/invenio_rest/ext.py,line=29::CSRF validation will be enabled by default in the version 1.3.x
::warning file=/home/runner/work/test-zip-extract-repository/test-zip-extract-repository/workdir/tests/invenio-records-rest/original/.venv/lib/python3.14/site-packages/invenio_config/default.py,line=76::Set configuration variable SECRET_KEY with random string
.::warning file=/home/runner/work/test-zip-extract-repository/test-zip-extract-repository/workdir/tests/invenio-records-rest/original/.venv/lib/python3.14/site-packages/invenio_rest/ext.py,line=29::CSRF validation will be enabled by default in the version 1.3.x
::warning file=/home/runner/work/test-zip-extract-repository/test-zip-extract-repository/workdir/tests/invenio-records-rest/original/.venv/lib/python3.14/site-packages/invenio_config/default.py,line=76::Set configuration variable SECRET_KEY with random string
::warning file=/home/runner/work/test-zip-extract-repository/test-zip-extract-repository/workdir/tests/invenio-records-rest/original/.venv/lib/python3.14/site-packages/invenio_records/api.py,line=334::nested transaction already deassociated from connection
::warning file=/home/runner/work/test-zip-extract-repository/test-zip-extract-repository/workdir/tests/invenio-records-rest/original/.venv/lib/python3.14/site-packages/invenio_records/api.py,line=495::nested transaction already deassociated from connection
                                         [ 15%]
tests/test_links.py .::warning file=/home/runner/work/test-zip-extract-repository/test-zip-extract-repository/workdir/tests/invenio-records-rest/original/.venv/lib/python3.14/site-packages/invenio_rest/ext.py,line=29::CSRF validation will be enabled by default in the version 1.3.x
::warning file=/home/runner/work/test-zip-extract-repository/test-zip-extract-repository/workdir/tests/invenio-records-rest/original/.venv/lib/python3.14/site-packages/invenio_config/default.py,line=76::Set configuration variable SECRET_KEY with random string
::warning file=/home/runner/work/test-zip-extract-repository/test-zip-extract-repository/workdir/tests/invenio-records-rest/original/.venv/lib/python3.14/site-packages/invenio_records/api.py,line=334::nested transaction already deassociated from connection
::warning file=/home/runner/work/test-zip-extract-repository/test-zip-extract-repository/workdir/tests/invenio-records-rest/original/tests/helpers.py,line=30::nested transaction already deassociated from connection
.::warning file=/home/runner/work/test-zip-extract-repository/test-zip-extract-repository/workdir/tests/invenio-records-rest/original/.venv/lib/python3.14/site-packages/invenio_rest/ext.py,line=29::CSRF validation will be enabled by default in the version 1.3.x
::warning file=/home/runner/work/test-zip-extract-repository/test-zip-extract-repository/workdir/tests/invenio-records-rest/original/.venv/lib/python3.14/site-packages/invenio_config/default.py,line=76::Set configuration variable SECRET_KEY with random string
::warning file=/home/runner/work/test-zip-extract-repository/test-zip-extract-repository/workdir/tests/invenio-records-rest/original/.venv/lib/python3.14/site-packages/invenio_records/api.py,line=334::nested transaction already deassociated from connection
::warning file=/home/runner/work/test-zip-extract-repository/test-zip-extract-repository/workdir/tests/invenio-records-rest/original/tests/helpers.py,line=30::nested transaction already deassociated from connection
                                                   [ 16%]
tests/test_marshmallow_contrib.py ...                                    [ 19%]
tests/test_marshmallow_loader.py .::warning file=/home/runner/work/test-zip-extract-repository/test-zip-extract-repository/workdir/tests/invenio-records-rest/original/.venv/lib/python3.14/site-packages/invenio_rest/ext.py,line=29::CSRF validation will be enabled by default in the version 1.3.x
::warning file=/home/runner/work/test-zip-extract-repository/test-zip-extract-repository/workdir/tests/invenio-records-rest/original/.venv/lib/python3.14/site-packages/invenio_config/default.py,line=76::Set configuration variable SECRET_KEY with random string
::warning file=/home/runner/work/test-zip-extract-repository/test-zip-extract-repository/workdir/tests/invenio-records-rest/original/.venv/lib/python3.14/site-packages/invenio_records/api.py,line=334::nested transaction already deassociated from connection
::warning file=/home/runner/work/test-zip-extract-repository/test-zip-extract-repository/workdir/tests/invenio-records-rest/original/.venv/lib/python3.14/site-packages/invenio_records/api.py,line=442::nested transaction already deassociated from connection
.::warning file=/home/runner/work/test-zip-extract-repository/test-zip-extract-repository/workdir/tests/invenio-records-rest/original/.venv/lib/python3.14/site-packages/invenio_rest/ext.py,line=29::CSRF validation will be enabled by default in the version 1.3.x
::warning file=/home/runner/work/test-zip-extract-repository/test-zip-extract-repository/workdir/tests/invenio-records-rest/original/.venv/lib/python3.14/site-packages/invenio_config/default.py,line=76::Set configuration variable SECRET_KEY with random string
.::warning file=/home/runner/work/test-zip-extract-repository/test-zip-extract-repository/workdir/tests/invenio-records-rest/original/.venv/lib/python3.14/site-packages/invenio_rest/ext.py,line=29::CSRF validation will be enabled by default in the version 1.3.x
::warning file=/home/runner/work/test-zip-extract-repository/test-zip-extract-repository/workdir/tests/invenio-records-rest/original/.venv/lib/python3.14/site-packages/invenio_config/default.py,line=76::Set configuration variable SECRET_KEY with random string
.::warning file=/home/runner/work/test-zip-extract-repository/test-zip-extract-repository/workdir/tests/invenio-records-rest/original/.venv/lib/python3.14/site-packages/invenio_rest/ext.py,line=29::CSRF validation will be enabled by default in the version 1.3.x
::warning file=/home/runner/work/test-zip-extract-repository/test-zip-extract-repository/workdir/tests/invenio-records-rest/original/.venv/lib/python3.14/site-packages/invenio_config/default.py,line=76::Set configuration variable SECRET_KEY with random string
..::warning file=/home/runner/work/test-zip-extract-repository/test-zip-extract-repository/workdir/tests/invenio-records-rest/original/.venv/lib/python3.14/site-packages/invenio_rest/ext.py,line=29::CSRF validation will be enabled by default in the version 1.3.x
::warning file=/home/runner/work/test-zip-extract-repository/test-zip-extract-repository/workdir/tests/invenio-records-rest/original/.venv/lib/python3.14/site-packages/invenio_config/default.py,line=76::Set configuration variable SECRET_KEY with random string
::warning file=/home/runner/work/test-zip-extract-repository/test-zip-extract-repository/workdir/tests/invenio-records-rest/original/.venv/lib/python3.14/site-packages/invenio_records/api.py,line=334::nested transaction already deassociated from connection
                                  [ 23%]
tests/test_permissions.py .::warning file=/home/runner/work/test-zip-extract-repository/test-zip-extract-repository/workdir/tests/invenio-records-rest/original/.venv/lib/python3.14/site-packages/invenio_rest/ext.py,line=29::CSRF validation will be enabled by default in the version 1.3.x
::warning file=/home/runner/work/test-zip-extract-repository/test-zip-extract-repository/workdir/tests/invenio-records-rest/original/.venv/lib/python3.14/site-packages/invenio_config/default.py,line=76::Set configuration variable SECRET_KEY with random string
::warning file=/home/runner/work/test-zip-extract-repository/test-zip-extract-repository/workdir/tests/invenio-records-rest/original/.venv/lib/python3.14/site-packages/invenio_records/api.py,line=334::nested transaction already deassociated from connection
::warning file=/home/runner/work/test-zip-extract-repository/test-zip-extract-repository/workdir/tests/invenio-records-rest/original/tests/helpers.py,line=30::nested transaction already deassociated from connection
                                              [ 24%]
tests/test_pid_resolver.py .::warning file=/home/runner/work/test-zip-extract-repository/test-zip-extract-repository/workdir/tests/invenio-records-rest/original/.venv/lib/python3.14/site-packages/invenio_rest/ext.py,line=29::CSRF validation will be enabled by default in the version 1.3.x
::warning file=/home/runner/work/test-zip-extract-repository/test-zip-extract-repository/workdir/tests/invenio-records-rest/original/.venv/lib/python3.14/site-packages/invenio_config/default.py,line=76::Set configuration variable SECRET_KEY with random string
::warning file=/home/runner/work/test-zip-extract-repository/test-zip-extract-repository/workdir/tests/invenio-records-rest/original/.venv/lib/python3.14/site-packages/invenio_records/api.py,line=334::nested transaction already deassociated from connection
::warning file=/home/runner/work/test-zip-extract-repository/test-zip-extract-repository/workdir/tests/invenio-records-rest/original/tests/helpers.py,line=30::nested transaction already deassociated from connection
                                             [ 25%]
tests/test_serializer_base.py .::warning file=/home/runner/work/test-zip-extract-repository/test-zip-extract-repository/workdir/tests/invenio-records-rest/original/.venv/lib/python3.14/site-packages/invenio_rest/ext.py,line=29::CSRF validation will be enabled by default in the version 1.3.x
::warning file=/home/runner/work/test-zip-extract-repository/test-zip-extract-repository/workdir/tests/invenio-records-rest/original/.venv/lib/python3.14/site-packages/invenio_config/default.py,line=76::Set configuration variable SECRET_KEY with random string
::warning file=/home/runner/work/test-zip-extract-repository/test-zip-extract-repository/workdir/tests/invenio-records-rest/original/.venv/lib/python3.14/site-packages/invenio_records/api.py,line=334::nested transaction already deassociated from connection
::warning file=/home/runner/work/test-zip-extract-repository/test-zip-extract-repository/workdir/tests/invenio-records-rest/original/tests/helpers.py,line=30::nested transaction already deassociated from connection
.                                         [ 26%]
tests/test_serializer_citeproc.py ....::warning file=/home/runner/work/test-zip-extract-repository/test-zip-extract-repository/workdir/tests/invenio-records-rest/original/.venv/lib/python3.14/site-packages/invenio_rest/ext.py,line=29::CSRF validation will be enabled by default in the version 1.3.x
::warning file=/home/runner/work/test-zip-extract-repository/test-zip-extract-repository/workdir/tests/invenio-records-rest/original/.venv/lib/python3.14/site-packages/invenio_config/default.py,line=76::Set configuration variable SECRET_KEY with random string
                                   [ 29%]
tests/test_serializer_csv.py ...                                         [ 32%]
tests/test_serializer_datacite.py ....                                   [ 35%]
tests/test_serializer_dc.py ..                                           [ 36%]
tests/test_serializer_json.py ...::warning file=/home/runner/work/test-zip-extract-repository/test-zip-extract-repository/workdir/tests/invenio-records-rest/original/.venv/lib/python3.14/site-packages/invenio_rest/ext.py,line=29::CSRF validation will be enabled by default in the version 1.3.x
::warning file=/home/runner/work/test-zip-extract-repository/test-zip-extract-repository/workdir/tests/invenio-records-rest/original/.venv/lib/python3.14/site-packages/invenio_config/default.py,line=76::Set configuration variable SECRET_KEY with random string
                                        [ 38%]
tests/test_serializer_jsonld.py ..                                       [ 40%]
tests/test_serializer_marshmallow.py ...                                 [ 42%]
tests/test_serializer_response.py .::warning file=/home/runner/work/test-zip-extract-repository/test-zip-extract-repository/workdir/tests/invenio-records-rest/original/.venv/lib/python3.14/site-packages/invenio_rest/ext.py,line=29::CSRF validation will be enabled by default in the version 1.3.x
::warning file=/home/runner/work/test-zip-extract-repository/test-zip-extract-repository/workdir/tests/invenio-records-rest/original/.venv/lib/python3.14/site-packages/invenio_config/default.py,line=76::Set configuration variable SECRET_KEY with random string
.::warning file=/home/runner/work/test-zip-extract-repository/test-zip-extract-repository/workdir/tests/invenio-records-rest/original/.venv/lib/python3.14/site-packages/invenio_rest/ext.py,line=29::CSRF validation will be enabled by default in the version 1.3.x
::warning file=/home/runner/work/test-zip-extract-repository/test-zip-extract-repository/workdir/tests/invenio-records-rest/original/.venv/lib/python3.14/site-packages/invenio_config/default.py,line=76::Set configuration variable SECRET_KEY with random string
                                     [ 44%]
tests/test_sorter.py ......::warning file=/home/runner/work/test-zip-extract-repository/test-zip-extract-repository/workdir/tests/invenio-records-rest/original/.venv/lib/python3.14/site-packages/invenio_rest/ext.py,line=29::CSRF validation will be enabled by default in the version 1.3.x
::warning file=/home/runner/work/test-zip-extract-repository/test-zip-extract-repository/workdir/tests/invenio-records-rest/original/.venv/lib/python3.14/site-packages/invenio_config/default.py,line=76::Set configuration variable SECRET_KEY with random string
.::warning file=/home/runner/work/test-zip-extract-repository/test-zip-extract-repository/workdir/tests/invenio-records-rest/original/.venv/lib/python3.14/site-packages/invenio_rest/ext.py,line=29::CSRF validation will be enabled by default in the version 1.3.x
::warning file=/home/runner/work/test-zip-extract-repository/test-zip-extract-repository/workdir/tests/invenio-records-rest/original/.venv/lib/python3.14/site-packages/invenio_config/default.py,line=76::Set configuration variable SECRET_KEY with random string
                                             [ 49%]
tests/test_utils.py .::warning file=/home/runner/work/test-zip-extract-repository/test-zip-extract-repository/workdir/tests/invenio-records-rest/original/.venv/lib/python3.14/site-packages/invenio_rest/ext.py,line=29::CSRF validation will be enabled by default in the version 1.3.x
::warning file=/home/runner/work/test-zip-extract-repository/test-zip-extract-repository/workdir/tests/invenio-records-rest/original/.venv/lib/python3.14/site-packages/invenio_config/default.py,line=76::Set configuration variable SECRET_KEY with random string
.::warning file=/home/runner/work/test-zip-extract-repository/test-zip-extract-repository/workdir/tests/invenio-records-rest/original/.venv/lib/python3.14/site-packages/invenio_rest/ext.py,line=29::CSRF validation will be enabled by default in the version 1.3.x
::warning file=/home/runner/work/test-zip-extract-repository/test-zip-extract-repository/workdir/tests/invenio-records-rest/original/.venv/lib/python3.14/site-packages/invenio_config/default.py,line=76::Set configuration variable SECRET_KEY with random string
.::warning file=/home/runner/work/test-zip-extract-repository/test-zip-extract-repository/workdir/tests/invenio-records-rest/original/.venv/lib/python3.14/site-packages/invenio_rest/ext.py,line=29::CSRF validation will be enabled by default in the version 1.3.x
::warning file=/home/runner/work/test-zip-extract-repository/test-zip-extract-repository/workdir/tests/invenio-records-rest/original/.venv/lib/python3.14/site-packages/invenio_config/default.py,line=76::Set configuration variable SECRET_KEY with random string
.::warning file=/home/runner/work/test-zip-extract-repository/test-zip-extract-repository/workdir/tests/invenio-records-rest/original/.venv/lib/python3.14/site-packages/invenio_rest/ext.py,line=29::CSRF validation will be enabled by default in the version 1.3.x
::warning file=/home/runner/work/test-zip-extract-repository/test-zip-extract-repository/workdir/tests/invenio-records-rest/original/.venv/lib/python3.14/site-packages/invenio_config/default.py,line=76::Set configuration variable SECRET_KEY with random string
.::warning file=/home/runner/work/test-zip-extract-repository/test-zip-extract-repository/workdir/tests/invenio-records-rest/original/.venv/lib/python3.14/site-packages/invenio_rest/ext.py,line=29::CSRF validation will be enabled by default in the version 1.3.x
::warning file=/home/runner/work/test-zip-extract-repository/test-zip-extract-repository/workdir/tests/invenio-records-rest/original/.venv/lib/python3.14/site-packages/invenio_config/default.py,line=76::Set configuration variable SECRET_KEY with random string
.::warning file=/home/runner/work/test-zip-extract-repository/test-zip-extract-repository/workdir/tests/invenio-records-rest/original/.venv/lib/python3.14/site-packages/invenio_rest/ext.py,line=29::CSRF validation will be enabled by default in the version 1.3.x
::warning file=/home/runner/work/test-zip-extract-repository/test-zip-extract-repository/workdir/tests/invenio-records-rest/original/.venv/lib/python3.14/site-packages/invenio_config/default.py,line=76::Set configuration variable SECRET_KEY with random string
                                               [ 54%]
tests/test_views_item_delete.py .::warning file=/home/runner/work/test-zip-extract-repository/test-zip-extract-repository/workdir/tests/invenio-records-rest/original/.venv/lib/python3.14/site-packages/invenio_rest/ext.py,line=29::CSRF validation will be enabled by default in the version 1.3.x
::warning file=/home/runner/work/test-zip-extract-repository/test-zip-extract-repository/workdir/tests/invenio-records-rest/original/.venv/lib/python3.14/site-packages/invenio_config/default.py,line=76::Set configuration variable SECRET_KEY with random string
::warning file=/home/runner/work/test-zip-extract-repository/test-zip-extract-repository/workdir/tests/invenio-records-rest/original/.venv/lib/python3.14/site-packages/invenio_records/api.py,line=334::nested transaction already deassociated from connection
::warning file=/home/runner/work/test-zip-extract-repository/test-zip-extract-repository/workdir/tests/invenio-records-rest/original/tests/helpers.py,line=30::nested transaction already deassociated from connection
::warning file=/home/runner/work/test-zip-extract-repository/test-zip-extract-repository/workdir/tests/invenio-records-rest/original/.venv/lib/python3.14/site-packages/invenio_records/api.py,line=495::nested transaction already deassociated from connection
.::warning file=/home/runner/work/test-zip-extract-repository/test-zip-extract-repository/workdir/tests/invenio-records-rest/original/.venv/lib/python3.14/site-packages/invenio_rest/ext.py,line=29::CSRF validation will be enabled by default in the version 1.3.x
::warning file=/home/runner/work/test-zip-extract-repository/test-zip-extract-repository/workdir/tests/invenio-records-rest/original/.venv/lib/python3.14/site-packages/invenio_config/default.py,line=76::Set configuration variable SECRET_KEY with random string
::warning file=/home/runner/work/test-zip-extract-repository/test-zip-extract-repository/workdir/tests/invenio-records-rest/original/.venv/lib/python3.14/site-packages/invenio_records/api.py,line=334::nested transaction already deassociated from connection
::warning file=/home/runner/work/test-zip-extract-repository/test-zip-extract-repository/workdir/tests/invenio-records-rest/original/tests/helpers.py,line=30::nested transaction already deassociated from connection
::warning file=/home/runner/work/test-zip-extract-repository/test-zip-extract-repository/workdir/tests/invenio-records-rest/original/.venv/lib/python3.14/site-packages/invenio_records/api.py,line=495::nested transaction already deassociated from connection
.::warning file=/home/runner/work/test-zip-extract-repository/test-zip-extract-repository/workdir/tests/invenio-records-rest/original/.venv/lib/python3.14/site-packages/invenio_rest/ext.py,line=29::CSRF validation will be enabled by default in the version 1.3.x
::warning file=/home/runner/work/test-zip-extract-repository/test-zip-extract-repository/workdir/tests/invenio-records-rest/original/.venv/lib/python3.14/site-packages/invenio_config/default.py,line=76::Set configuration variable SECRET_KEY with random string
::warning file=/home/runner/work/test-zip-extract-repository/test-zip-extract-repository/workdir/tests/invenio-records-rest/original/.venv/lib/python3.14/site-packages/invenio_records/api.py,line=334::nested transaction already deassociated from connection
::warning file=/home/runner/work/test-zip-extract-repository/test-zip-extract-repository/workdir/tests/invenio-records-rest/original/tests/helpers.py,line=30::nested transaction already deassociated from connection
.::warning file=/home/runner/work/test-zip-extract-repository/test-zip-extract-repository/workdir/tests/invenio-records-rest/original/.venv/lib/python3.14/site-packages/invenio_rest/ext.py,line=29::CSRF validation will be enabled by default in the version 1.3.x
::warning file=/home/runner/work/test-zip-extract-repository/test-zip-extract-repository/workdir/tests/invenio-records-rest/original/.venv/lib/python3.14/site-packages/invenio_config/default.py,line=76::Set configuration variable SECRET_KEY with random string
::warning file=/home/runner/work/test-zip-extract-repository/test-zip-extract-repository/workdir/tests/invenio-records-rest/original/.venv/lib/python3.14/site-packages/invenio_records/api.py,line=334::nested transaction already deassociated from connection
::warning file=/home/runner/work/test-zip-extract-repository/test-zip-extract-repository/workdir/tests/invenio-records-rest/original/tests/helpers.py,line=30::nested transaction already deassociated from connection
::warning file=/home/runner/work/test-zip-extract-repository/test-zip-extract-repository/workdir/tests/invenio-records-rest/original/.venv/lib/python3.14/site-packages/invenio_records/api.py,line=495::nested transaction already deassociated from connection
                                     [ 57%]
tests/test_views_item_get.py .::warning file=/home/runner/work/test-zip-extract-repository/test-zip-extract-repository/workdir/tests/invenio-records-rest/original/.venv/lib/python3.14/site-packages/invenio_rest/ext.py,line=29::CSRF validation will be enabled by default in the version 1.3.x
::warning file=/home/runner/work/test-zip-extract-repository/test-zip-extract-repository/workdir/tests/invenio-records-rest/original/.venv/lib/python3.14/site-packages/invenio_config/default.py,line=76::Set configuration variable SECRET_KEY with random string
::warning file=/home/runner/work/test-zip-extract-repository/test-zip-extract-repository/workdir/tests/invenio-records-rest/original/.venv/lib/python3.14/site-packages/invenio_records/api.py,line=334::nested transaction already deassociated from connection
::warning file=/home/runner/work/test-zip-extract-repository/test-zip-extract-repository/workdir/tests/invenio-records-rest/original/tests/helpers.py,line=30::nested transaction already deassociated from connection
.::warning file=/home/runner/work/test-zip-extract-repository/test-zip-extract-repository/workdir/tests/invenio-records-rest/original/.venv/lib/python3.14/site-packages/invenio_rest/ext.py,line=29::CSRF validation will be enabled by default in the version 1.3.x
::warning file=/home/runner/work/test-zip-extract-repository/test-zip-extract-repository/workdir/tests/invenio-records-rest/original/.venv/lib/python3.14/site-packages/invenio_config/default.py,line=76::Set configuration variable SECRET_KEY with random string
::warning file=/home/runner/work/test-zip-extract-repository/test-zip-extract-repository/workdir/tests/invenio-records-rest/original/.venv/lib/python3.14/site-packages/invenio_records/api.py,line=334::nested transaction already deassociated from connection
::warning file=/home/runner/work/test-zip-extract-repository/test-zip-extract-repository/workdir/tests/invenio-records-rest/original/tests/helpers.py,line=30::nested transaction already deassociated from connection
.::warning file=/home/runner/work/test-zip-extract-repository/test-zip-extract-repository/workdir/tests/invenio-records-rest/original/.venv/lib/python3.14/site-packages/invenio_rest/ext.py,line=29::CSRF validation will be enabled by default in the version 1.3.x
::warning file=/home/runner/work/test-zip-extract-repository/test-zip-extract-repository/workdir/tests/invenio-records-rest/original/.venv/lib/python3.14/site-packages/invenio_config/default.py,line=76::Set configuration variable SECRET_KEY with random string
::warning file=/home/runner/work/test-zip-extract-repository/test-zip-extract-repository/workdir/tests/invenio-records-rest/original/.venv/lib/python3.14/site-packages/invenio_records/api.py,line=334::nested transaction already deassociated from connection
::warning file=/home/runner/work/test-zip-extract-repository/test-zip-extract-repository/workdir/tests/invenio-records-rest/original/tests/helpers.py,line=30::nested transaction already deassociated from connection
.::warning file=/home/runner/work/test-zip-extract-repository/test-zip-extract-repository/workdir/tests/invenio-records-rest/original/.venv/lib/python3.14/site-packages/invenio_rest/ext.py,line=29::CSRF validation will be enabled by default in the version 1.3.x
::warning file=/home/runner/work/test-zip-extract-repository/test-zip-extract-repository/workdir/tests/invenio-records-rest/original/.venv/lib/python3.14/site-packages/invenio_config/default.py,line=76::Set configuration variable SECRET_KEY with random string
::warning file=/home/runner/work/test-zip-extract-repository/test-zip-extract-repository/workdir/tests/invenio-records-rest/original/.venv/lib/python3.14/site-packages/invenio_records/api.py,line=334::nested transaction already deassociated from connection
::warning file=/home/runner/work/test-zip-extract-repository/test-zip-extract-repository/workdir/tests/invenio-records-rest/original/tests/helpers.py,line=30::nested transaction already deassociated from connection
                                        [ 60%]
tests/test_views_item_patch.py .::warning file=/home/runner/work/test-zip-extract-repository/test-zip-extract-repository/workdir/tests/invenio-records-rest/original/.venv/lib/python3.14/site-packages/invenio_rest/ext.py,line=29::CSRF validation will be enabled by default in the version 1.3.x
::warning file=/home/runner/work/test-zip-extract-repository/test-zip-extract-repository/workdir/tests/invenio-records-rest/original/.venv/lib/python3.14/site-packages/invenio_config/default.py,line=76::Set configuration variable SECRET_KEY with random string
::warning file=/home/runner/work/test-zip-extract-repository/test-zip-extract-repository/workdir/tests/invenio-records-rest/original/.venv/lib/python3.14/site-packages/invenio_records/api.py,line=334::nested transaction already deassociated from connection
::warning file=/home/runner/work/test-zip-extract-repository/test-zip-extract-repository/workdir/tests/invenio-records-rest/original/tests/helpers.py,line=30::nested transaction already deassociated from connection
::warning file=/home/runner/work/test-zip-extract-repository/test-zip-extract-repository/workdir/tests/invenio-records-rest/original/.venv/lib/python3.14/site-packages/invenio_records/api.py,line=407::The patch() method is deprecated and will be removed.
::warning file=/home/runner/work/test-zip-extract-repository/test-zip-extract-repository/workdir/tests/invenio-records-rest/original/.venv/lib/python3.14/site-packages/invenio_records/api.py,line=407::The patch() method is deprecated and will be removed.
::warning file=/home/runner/work/test-zip-extract-repository/test-zip-extract-repository/workdir/tests/invenio-records-rest/original/.venv/lib/python3.14/site-packages/invenio_records/api.py,line=442::nested transaction already deassociated from connection
.::warning file=/home/runner/work/test-zip-extract-repository/test-zip-extract-repository/workdir/tests/invenio-records-rest/original/.venv/lib/python3.14/site-packages/invenio_rest/ext.py,line=29::CSRF validation will be enabled by default in the version 1.3.x
::warning file=/home/runner/work/test-zip-extract-repository/test-zip-extract-repository/workdir/tests/invenio-records-rest/original/.venv/lib/python3.14/site-packages/invenio_config/default.py,line=76::Set configuration variable SECRET_KEY with random string
::warning file=/home/runner/work/test-zip-extract-repository/test-zip-extract-repository/workdir/tests/invenio-records-rest/original/.venv/lib/python3.14/site-packages/invenio_records/api.py,line=334::nested transaction already deassociated from connection
::warning file=/home/runner/work/test-zip-extract-repository/test-zip-extract-repository/workdir/tests/invenio-records-rest/original/tests/helpers.py,line=30::nested transaction already deassociated from connection
::warning file=/home/runner/work/test-zip-extract-repository/test-zip-extract-repository/workdir/tests/invenio-records-rest/original/.venv/lib/python3.14/site-packages/invenio_records/api.py,line=407::The patch() method is deprecated and will be removed.
::warning file=/home/runner/work/test-zip-extract-repository/test-zip-extract-repository/workdir/tests/invenio-records-rest/original/.venv/lib/python3.14/site-packages/invenio_records/api.py,line=407::The patch() method is deprecated and will be removed.
::warning file=/home/runner/work/test-zip-extract-repository/test-zip-extract-repository/workdir/tests/invenio-records-rest/original/.venv/lib/python3.14/site-packages/invenio_records/api.py,line=442::nested transaction already deassociated from connection
.::warning file=/home/runner/work/test-zip-extract-repository/test-zip-extract-repository/workdir/tests/invenio-records-rest/original/.venv/lib/python3.14/site-packages/invenio_rest/ext.py,line=29::CSRF validation will be enabled by default in the version 1.3.x
::warning file=/home/runner/work/test-zip-extract-repository/test-zip-extract-repository/workdir/tests/invenio-records-rest/original/.venv/lib/python3.14/site-packages/invenio_config/default.py,line=76::Set configuration variable SECRET_KEY with random string
::warning file=/home/runner/work/test-zip-extract-repository/test-zip-extract-repository/workdir/tests/invenio-records-rest/original/.venv/lib/python3.14/site-packages/invenio_records/api.py,line=334::nested transaction already deassociated from connection
::warning file=/home/runner/work/test-zip-extract-repository/test-zip-extract-repository/workdir/tests/invenio-records-rest/original/.venv/lib/python3.14/site-packages/invenio_records/api.py,line=495::nested transaction already deassociated from connection
.::warning file=/home/runner/work/test-zip-extract-repository/test-zip-extract-repository/workdir/tests/invenio-records-rest/original/.venv/lib/python3.14/site-packages/invenio_rest/ext.py,line=29::CSRF validation will be enabled by default in the version 1.3.x
::warning file=/home/runner/work/test-zip-extract-repository/test-zip-extract-repository/workdir/tests/invenio-records-rest/original/.venv/lib/python3.14/site-packages/invenio_config/default.py,line=76::Set configuration variable SECRET_KEY with random string
::warning file=/home/runner/work/test-zip-extract-repository/test-zip-extract-repository/workdir/tests/invenio-records-rest/original/.venv/lib/python3.14/site-packages/invenio_records/api.py,line=334::nested transaction already deassociated from connection
::warning file=/home/runner/work/test-zip-extract-repository/test-zip-extract-repository/workdir/tests/invenio-records-rest/original/.venv/lib/python3.14/site-packages/invenio_records/api.py,line=495::nested transaction already deassociated from connection
.::warning file=/home/runner/work/test-zip-extract-repository/test-zip-extract-repository/workdir/tests/invenio-records-rest/original/.venv/lib/python3.14/site-packages/invenio_rest/ext.py,line=29::CSRF validation will be enabled by default in the version 1.3.x
::warning file=/home/runner/work/test-zip-extract-repository/test-zip-extract-repository/workdir/tests/invenio-records-rest/original/.venv/lib/python3.14/site-packages/invenio_config/default.py,line=76::Set configuration variable SECRET_KEY with random string
::warning file=/home/runner/work/test-zip-extract-repository/test-zip-extract-repository/workdir/tests/invenio-records-rest/original/.venv/lib/python3.14/site-packages/invenio_records/api.py,line=334::nested transaction already deassociated from connection
::warning file=/home/runner/work/test-zip-extract-repository/test-zip-extract-repository/workdir/tests/invenio-records-rest/original/tests/helpers.py,line=30::nested transaction already deassociated from connection
::warning file=/home/runner/work/test-zip-extract-repository/test-zip-extract-repository/workdir/tests/invenio-records-rest/original/.venv/lib/python3.14/site-packages/invenio_records/api.py,line=407::The patch() method is deprecated and will be removed.
::warning file=/home/runner/work/test-zip-extract-repository/test-zip-extract-repository/workdir/tests/invenio-records-rest/original/.venv/lib/python3.14/site-packages/invenio_records/api.py,line=442::nested transaction already deassociated from connection
::warning file=/home/runner/work/test-zip-extract-repository/test-zip-extract-repository/workdir/tests/invenio-records-rest/original/.venv/lib/python3.14/site-packages/invenio_records/api.py,line=407::The patch() method is deprecated and will be removed.
.::warning file=/home/runner/work/test-zip-extract-repository/test-zip-extract-repository/workdir/tests/invenio-records-rest/original/.venv/lib/python3.14/site-packages/invenio_rest/ext.py,line=29::CSRF validation will be enabled by default in the version 1.3.x
::warning file=/home/runner/work/test-zip-extract-repository/test-zip-extract-repository/workdir/tests/invenio-records-rest/original/.venv/lib/python3.14/site-packages/invenio_config/default.py,line=76::Set configuration variable SECRET_KEY with random string
::warning file=/home/runner/work/test-zip-extract-repository/test-zip-extract-repository/workdir/tests/invenio-records-rest/original/.venv/lib/python3.14/site-packages/invenio_records/api.py,line=334::nested transaction already deassociated from connection
::warning file=/home/runner/work/test-zip-extract-repository/test-zip-extract-repository/workdir/tests/invenio-records-rest/original/tests/helpers.py,line=30::nested transaction already deassociated from connection
::warning file=/home/runner/work/test-zip-extract-repository/test-zip-extract-repository/workdir/tests/invenio-records-rest/original/.venv/lib/python3.14/site-packages/invenio_records/api.py,line=407::The patch() method is deprecated and will be removed.
::warning file=/home/runner/work/test-zip-extract-repository/test-zip-extract-repository/workdir/tests/invenio-records-rest/original/.venv/lib/python3.14/site-packages/invenio_records/api.py,line=442::nested transaction already deassociated from connection
::warning file=/home/runner/work/test-zip-extract-repository/test-zip-extract-repository/workdir/tests/invenio-records-rest/original/.venv/lib/python3.14/site-packages/invenio_records/api.py,line=407::The patch() method is deprecated and will be removed.
.::warning file=/home/runner/work/test-zip-extract-repository/test-zip-extract-repository/workdir/tests/invenio-records-rest/original/.venv/lib/python3.14/site-packages/invenio_rest/ext.py,line=29::CSRF validation will be enabled by default in the version 1.3.x
::warning file=/home/runner/work/test-zip-extract-repository/test-zip-extract-repository/workdir/tests/invenio-records-rest/original/.venv/lib/python3.14/site-packages/invenio_config/default.py,line=76::Set configuration variable SECRET_KEY with random string
::warning file=/home/runner/work/test-zip-extract-repository/test-zip-extract-repository/workdir/tests/invenio-records-rest/original/.venv/lib/python3.14/site-packages/invenio_records/api.py,line=334::nested transaction already deassociated from connection
::warning file=/home/runner/work/test-zip-extract-repository/test-zip-extract-repository/workdir/tests/invenio-records-rest/original/tests/helpers.py,line=30::nested transaction already deassociated from connection
::warning file=/home/runner/work/test-zip-extract-repository/test-zip-extract-repository/workdir/tests/invenio-records-rest/original/.venv/lib/python3.14/site-packages/invenio_records/api.py,line=407::The patch() method is deprecated and will be removed.
::warning file=/home/runner/work/test-zip-extract-repository/test-zip-extract-repository/workdir/tests/invenio-records-rest/original/.venv/lib/python3.14/site-packages/invenio_records/api.py,line=407::The patch() method is deprecated and will be removed.
.::warning file=/home/runner/work/test-zip-extract-repository/test-zip-extract-repository/workdir/tests/invenio-records-rest/original/.venv/lib/python3.14/site-packages/invenio_rest/ext.py,line=29::CSRF validation will be enabled by default in the version 1.3.x
::warning file=/home/runner/work/test-zip-extract-repository/test-zip-extract-repository/workdir/tests/invenio-records-rest/original/.venv/lib/python3.14/site-packages/invenio_config/default.py,line=76::Set configuration variable SECRET_KEY with random string
::warning file=/home/runner/work/test-zip-extract-repository/test-zip-extract-repository/workdir/tests/invenio-records-rest/original/.venv/lib/python3.14/site-packages/invenio_records/api.py,line=334::nested transaction already deassociated from connection
::warning file=/home/runner/work/test-zip-extract-repository/test-zip-extract-repository/workdir/tests/invenio-records-rest/original/tests/helpers.py,line=30::nested transaction already deassociated from connection
::warning file=/home/runner/work/test-zip-extract-repository/test-zip-extract-repository/workdir/tests/invenio-records-rest/original/.venv/lib/python3.14/site-packages/invenio_records/api.py,line=407::The patch() method is deprecated and will be removed.
::warning file=/home/runner/work/test-zip-extract-repository/test-zip-extract-repository/workdir/tests/invenio-records-rest/original/.venv/lib/python3.14/site-packages/invenio_records/api.py,line=407::The patch() method is deprecated and will be removed.
                                  [ 66%]
tests/test_views_item_put.py .::warning file=/home/runner/work/test-zip-extract-repository/test-zip-extract-repository/workdir/tests/invenio-records-rest/original/.venv/lib/python3.14/site-packages/invenio_rest/ext.py,line=29::CSRF validation will be enabled by default in the version 1.3.x
::warning file=/home/runner/work/test-zip-extract-repository/test-zip-extract-repository/workdir/tests/invenio-records-rest/original/.venv/lib/python3.14/site-packages/invenio_config/default.py,line=76::Set configuration variable SECRET_KEY with random string
::warning file=/home/runner/work/test-zip-extract-repository/test-zip-extract-repository/workdir/tests/invenio-records-rest/original/.venv/lib/python3.14/site-packages/invenio_records/api.py,line=334::nested transaction already deassociated from connection
::warning file=/home/runner/work/test-zip-extract-repository/test-zip-extract-repository/workdir/tests/invenio-records-rest/original/tests/helpers.py,line=30::nested transaction already deassociated from connection
::warning file=/home/runner/work/test-zip-extract-repository/test-zip-extract-repository/workdir/tests/invenio-records-rest/original/.venv/lib/python3.14/site-packages/invenio_records/api.py,line=442::nested transaction already deassociated from connection
.::warning file=/home/runner/work/test-zip-extract-repository/test-zip-extract-repository/workdir/tests/invenio-records-rest/original/.venv/lib/python3.14/site-packages/invenio_rest/ext.py,line=29::CSRF validation will be enabled by default in the version 1.3.x
::warning file=/home/runner/work/test-zip-extract-repository/test-zip-extract-repository/workdir/tests/invenio-records-rest/original/.venv/lib/python3.14/site-packages/invenio_config/default.py,line=76::Set configuration variable SECRET_KEY with random string
::warning file=/home/runner/work/test-zip-extract-repository/test-zip-extract-repository/workdir/tests/invenio-records-rest/original/.venv/lib/python3.14/site-packages/invenio_records/api.py,line=334::nested transaction already deassociated from connection
::warning file=/home/runner/work/test-zip-extract-repository/test-zip-extract-repository/workdir/tests/invenio-records-rest/original/tests/helpers.py,line=30::nested transaction already deassociated from connection
::warning file=/home/runner/work/test-zip-extract-repository/test-zip-extract-repository/workdir/tests/invenio-records-rest/original/.venv/lib/python3.14/site-packages/invenio_records/api.py,line=442::nested transaction already deassociated from connection
.::warning file=/home/runner/work/test-zip-extract-repository/test-zip-extract-repository/workdir/tests/invenio-records-rest/original/.venv/lib/python3.14/site-packages/invenio_rest/ext.py,line=29::CSRF validation will be enabled by default in the version 1.3.x
::warning file=/home/runner/work/test-zip-extract-repository/test-zip-extract-repository/workdir/tests/invenio-records-rest/original/.venv/lib/python3.14/site-packages/invenio_config/default.py,line=76::Set configuration variable SECRET_KEY with random string
::warning file=/home/runner/work/test-zip-extract-repository/test-zip-extract-repository/workdir/tests/invenio-records-rest/original/.venv/lib/python3.14/site-packages/invenio_records/api.py,line=334::nested transaction already deassociated from connection
::warning file=/home/runner/work/test-zip-extract-repository/test-zip-extract-repository/workdir/tests/invenio-records-rest/original/tests/helpers.py,line=30::nested transaction already deassociated from connection
::warning file=/home/runner/work/test-zip-extract-repository/test-zip-extract-repository/workdir/tests/invenio-records-rest/original/.venv/lib/python3.14/site-packages/invenio_records/api.py,line=442::nested transaction already deassociated from connection
.::warning file=/home/runner/work/test-zip-extract-repository/test-zip-extract-repository/workdir/tests/invenio-records-rest/original/.venv/lib/python3.14/site-packages/invenio_rest/ext.py,line=29::CSRF validation will be enabled by default in the version 1.3.x
::warning file=/home/runner/work/test-zip-extract-repository/test-zip-extract-repository/workdir/tests/invenio-records-rest/original/.venv/lib/python3.14/site-packages/invenio_config/default.py,line=76::Set configuration variable SECRET_KEY with random string
::warning file=/home/runner/work/test-zip-extract-repository/test-zip-extract-repository/workdir/tests/invenio-records-rest/original/.venv/lib/python3.14/site-packages/invenio_records/api.py,line=334::nested transaction already deassociated from connection
::warning file=/home/runner/work/test-zip-extract-repository/test-zip-extract-repository/workdir/tests/invenio-records-rest/original/tests/helpers.py,line=30::nested transaction already deassociated from connection
::warning file=/home/runner/work/test-zip-extract-repository/test-zip-extract-repository/workdir/tests/invenio-records-rest/original/.venv/lib/python3.14/site-packages/invenio_records/api.py,line=442::nested transaction already deassociated from connection
.::warning file=/home/runner/work/test-zip-extract-repository/test-zip-extract-repository/workdir/tests/invenio-records-rest/original/.venv/lib/python3.14/site-packages/invenio_rest/ext.py,line=29::CSRF validation will be enabled by default in the version 1.3.x
::warning file=/home/runner/work/test-zip-extract-repository/test-zip-extract-repository/workdir/tests/invenio-records-rest/original/.venv/lib/python3.14/site-packages/invenio_config/default.py,line=76::Set configuration variable SECRET_KEY with random string
::warning file=/home/runner/work/test-zip-extract-repository/test-zip-extract-repository/workdir/tests/invenio-records-rest/original/.venv/lib/python3.14/site-packages/invenio_records/api.py,line=334::nested transaction already deassociated from connection
::warning file=/home/runner/work/test-zip-extract-repository/test-zip-extract-repository/workdir/tests/invenio-records-rest/original/.venv/lib/python3.14/site-packages/invenio_records/api.py,line=495::nested transaction already deassociated from connection
.::warning file=/home/runner/work/test-zip-extract-repository/test-zip-extract-repository/workdir/tests/invenio-records-rest/original/.venv/lib/python3.14/site-packages/invenio_rest/ext.py,line=29::CSRF validation will be enabled by default in the version 1.3.x
::warning file=/home/runner/work/test-zip-extract-repository/test-zip-extract-repository/workdir/tests/invenio-records-rest/original/.venv/lib/python3.14/site-packages/invenio_config/default.py,line=76::Set configuration variable SECRET_KEY with random string
::warning file=/home/runner/work/test-zip-extract-repository/test-zip-extract-repository/workdir/tests/invenio-records-rest/original/.venv/lib/python3.14/site-packages/invenio_records/api.py,line=334::nested transaction already deassociated from connection
::warning file=/home/runner/work/test-zip-extract-repository/test-zip-extract-repository/workdir/tests/invenio-records-rest/original/.venv/lib/python3.14/site-packages/invenio_records/api.py,line=495::nested transaction already deassociated from connection
.::warning file=/home/runner/work/test-zip-extract-repository/test-zip-extract-repository/workdir/tests/invenio-records-rest/original/.venv/lib/python3.14/site-packages/invenio_rest/ext.py,line=29::CSRF validation will be enabled by default in the version 1.3.x
::warning file=/home/runner/work/test-zip-extract-repository/test-zip-extract-repository/workdir/tests/invenio-records-rest/original/.venv/lib/python3.14/site-packages/invenio_config/default.py,line=76::Set configuration variable SECRET_KEY with random string
::warning file=/home/runner/work/test-zip-extract-repository/test-zip-extract-repository/workdir/tests/invenio-records-rest/original/.venv/lib/python3.14/site-packages/invenio_records/api.py,line=334::nested transaction already deassociated from connection
::warning file=/home/runner/work/test-zip-extract-repository/test-zip-extract-repository/workdir/tests/invenio-records-rest/original/tests/helpers.py,line=30::nested transaction already deassociated from connection
::warning file=/home/runner/work/test-zip-extract-repository/test-zip-extract-repository/workdir/tests/invenio-records-rest/original/.venv/lib/python3.14/site-packages/invenio_records/api.py,line=442::nested transaction already deassociated from connection
.::warning file=/home/runner/work/test-zip-extract-repository/test-zip-extract-repository/workdir/tests/invenio-records-rest/original/.venv/lib/python3.14/site-packages/invenio_rest/ext.py,line=29::CSRF validation will be enabled by default in the version 1.3.x
::warning file=/home/runner/work/test-zip-extract-repository/test-zip-extract-repository/workdir/tests/invenio-records-rest/original/.venv/lib/python3.14/site-packages/invenio_config/default.py,line=76::Set configuration variable SECRET_KEY with random string
::warning file=/home/runner/work/test-zip-extract-repository/test-zip-extract-repository/workdir/tests/invenio-records-rest/original/.venv/lib/python3.14/site-packages/invenio_records/api.py,line=334::nested transaction already deassociated from connection
::warning file=/home/runner/work/test-zip-extract-repository/test-zip-extract-repository/workdir/tests/invenio-records-rest/original/tests/helpers.py,line=30::nested transaction already deassociated from connection
::warning file=/home/runner/work/test-zip-extract-repository/test-zip-extract-repository/workdir/tests/invenio-records-rest/original/.venv/lib/python3.14/site-packages/invenio_records/api.py,line=442::nested transaction already deassociated from connection
.::warning file=/home/runner/work/test-zip-extract-repository/test-zip-extract-repository/workdir/tests/invenio-records-rest/original/.venv/lib/python3.14/site-packages/invenio_rest/ext.py,line=29::CSRF validation will be enabled by default in the version 1.3.x
::warning file=/home/runner/work/test-zip-extract-repository/test-zip-extract-repository/workdir/tests/invenio-records-rest/original/.venv/lib/python3.14/site-packages/invenio_config/default.py,line=76::Set configuration variable SECRET_KEY with random string
::warning file=/home/runner/work/test-zip-extract-repository/test-zip-extract-repository/workdir/tests/invenio-records-rest/original/.venv/lib/python3.14/site-packages/invenio_records/api.py,line=334::nested transaction already deassociated from connection
::warning file=/home/runner/work/test-zip-extract-repository/test-zip-extract-repository/workdir/tests/invenio-records-rest/original/tests/helpers.py,line=30::nested transaction already deassociated from connection
.::warning file=/home/runner/work/test-zip-extract-repository/test-zip-extract-repository/workdir/tests/invenio-records-rest/original/.venv/lib/python3.14/site-packages/invenio_rest/ext.py,line=29::CSRF validation will be enabled by default in the version 1.3.x
::warning file=/home/runner/work/test-zip-extract-repository/test-zip-extract-repository/workdir/tests/invenio-records-rest/original/.venv/lib/python3.14/site-packages/invenio_config/default.py,line=76::Set configuration variable SECRET_KEY with random string
::warning file=/home/runner/work/test-zip-extract-repository/test-zip-extract-repository/workdir/tests/invenio-records-rest/original/.venv/lib/python3.14/site-packages/invenio_records/api.py,line=334::nested transaction already deassociated from connection
::warning file=/home/runner/work/test-zip-extract-repository/test-zip-extract-repository/workdir/tests/invenio-records-rest/original/tests/helpers.py,line=30::nested transaction already deassociated from connection
                                  [ 74%]
tests/test_views_list_post.py .::warning file=/home/runner/work/test-zip-extract-repository/test-zip-extract-repository/workdir/tests/invenio-records-rest/original/.venv/lib/python3.14/site-packages/invenio_rest/ext.py,line=29::CSRF validation will be enabled by default in the version 1.3.x
::warning file=/home/runner/work/test-zip-extract-repository/test-zip-extract-repository/workdir/tests/invenio-records-rest/original/.venv/lib/python3.14/site-packages/invenio_config/default.py,line=76::Set configuration variable SECRET_KEY with random string
::warning file=/home/runner/work/test-zip-extract-repository/test-zip-extract-repository/workdir/tests/invenio-records-rest/original/.venv/lib/python3.14/site-packages/invenio_records/api.py,line=334::nested transaction already deassociated from connection
.::warning file=/home/runner/work/test-zip-extract-repository/test-zip-extract-repository/workdir/tests/invenio-records-rest/original/.venv/lib/python3.14/site-packages/invenio_rest/ext.py,line=29::CSRF validation will be enabled by default in the version 1.3.x
::warning file=/home/runner/work/test-zip-extract-repository/test-zip-extract-repository/workdir/tests/invenio-records-rest/original/.venv/lib/python3.14/site-packages/invenio_config/default.py,line=76::Set configuration variable SECRET_KEY with random string
::warning file=/home/runner/work/test-zip-extract-repository/test-zip-extract-repository/workdir/tests/invenio-records-rest/original/.venv/lib/python3.14/site-packages/invenio_records/api.py,line=334::nested transaction already deassociated from connection
.::warning file=/home/runner/work/test-zip-extract-repository/test-zip-extract-repository/workdir/tests/invenio-records-rest/original/.venv/lib/python3.14/site-packages/invenio_rest/ext.py,line=29::CSRF validation will be enabled by default in the version 1.3.x
::warning file=/home/runner/work/test-zip-extract-repository/test-zip-extract-repository/workdir/tests/invenio-records-rest/original/.venv/lib/python3.14/site-packages/invenio_config/default.py,line=76::Set configuration variable SECRET_KEY with random string
::warning file=/home/runner/work/test-zip-extract-repository/test-zip-extract-repository/workdir/tests/invenio-records-rest/original/.venv/lib/python3.14/site-packages/invenio_records/api.py,line=334::nested transaction already deassociated from connection
.::warning file=/home/runner/work/test-zip-extract-repository/test-zip-extract-repository/workdir/tests/invenio-records-rest/original/.venv/lib/python3.14/site-packages/invenio_rest/ext.py,line=29::CSRF validation will be enabled by default in the version 1.3.x
::warning file=/home/runner/work/test-zip-extract-repository/test-zip-extract-repository/workdir/tests/invenio-records-rest/original/.venv/lib/python3.14/site-packages/invenio_config/default.py,line=76::Set configuration variable SECRET_KEY with random string
::warning file=/home/runner/work/test-zip-extract-repository/test-zip-extract-repository/workdir/tests/invenio-records-rest/original/.venv/lib/python3.14/site-packages/invenio_records/api.py,line=334::nested transaction already deassociated from connection
.::warning file=/home/runner/work/test-zip-extract-repository/test-zip-extract-repository/workdir/tests/invenio-records-rest/original/.venv/lib/python3.14/site-packages/invenio_rest/ext.py,line=29::CSRF validation will be enabled by default in the version 1.3.x
::warning file=/home/runner/work/test-zip-extract-repository/test-zip-extract-repository/workdir/tests/invenio-records-rest/original/.venv/lib/python3.14/site-packages/invenio_config/default.py,line=76::Set configuration variable SECRET_KEY with random string
.::warning file=/home/runner/work/test-zip-extract-repository/test-zip-extract-repository/workdir/tests/invenio-records-rest/original/.venv/lib/python3.14/site-packages/invenio_rest/ext.py,line=29::CSRF validation will be enabled by default in the version 1.3.x
::warning file=/home/runner/work/test-zip-extract-repository/test-zip-extract-repository/workdir/tests/invenio-records-rest/original/.venv/lib/python3.14/site-packages/invenio_config/default.py,line=76::Set configuration variable SECRET_KEY with random string
.::warning file=/home/runner/work/test-zip-extract-repository/test-zip-extract-repository/workdir/tests/invenio-records-rest/original/.venv/lib/python3.14/site-packages/invenio_rest/ext.py,line=29::CSRF validation will be enabled by default in the version 1.3.x
::warning file=/home/runner/work/test-zip-extract-repository/test-zip-extract-repository/workdir/tests/invenio-records-rest/original/.venv/lib/python3.14/site-packages/invenio_config/default.py,line=76::Set configuration variable SECRET_KEY with random string
.::warning file=/home/runner/work/test-zip-extract-repository/test-zip-extract-repository/workdir/tests/invenio-records-rest/original/.venv/lib/python3.14/site-packages/invenio_rest/ext.py,line=29::CSRF validation will be enabled by default in the version 1.3.x
::warning file=/home/runner/work/test-zip-extract-repository/test-zip-extract-repository/workdir/tests/invenio-records-rest/original/.venv/lib/python3.14/site-packages/invenio_config/default.py,line=76::Set configuration variable SECRET_KEY with random string
                                   [ 80%]
tests/test_views_options.py .::warning file=/home/runner/work/test-zip-extract-repository/test-zip-extract-repository/workdir/tests/invenio-records-rest/original/.venv/lib/python3.14/site-packages/invenio_rest/ext.py,line=29::CSRF validation will be enabled by default in the version 1.3.x
::warning file=/home/runner/work/test-zip-extract-repository/test-zip-extract-repository/workdir/tests/invenio-records-rest/original/.venv/lib/python3.14/site-packages/invenio_config/default.py,line=76::Set configuration variable SECRET_KEY with random string
.::warning file=/home/runner/work/test-zip-extract-repository/test-zip-extract-repository/workdir/tests/invenio-records-rest/original/.venv/lib/python3.14/site-packages/invenio_rest/ext.py,line=29::CSRF validation will be enabled by default in the version 1.3.x
::warning file=/home/runner/work/test-zip-extract-repository/test-zip-extract-repository/workdir/tests/invenio-records-rest/original/.venv/lib/python3.14/site-packages/invenio_config/default.py,line=76::Set configuration variable SECRET_KEY with random string
                                           [ 81%]
tests/test_views_search.py .::warning file=/home/runner/work/test-zip-extract-repository/test-zip-extract-repository/workdir/tests/invenio-records-rest/original/.venv/lib/python3.14/site-packages/invenio_rest/ext.py,line=29::CSRF validation will be enabled by default in the version 1.3.x
::warning file=/home/runner/work/test-zip-extract-repository/test-zip-extract-repository/workdir/tests/invenio-records-rest/original/.venv/lib/python3.14/site-packages/invenio_config/default.py,line=76::Set configuration variable SECRET_KEY with random string
::warning file=/home/runner/work/test-zip-extract-repository/test-zip-extract-repository/workdir/tests/invenio-records-rest/original/.venv/lib/python3.14/site-packages/invenio_records/api.py,line=334::nested transaction already deassociated from connection
::warning file=/home/runner/work/test-zip-extract-repository/test-zip-extract-repository/workdir/tests/invenio-records-rest/original/tests/helpers.py,line=30::nested transaction already deassociated from connection
.::warning file=/home/runner/work/test-zip-extract-repository/test-zip-extract-repository/workdir/tests/invenio-records-rest/original/.venv/lib/python3.14/site-packages/invenio_rest/ext.py,line=29::CSRF validation will be enabled by default in the version 1.3.x
::warning file=/home/runner/work/test-zip-extract-repository/test-zip-extract-repository/workdir/tests/invenio-records-rest/original/.venv/lib/python3.14/site-packages/invenio_config/default.py,line=76::Set configuration variable SECRET_KEY with random string
::warning file=/home/runner/work/test-zip-extract-repository/test-zip-extract-repository/workdir/tests/invenio-records-rest/original/.venv/lib/python3.14/site-packages/invenio_records/api.py,line=334::nested transaction already deassociated from connection
::warning file=/home/runner/work/test-zip-extract-repository/test-zip-extract-repository/workdir/tests/invenio-records-rest/original/tests/helpers.py,line=30::nested transaction already deassociated from connection
.::warning file=/home/runner/work/test-zip-extract-repository/test-zip-extract-repository/workdir/tests/invenio-records-rest/original/.venv/lib/python3.14/site-packages/invenio_rest/ext.py,line=29::CSRF validation will be enabled by default in the version 1.3.x
::warning file=/home/runner/work/test-zip-extract-repository/test-zip-extract-repository/workdir/tests/invenio-records-rest/original/.venv/lib/python3.14/site-packages/invenio_config/default.py,line=76::Set configuration variable SECRET_KEY with random string
::warning file=/home/runner/work/test-zip-extract-repository/test-zip-extract-repository/workdir/tests/invenio-records-rest/original/.venv/lib/python3.14/site-packages/invenio_records/api.py,line=334::nested transaction already deassociated from connection
::warning file=/home/runner/work/test-zip-extract-repository/test-zip-extract-repository/workdir/tests/invenio-records-rest/original/tests/helpers.py,line=30::nested transaction already deassociated from connection
.::warning file=/home/runner/work/test-zip-extract-repository/test-zip-extract-repository/workdir/tests/invenio-records-rest/original/.venv/lib/python3.14/site-packages/invenio_rest/ext.py,line=29::CSRF validation will be enabled by default in the version 1.3.x
::warning file=/home/runner/work/test-zip-extract-repository/test-zip-extract-repository/workdir/tests/invenio-records-rest/original/.venv/lib/python3.14/site-packages/invenio_config/default.py,line=76::Set configuration variable SECRET_KEY with random string
::warning file=/home/runner/work/test-zip-extract-repository/test-zip-extract-repository/workdir/tests/invenio-records-rest/original/.venv/lib/python3.14/site-packages/invenio_records/api.py,line=334::nested transaction already deassociated from connection
::warning file=/home/runner/work/test-zip-extract-repository/test-zip-extract-repository/workdir/tests/invenio-records-rest/original/tests/helpers.py,line=30::nested transaction already deassociated from connection
.::warning file=/home/runner/work/test-zip-extract-repository/test-zip-extract-repository/workdir/tests/invenio-records-rest/original/.venv/lib/python3.14/site-packages/invenio_rest/ext.py,line=29::CSRF validation will be enabled by default in the version 1.3.x
::warning file=/home/runner/work/test-zip-extract-repository/test-zip-extract-repository/workdir/tests/invenio-records-rest/original/.venv/lib/python3.14/site-packages/invenio_config/default.py,line=76::Set configuration variable SECRET_KEY with random string
::warning file=/home/runner/work/test-zip-extract-repository/test-zip-extract-repository/workdir/tests/invenio-records-rest/original/.venv/lib/python3.14/site-packages/invenio_records/api.py,line=334::nested transaction already deassociated from connection
::warning file=/home/runner/work/test-zip-extract-repository/test-zip-extract-repository/workdir/tests/invenio-records-rest/original/tests/helpers.py,line=30::nested transaction already deassociated from connection
.::warning file=/home/runner/work/test-zip-extract-repository/test-zip-extract-repository/workdir/tests/invenio-records-rest/original/.venv/lib/python3.14/site-packages/invenio_rest/ext.py,line=29::CSRF validation will be enabled by default in the version 1.3.x
::warning file=/home/runner/work/test-zip-extract-repository/test-zip-extract-repository/workdir/tests/invenio-records-rest/original/.venv/lib/python3.14/site-packages/invenio_config/default.py,line=76::Set configuration variable SECRET_KEY with random string
::warning file=/home/runner/work/test-zip-extract-repository/test-zip-extract-repository/workdir/tests/invenio-records-rest/original/.venv/lib/python3.14/site-packages/invenio_records/api.py,line=334::nested transaction already deassociated from connection
::warning file=/home/runner/work/test-zip-extract-repository/test-zip-extract-repository/workdir/tests/invenio-records-rest/original/tests/helpers.py,line=30::nested transaction already deassociated from connection
.::warning file=/home/runner/work/test-zip-extract-repository/test-zip-extract-repository/workdir/tests/invenio-records-rest/original/.venv/lib/python3.14/site-packages/invenio_rest/ext.py,line=29::CSRF validation will be enabled by default in the version 1.3.x
::warning file=/home/runner/work/test-zip-extract-repository/test-zip-extract-repository/workdir/tests/invenio-records-rest/original/.venv/lib/python3.14/site-packages/invenio_config/default.py,line=76::Set configuration variable SECRET_KEY with random string
::warning file=/home/runner/work/test-zip-extract-repository/test-zip-extract-repository/workdir/tests/invenio-records-rest/original/.venv/lib/python3.14/site-packages/invenio_records/api.py,line=334::nested transaction already deassociated from connection
::warning file=/home/runner/work/test-zip-extract-repository/test-zip-extract-repository/workdir/tests/invenio-records-rest/original/tests/helpers.py,line=30::nested transaction already deassociated from connection
.::warning file=/home/runner/work/test-zip-extract-repository/test-zip-extract-repository/workdir/tests/invenio-records-rest/original/.venv/lib/python3.14/site-packages/invenio_rest/ext.py,line=29::CSRF validation will be enabled by default in the version 1.3.x
::warning file=/home/runner/work/test-zip-extract-repository/test-zip-extract-repository/workdir/tests/invenio-records-rest/original/.venv/lib/python3.14/site-packages/invenio_config/default.py,line=76::Set configuration variable SECRET_KEY with random string
::warning file=/home/runner/work/test-zip-extract-repository/test-zip-extract-repository/workdir/tests/invenio-records-rest/original/.venv/lib/python3.14/site-packages/invenio_records/api.py,line=334::nested transaction already deassociated from connection
::warning file=/home/runner/work/test-zip-extract-repository/test-zip-extract-repository/workdir/tests/invenio-records-rest/original/tests/helpers.py,line=30::nested transaction already deassociated from connection
.::warning file=/home/runner/work/test-zip-extract-repository/test-zip-extract-repository/workdir/tests/invenio-records-rest/original/.venv/lib/python3.14/site-packages/invenio_rest/ext.py,line=29::CSRF validation will be enabled by default in the version 1.3.x
::warning file=/home/runner/work/test-zip-extract-repository/test-zip-extract-repository/workdir/tests/invenio-records-rest/original/.venv/lib/python3.14/site-packages/invenio_config/default.py,line=76::Set configuration variable SECRET_KEY with random string
::warning file=/home/runner/work/test-zip-extract-repository/test-zip-extract-repository/workdir/tests/invenio-records-rest/original/.venv/lib/python3.14/site-packages/invenio_records/api.py,line=334::nested transaction already deassociated from connection
::warning file=/home/runner/work/test-zip-extract-repository/test-zip-extract-repository/workdir/tests/invenio-records-rest/original/tests/helpers.py,line=30::nested transaction already deassociated from connection
.::warning file=/home/runner/work/test-zip-extract-repository/test-zip-extract-repository/workdir/tests/invenio-records-rest/original/.venv/lib/python3.14/site-packages/invenio_rest/ext.py,line=29::CSRF validation will be enabled by default in the version 1.3.x
::warning file=/home/runner/work/test-zip-extract-repository/test-zip-extract-repository/workdir/tests/invenio-records-rest/original/.venv/lib/python3.14/site-packages/invenio_config/default.py,line=76::Set configuration variable SECRET_KEY with random string
::warning file=/home/runner/work/test-zip-extract-repository/test-zip-extract-repository/workdir/tests/invenio-records-rest/original/.venv/lib/python3.14/site-packages/invenio_records/api.py,line=334::nested transaction already deassociated from connection
::warning file=/home/runner/work/test-zip-extract-repository/test-zip-extract-repository/workdir/tests/invenio-records-rest/original/tests/helpers.py,line=30::nested transaction already deassociated from connection
.::warning file=/home/runner/work/test-zip-extract-repository/test-zip-extract-repository/workdir/tests/invenio-records-rest/original/.venv/lib/python3.14/site-packages/invenio_rest/ext.py,line=29::CSRF validation will be enabled by default in the version 1.3.x
::warning file=/home/runner/work/test-zip-extract-repository/test-zip-extract-repository/workdir/tests/invenio-records-rest/original/.venv/lib/python3.14/site-packages/invenio_config/default.py,line=76::Set configuration variable SECRET_KEY with random string
::warning file=/home/runner/work/test-zip-extract-repository/test-zip-extract-repository/workdir/tests/invenio-records-rest/original/.venv/lib/python3.14/site-packages/invenio_records/api.py,line=334::nested transaction already deassociated from connection
::warning file=/home/runner/work/test-zip-extract-repository/test-zip-extract-repository/workdir/tests/invenio-records-rest/original/tests/helpers.py,line=30::nested transaction already deassociated from connection
.::warning file=/home/runner/work/test-zip-extract-repository/test-zip-extract-repository/workdir/tests/invenio-records-rest/original/.venv/lib/python3.14/site-packages/invenio_rest/ext.py,line=29::CSRF validation will be enabled by default in the version 1.3.x
::warning file=/home/runner/work/test-zip-extract-repository/test-zip-extract-repository/workdir/tests/invenio-records-rest/original/.venv/lib/python3.14/site-packages/invenio_config/default.py,line=76::Set configuration variable SECRET_KEY with random string
::warning file=/home/runner/work/test-zip-extract-repository/test-zip-extract-repository/workdir/tests/invenio-records-rest/original/.venv/lib/python3.14/site-packages/invenio_records/api.py,line=334::nested transaction already deassociated from connection
::warning file=/home/runner/work/test-zip-extract-repository/test-zip-extract-repository/workdir/tests/invenio-records-rest/original/tests/helpers.py,line=30::nested transaction already deassociated from connection
.::warning file=/home/runner/work/test-zip-extract-repository/test-zip-extract-repository/workdir/tests/invenio-records-rest/original/.venv/lib/python3.14/site-packages/invenio_rest/ext.py,line=29::CSRF validation will be enabled by default in the version 1.3.x
::warning file=/home/runner/work/test-zip-extract-repository/test-zip-extract-repository/workdir/tests/invenio-records-rest/original/.venv/lib/python3.14/site-packages/invenio_config/default.py,line=76::Set configuration variable SECRET_KEY with random string
::warning file=/home/runner/work/test-zip-extract-repository/test-zip-extract-repository/workdir/tests/invenio-records-rest/original/.venv/lib/python3.14/site-packages/invenio_records/api.py,line=334::nested transaction already deassociated from connection
::warning file=/home/runner/work/test-zip-extract-repository/test-zip-extract-repository/workdir/tests/invenio-records-rest/original/tests/helpers.py,line=30::nested transaction already deassociated from connection
.::warning file=/home/runner/work/test-zip-extract-repository/test-zip-extract-repository/workdir/tests/invenio-records-rest/original/.venv/lib/python3.14/site-packages/invenio_rest/ext.py,line=29::CSRF validation will be enabled by default in the version 1.3.x
::warning file=/home/runner/work/test-zip-extract-repository/test-zip-extract-repository/workdir/tests/invenio-records-rest/original/.venv/lib/python3.14/site-packages/invenio_config/default.py,line=76::Set configuration variable SECRET_KEY with random string
::warning file=/home/runner/work/test-zip-extract-repository/test-zip-extract-repository/workdir/tests/invenio-records-rest/original/.venv/lib/python3.14/site-packages/invenio_records/api.py,line=334::nested transaction already deassociated from connection
::warning file=/home/runner/work/test-zip-extract-repository/test-zip-extract-repository/workdir/tests/invenio-records-rest/original/tests/helpers.py,line=30::nested transaction already deassociated from connection
.::warning file=/home/runner/work/test-zip-extract-repository/test-zip-extract-repository/workdir/tests/invenio-records-rest/original/.venv/lib/python3.14/site-packages/invenio_rest/ext.py,line=29::CSRF validation will be enabled by default in the version 1.3.x
::warning file=/home/runner/work/test-zip-extract-repository/test-zip-extract-repository/workdir/tests/invenio-records-rest/original/.venv/lib/python3.14/site-packages/invenio_config/default.py,line=76::Set configuration variable SECRET_KEY with random string
::warning file=/home/runner/work/test-zip-extract-repository/test-zip-extract-repository/workdir/tests/invenio-records-rest/original/.venv/lib/python3.14/site-packages/invenio_records/api.py,line=334::nested transaction already deassociated from connection
::warning file=/home/runner/work/test-zip-extract-repository/test-zip-extract-repository/workdir/tests/invenio-records-rest/original/tests/helpers.py,line=30::nested transaction already deassociated from connection
.::warning file=/home/runner/work/test-zip-extract-repository/test-zip-extract-repository/workdir/tests/invenio-records-rest/original/.venv/lib/python3.14/site-packages/invenio_rest/ext.py,line=29::CSRF validation will be enabled by default in the version 1.3.x
::warning file=/home/runner/work/test-zip-extract-repository/test-zip-extract-repository/workdir/tests/invenio-records-rest/original/.venv/lib/python3.14/site-packages/invenio_config/default.py,line=76::Set configuration variable SECRET_KEY with random string
::warning file=/home/runner/work/test-zip-extract-repository/test-zip-extract-repository/workdir/tests/invenio-records-rest/original/.venv/lib/python3.14/site-packages/invenio_records/api.py,line=334::nested transaction already deassociated from connection
::warning file=/home/runner/work/test-zip-extract-repository/test-zip-extract-repository/workdir/tests/invenio-records-rest/original/tests/helpers.py,line=30::nested transaction already deassociated from connection
.::warning file=/home/runner/work/test-zip-extract-repository/test-zip-extract-repository/workdir/tests/invenio-records-rest/original/.venv/lib/python3.14/site-packages/invenio_rest/ext.py,line=29::CSRF validation will be enabled by default in the version 1.3.x
::warning file=/home/runner/work/test-zip-extract-repository/test-zip-extract-repository/workdir/tests/invenio-records-rest/original/.venv/lib/python3.14/site-packages/invenio_config/default.py,line=76::Set configuration variable SECRET_KEY with random string
::warning file=/home/runner/work/test-zip-extract-repository/test-zip-extract-repository/workdir/tests/invenio-records-rest/original/.venv/lib/python3.14/site-packages/invenio_records/api.py,line=334::nested transaction already deassociated from connection
::warning file=/home/runner/work/test-zip-extract-repository/test-zip-extract-repository/workdir/tests/invenio-records-rest/original/tests/helpers.py,line=30::nested transaction already deassociated from connection
.::warning file=/home/runner/work/test-zip-extract-repository/test-zip-extract-repository/workdir/tests/invenio-records-rest/original/.venv/lib/python3.14/site-packages/invenio_rest/ext.py,line=29::CSRF validation will be enabled by default in the version 1.3.x
::warning file=/home/runner/work/test-zip-extract-repository/test-zip-extract-repository/workdir/tests/invenio-records-rest/original/.venv/lib/python3.14/site-packages/invenio_config/default.py,line=76::Set configuration variable SECRET_KEY with random string
::warning file=/home/runner/work/test-zip-extract-repository/test-zip-extract-repository/workdir/tests/invenio-records-rest/original/.venv/lib/python3.14/site-packages/invenio_records/api.py,line=334::nested transaction already deassociated from connection
::warning file=/home/runner/work/test-zip-extract-repository/test-zip-extract-repository/workdir/tests/invenio-records-rest/original/tests/helpers.py,line=30::nested transaction already deassociated from connection
.::warning file=/home/runner/work/test-zip-extract-repository/test-zip-extract-repository/workdir/tests/invenio-records-rest/original/.venv/lib/python3.14/site-packages/invenio_rest/ext.py,line=29::CSRF validation will be enabled by default in the version 1.3.x
::warning file=/home/runner/work/test-zip-extract-repository/test-zip-extract-repository/workdir/tests/invenio-records-rest/original/.venv/lib/python3.14/site-packages/invenio_config/default.py,line=76::Set configuration variable SECRET_KEY with random string
::warning file=/home/runner/work/test-zip-extract-repository/test-zip-extract-repository/workdir/tests/invenio-records-rest/original/.venv/lib/python3.14/site-packages/invenio_records/api.py,line=334::nested transaction already deassociated from connection
::warning file=/home/runner/work/test-zip-extract-repository/test-zip-extract-repository/workdir/tests/invenio-records-rest/original/tests/helpers.py,line=30::nested transaction already deassociated from connection
.::warning file=/home/runner/work/test-zip-extract-repository/test-zip-extract-repository/workdir/tests/invenio-records-rest/original/.venv/lib/python3.14/site-packages/invenio_rest/ext.py,line=29::CSRF validation will be enabled by default in the version 1.3.x
::warning file=/home/runner/work/test-zip-extract-repository/test-zip-extract-repository/workdir/tests/invenio-records-rest/original/.venv/lib/python3.14/site-packages/invenio_config/default.py,line=76::Set configuration variable SECRET_KEY with random string
::warning file=/home/runner/work/test-zip-extract-repository/test-zip-extract-repository/workdir/tests/invenio-records-rest/original/.venv/lib/python3.14/site-packages/invenio_records/api.py,line=334::nested transaction already deassociated from connection
::warning file=/home/runner/work/test-zip-extract-repository/test-zip-extract-repository/workdir/tests/invenio-records-rest/original/tests/helpers.py,line=30::nested transaction already deassociated from connection
                          [ 96%]
tests/test_views_serializers.py .::warning file=/home/runner/work/test-zip-extract-repository/test-zip-extract-repository/workdir/tests/invenio-records-rest/original/.venv/lib/python3.14/site-packages/invenio_rest/ext.py,line=29::CSRF validation will be enabled by default in the version 1.3.x
::warning file=/home/runner/work/test-zip-extract-repository/test-zip-extract-repository/workdir/tests/invenio-records-rest/original/.venv/lib/python3.14/site-packages/invenio_config/default.py,line=76::Set configuration variable SECRET_KEY with random string
::warning file=/home/runner/work/test-zip-extract-repository/test-zip-extract-repository/workdir/tests/invenio-records-rest/original/.venv/lib/python3.14/site-packages/invenio_records/api.py,line=334::nested transaction already deassociated from connection
::warning file=/home/runner/work/test-zip-extract-repository/test-zip-extract-repository/workdir/tests/invenio-records-rest/original/tests/helpers.py,line=30::nested transaction already deassociated from connection
.::warning file=/home/runner/work/test-zip-extract-repository/test-zip-extract-repository/workdir/tests/invenio-records-rest/original/.venv/lib/python3.14/site-packages/invenio_rest/ext.py,line=29::CSRF validation will be enabled by default in the version 1.3.x
::warning file=/home/runner/work/test-zip-extract-repository/test-zip-extract-repository/workdir/tests/invenio-records-rest/original/.venv/lib/python3.14/site-packages/invenio_config/default.py,line=76::Set configuration variable SECRET_KEY with random string
::warning file=/home/runner/work/test-zip-extract-repository/test-zip-extract-repository/workdir/tests/invenio-records-rest/original/.venv/lib/python3.14/site-packages/invenio_records/api.py,line=334::nested transaction already deassociated from connection
::warning file=/home/runner/work/test-zip-extract-repository/test-zip-extract-repository/workdir/tests/invenio-records-rest/original/tests/helpers.py,line=30::nested transaction already deassociated from connection
                                       [ 98%]
tests/test_views_suggesters.py .::warning file=/home/runner/work/test-zip-extract-repository/test-zip-extract-repository/workdir/tests/invenio-records-rest/original/.venv/lib/python3.14/site-packages/invenio_rest/ext.py,line=29::CSRF validation will be enabled by default in the version 1.3.x
::warning file=/home/runner/work/test-zip-extract-repository/test-zip-extract-repository/workdir/tests/invenio-records-rest/original/.venv/lib/python3.14/site-packages/invenio_config/default.py,line=76::Set configuration variable SECRET_KEY with random string
::warning file=/home/runner/work/test-zip-extract-repository/test-zip-extract-repository/workdir/tests/invenio-records-rest/original/.venv/lib/python3.14/site-packages/invenio_records/api.py,line=334::nested transaction already deassociated from connection
::warning file=/home/runner/work/test-zip-extract-repository/test-zip-extract-repository/workdir/tests/invenio-records-rest/original/tests/helpers.py,line=30::nested transaction already deassociated from connection
                                         [ 99%]
invenio_records_rest/__init__.py .::warning file=/home/runner/work/test-zip-extract-repository/test-zip-extract-repository/workdir/tests/invenio-records-rest/original/.venv/lib/python3.14/site-packages/invenio_rest/ext.py,line=29::CSRF validation will be enabled by default in the version 1.3.x
                                       [100%]

=============================== warnings summary ===============================
.venv/lib/python3.14/site-packages/webargs/compat.py:8
  /home/runner/work/test-zip-extract-repository/test-zip-extract-repository/workdir/tests/invenio-records-rest/original/.venv/lib/python3.14/site-packages/webargs/compat.py:8: DeprecationWarning: The '__version__' attribute is deprecated and will be removed in in a future version. Use feature detection or 'importlib.metadata.version("marshmallow")' instead.
    MARSHMALLOW_VERSION_INFO = tuple(LooseVersion(ma.__version__).version)  # type: tuple

.venv/lib/python3.14/site-packages/webargs/compat.py:8
  /home/runner/work/test-zip-extract-repository/test-zip-extract-repository/workdir/tests/invenio-records-rest/original/.venv/lib/python3.14/site-packages/webargs/compat.py:8: DeprecationWarning: distutils Version classes are deprecated. Use packaging.version instead.
    MARSHMALLOW_VERSION_INFO = tuple(LooseVersion(ma.__version__).version)  # type: tuple

.venv/lib/python3.14/site-packages/webargs/__init__.py:13
  /home/runner/work/test-zip-extract-repository/test-zip-extract-repository/workdir/tests/invenio-records-rest/original/.venv/lib/python3.14/site-packages/webargs/__init__.py:13: DeprecationWarning: distutils Version classes are deprecated. Use packaging.version instead.
    __version_info__ = tuple(LooseVersion(__version__).version)

.venv/lib/python3.14/site-packages/datacite/rest_client.py:23
  /home/runner/work/test-zip-extract-repository/test-zip-extract-repository/workdir/tests/invenio-records-rest/original/.venv/lib/python3.14/site-packages/datacite/rest_client.py:23: DeprecationWarning: Implicit imports (e.g., 'import idutils; idutils.function;') might be removed in the next major version. Please use explicit imports (e.g., 'from idutils import function;') instead.
    from idutils import normalize_doi

.venv/lib/python3.14/site-packages/datacite/jsonutils.py:15
.venv/lib/python3.14/site-packages/datacite/jsonutils.py:15
  /home/runner/work/test-zip-extract-repository/test-zip-extract-repository/workdir/tests/invenio-records-rest/original/.venv/lib/python3.14/site-packages/datacite/jsonutils.py:15: DeprecationWarning: jsonschema.RefResolver is deprecated as of v4.18.0, in favor of the https://github.com/python-jsonschema/referencing library, which provides more compliant referencing behavior as well as more flexible APIs for customization. A future release will remove RefResolver. Please file a feature request (on referencing) if you are missing an API for the kind of customization you need.
    from jsonschema import RefResolver, validate

.venv/lib/python3.14/site-packages/pyld/jsonld.py:4413
  /home/runner/work/test-zip-extract-repository/test-zip-extract-repository/workdir/tests/invenio-records-rest/original/.venv/lib/python3.14/site-packages/pyld/jsonld.py:4413: SyntaxWarning: "\?" is an invalid escape sequence. Such sequences will not work in the future. Did you mean "\\?"? A raw string is also an option.
    and re.match('.*[:/\?#\[\]@]$', id_)

.venv/lib/python3.14/site-packages/pyld/jsonld.py:577
  /home/runner/work/test-zip-extract-repository/test-zip-extract-repository/workdir/tests/invenio-records-rest/original/.venv/lib/python3.14/site-packages/pyld/jsonld.py:577: SyntaxWarning: "is" with 'int' literal. Did you mean "=="?
    if len(output) is 1 and output[0] == '':

tests/test_custom_endpoints.py: 2 warnings
tests/test_custom_fields.py: 1 warning
tests/test_error_handlers.py: 1 warning
tests/test_facets.py: 8 warnings
tests/test_index_prefixing.py: 2 warnings
tests/test_links.py: 2 warnings
tests/test_marshmallow_loader.py: 5 warnings
tests/test_permissions.py: 1 warning
tests/test_pid_resolver.py: 1 warning
tests/test_serializer_base.py: 1 warning
tests/test_serializer_citeproc.py: 1 warning
tests/test_serializer_json.py: 1 warning
tests/test_serializer_response.py: 2 warnings
tests/test_sorter.py: 2 warnings
tests/test_utils.py: 6 warnings
tests/test_views_item_delete.py: 4 warnings
tests/test_views_item_get.py: 4 warnings
tests/test_views_item_patch.py: 8 warnings
tests/test_views_item_put.py: 10 warnings
tests/test_views_list_post.py: 8 warnings
tests/test_views_options.py: 2 warnings
tests/test_views_search.py: 20 warnings
tests/test_views_serializers.py: 2 warnings
tests/test_views_suggesters.py: 1 warning
invenio_records_rest/__init__.py: 1 warning
  /home/runner/work/test-zip-extract-repository/test-zip-extract-repository/workdir/tests/invenio-records-rest/original/.venv/lib/python3.14/site-packages/invenio_rest/ext.py:29: FutureWarning: CSRF validation will be enabled by default in the version 1.3.x
    self.init_app(app)

tests/test_custom_endpoints.py: 2 warnings
tests/test_custom_fields.py: 1 warning
tests/test_error_handlers.py: 1 warning
tests/test_facets.py: 8 warnings
tests/test_index_prefixing.py: 2 warnings
tests/test_links.py: 2 warnings
tests/test_marshmallow_loader.py: 5 warnings
tests/test_permissions.py: 1 warning
tests/test_pid_resolver.py: 1 warning
tests/test_serializer_base.py: 1 warning
tests/test_serializer_citeproc.py: 1 warning
tests/test_serializer_json.py: 1 warning
tests/test_serializer_response.py: 2 warnings
tests/test_sorter.py: 2 warnings
tests/test_utils.py: 6 warnings
tests/test_views_item_delete.py: 4 warnings
tests/test_views_item_get.py: 4 warnings
tests/test_views_item_patch.py: 8 warnings
tests/test_views_item_put.py: 10 warnings
tests/test_views_list_post.py: 8 warnings
tests/test_views_options.py: 2 warnings
tests/test_views_search.py: 20 warnings
tests/test_views_serializers.py: 2 warnings
tests/test_views_suggesters.py: 1 warning
  /home/runner/work/test-zip-extract-repository/test-zip-extract-repository/workdir/tests/invenio-records-rest/original/.venv/lib/python3.14/site-packages/invenio_config/default.py:76: UserWarning: Set configuration variable SECRET_KEY with random string
    warnings.warn(

tests/test_custom_endpoints.py: 2 warnings
tests/test_index_prefixing.py: 1 warning
tests/test_links.py: 2 warnings
tests/test_marshmallow_loader.py: 2 warnings
tests/test_permissions.py: 1 warning
tests/test_pid_resolver.py: 1 warning
tests/test_serializer_base.py: 1 warning
tests/test_views_item_delete.py: 4 warnings
tests/test_views_item_get.py: 4 warnings
tests/test_views_item_patch.py: 8 warnings
tests/test_views_item_put.py: 10 warnings
tests/test_views_list_post.py: 4 warnings
tests/test_views_search.py: 20 warnings
tests/test_views_serializers.py: 2 warnings
tests/test_views_suggesters.py: 1 warning
  /home/runner/work/test-zip-extract-repository/test-zip-extract-repository/workdir/tests/invenio-records-rest/original/.venv/lib/python3.14/site-packages/invenio_records/api.py:334: SAWarning: nested transaction already deassociated from connection
    with db.session.begin_nested():

tests/test_custom_endpoints.py: 2 warnings
tests/test_links.py: 2 warnings
tests/test_permissions.py: 1 warning
tests/test_pid_resolver.py: 1 warning
tests/test_serializer_base.py: 1 warning
tests/test_views_item_delete.py: 4 warnings
tests/test_views_item_get.py: 4 warnings
tests/test_views_item_patch.py: 6 warnings
tests/test_views_item_put.py: 8 warnings
tests/test_views_search.py: 20 warnings
tests/test_views_serializers.py: 2 warnings
tests/test_views_suggesters.py: 1 warning
  /home/runner/work/test-zip-extract-repository/test-zip-extract-repository/workdir/tests/invenio-records-rest/original/tests/helpers.py:30: SAWarning: nested transaction already deassociated from connection
    with db.session.begin_nested():

tests/test_index_prefixing.py::test_api_views
tests/test_views_item_delete.py::test_valid_delete
tests/test_views_item_delete.py::test_delete_deleted
tests/test_views_item_delete.py::test_delete_with_sqldatabase_error
tests/test_views_item_patch.py::test_patch_deleted[application/json-patch+json]
tests/test_views_item_patch.py::test_patch_deleted[application/json-patch+json;charset=utf-8]
tests/test_views_item_put.py::test_put_on_deleted[application/json]
tests/test_views_item_put.py::test_put_on_deleted[application/json;charset=utf-8]
  /home/runner/work/test-zip-extract-repository/test-zip-extract-repository/workdir/tests/invenio-records-rest/original/.venv/lib/python3.14/site-packages/invenio_records/api.py:495: SAWarning: nested transaction already deassociated from connection
    with db.session.begin_nested():

tests/test_marshmallow_loader.py: 1 warning
tests/test_views_item_patch.py: 4 warnings
tests/test_views_item_put.py: 6 warnings
  /home/runner/work/test-zip-extract-repository/test-zip-extract-repository/workdir/tests/invenio-records-rest/original/.venv/lib/python3.14/site-packages/invenio_records/api.py:442: SAWarning: nested transaction already deassociated from connection
    with db.session.begin_nested():

tests/test_views_item_patch.py: 12 warnings
  /home/runner/work/test-zip-extract-repository/test-zip-extract-repository/workdir/tests/invenio-records-rest/original/.venv/lib/python3.14/site-packages/invenio_records/api.py:407: DeprecationWarning: The patch() method is deprecated and will be removed.
    warnings.warn(

-- Docs: https://docs.pytest.org/en/stable/how-to/capture-warnings.html
================================ tests coverage ================================
_______________ coverage: platform linux, python 3.14.2-final-0 ________________

Name                                                          Stmts   Miss  Cover   Missing
-------------------------------------------------------------------------------------------
invenio_records_rest/__init__.py                                  4      0   100%
invenio_records_rest/_compat.py                                  11      5    55%   22-28
invenio_records_rest/config.py                                   29      0   100%
invenio_records_rest/errors.py                                  105     10    90%   51, 104-106, 187-189, 255-259
invenio_records_rest/ext.py                                      52      1    98%   112
invenio_records_rest/facets.py                                  103     22    79%   31-55, 121, 167-170, 189-192, 240
invenio_records_rest/links.py                                    13      0   100%
invenio_records_rest/loaders/__init__.py                          8      0   100%
invenio_records_rest/loaders/marshmallow.py                      45      5    89%   57, 87-89, 106
invenio_records_rest/proxies.py                                   4      0   100%
invenio_records_rest/query.py                                    25      3    88%   39-44
invenio_records_rest/schemas/__init__.py                          2      0   100%
invenio_records_rest/schemas/fields/__init__.py                   8      0   100%
invenio_records_rest/schemas/fields/datetime.py                  11      4    64%   21-24
invenio_records_rest/schemas/fields/generated.py                 23      7    70%   31-54
invenio_records_rest/schemas/fields/marshmallow_contrib.py       38      7    82%   19-20, 26, 76, 135-137
invenio_records_rest/schemas/fields/persistentidentifier.py       9      0   100%
invenio_records_rest/schemas/fields/sanitizedhtml.py             11      0   100%
invenio_records_rest/schemas/fields/sanitizedunicode.py          14      0   100%
invenio_records_rest/schemas/fields/trimmedstring.py              5      0   100%
invenio_records_rest/schemas/json.py                             61     27    56%   27-35, 68-75, 80-97, 114, 122-123
invenio_records_rest/serializers/__init__.py                      9      0   100%
invenio_records_rest/serializers/base.py                         36      7    81%   37, 52, 62, 84, 97, 116, 126
invenio_records_rest/serializers/citeproc.py                     62      5    92%   33-36, 110-111
invenio_records_rest/serializers/csv.py                          66      3    95%   54, 135, 139
invenio_records_rest/serializers/datacite.py                     43      0   100%
invenio_records_rest/serializers/dc.py                           15      0   100%
invenio_records_rest/serializers/json.py                         15      0   100%
invenio_records_rest/serializers/jsonld.py                       32      4    88%   45-48
invenio_records_rest/serializers/marshmallow.py                  20      0   100%
invenio_records_rest/serializers/response.py                     27      0   100%
invenio_records_rest/sorter.py                                   49      0   100%
invenio_records_rest/utils.py                                   100      1    99%   168
invenio_records_rest/views.py                                   339     13    96%   114-116, 127, 291, 296, 299, 440, 718, 723, 881, 924, 961
-------------------------------------------------------------------------------------------
TOTAL                                                          1394    124    91%
====================== 131 passed, 345 warnings in 30.64s ======================
 Container docker_services_cli-opensearch-1  Stopping
 Container docker_services_cli-redis-1  Stopping
 Container docker_services_cli-rabbitmq-1  Stopping
 Container docker_services_cli-postgresql-1  Stopping
 Container docker_services_cli-redis-1  Stopped
 Container docker_services_cli-redis-1  Removing
 Container docker_services_cli-redis-1  Removed
 Container docker_services_cli-postgresql-1  Stopped
 Container docker_services_cli-postgresql-1  Removing
 Container docker_services_cli-postgresql-1  Removed
 Container docker_services_cli-opensearch-1  Stopped
 Container docker_services_cli-opensearch-1  Removing
 Container docker_services_cli-opensearch-1  Removed
 Container docker_services_cli-rabbitmq-1  Stopped
 Container docker_services_cli-rabbitmq-1  Removing
 Container docker_services_cli-rabbitmq-1  Removed
 Network docker_services_cli_default  Removing
 Network docker_services_cli_default  Removed
