 postgresql Pulling 
 redis Pulling 
 opensearch Pulling 
 rabbitmq Pulling 
 20043066d3d5 Pulling fs layer 
 3fadc669ef11 Pulling fs layer 
 7084ac8f4ab6 Pulling fs layer 
 beb0d870d438 Pulling fs layer 
 d63c4408fdb7 Pulling fs layer 
 efa05c660812 Pulling fs layer 
 f4e7f62f4b80 Pulling fs layer 
 5e1c03b67a78 Pulling fs layer 
 14e6209d5fa8 Pulling fs layer 
 d686b50ce172 Pulling fs layer 
 efa05c660812 Waiting 
 f4e7f62f4b80 Waiting 
 5e1c03b67a78 Waiting 
 14e6209d5fa8 Waiting 
 d686b50ce172 Waiting 
 beb0d870d438 Waiting 
 d63c4408fdb7 Waiting 
 f9dd052e142d Pulling fs layer 
 e8c6d4883897 Pulling fs layer 
 648eb81b3252 Pulling fs layer 
 eb77aa907276 Pulling fs layer 
 4f4fb700ef54 Pulling fs layer 
 0ffa8f8aba1e Pulling fs layer 
 2e81b9cb93cd Pulling fs layer 
 eb77aa907276 Waiting 
 f9dd052e142d Waiting 
 e8c6d4883897 Waiting 
 648eb81b3252 Waiting 
 0ffa8f8aba1e Waiting 
 4f4fb700ef54 Waiting 
 2e81b9cb93cd Waiting 
 b0a0cf830b12 Pulling fs layer 
 dda3d8fbd5ed Pulling fs layer 
 283a477db7bb Pulling fs layer 
 91d2729fa4d5 Pulling fs layer 
 9739ced65621 Pulling fs layer 
 ae3bb1b347a4 Pulling fs layer 
 f8406d9c00ea Pulling fs layer 
 c199bff16b05 Pulling fs layer 
 e0d55fdb4d15 Pulling fs layer 
 b0a0cf830b12 Waiting 
 dda3d8fbd5ed Waiting 
 283a477db7bb Waiting 
 c1cb13b19080 Pulling fs layer 
 91d2729fa4d5 Waiting 
 873532e5f8c7 Pulling fs layer 
 050d9f8c3b1c Pulling fs layer 
 9739ced65621 Waiting 
 ae3bb1b347a4 Waiting 
 710e142705f8 Pulling fs layer 
 cb628c265f09 Pulling fs layer 
 f8406d9c00ea Waiting 
 c1cb13b19080 Waiting 
 873532e5f8c7 Waiting 
 c199bff16b05 Waiting 
 e0d55fdb4d15 Waiting 
 cb628c265f09 Waiting 
 710e142705f8 Waiting 
 4831516dd0cb Pulling fs layer 
 47a60771af96 Pulling fs layer 
 7b28be0c8c4d Pulling fs layer 
 edcaff0d5e7e Pulling fs layer 
 22dca8215bc4 Pulling fs layer 
 bbf018d6d4b8 Pulling fs layer 
 4f4fb700ef54 Pulling fs layer 
 c5761dea9b0e Pulling fs layer 
 4831516dd0cb Waiting 
 47a60771af96 Waiting 
 7b28be0c8c4d Waiting 
 edcaff0d5e7e Waiting 
 4f4fb700ef54 Waiting 
 c5761dea9b0e Waiting 
 bbf018d6d4b8 Waiting 
 22dca8215bc4 Waiting 
 20043066d3d5 Downloading [>                                                  ]  303.1kB/29.72MB
 7084ac8f4ab6 Downloading [>                                                  ]  75.63kB/7.468MB
 3fadc669ef11 Downloading [>                                                  ]  439.8kB/43.48MB
 7084ac8f4ab6 Verifying Checksum 
 7084ac8f4ab6 Download complete 
 20043066d3d5 Downloading [==========================================>        ]  25.26MB/29.72MB
 3fadc669ef11 Downloading [======================>                            ]  19.45MB/43.48MB
 20043066d3d5 Verifying Checksum 
 20043066d3d5 Download complete 
 beb0d870d438 Downloading [===>                                               ]     720B/9.462kB
 beb0d870d438 Downloading [==================================================>]  9.462kB/9.462kB
 beb0d870d438 Download complete 
 20043066d3d5 Extracting [>                                                  ]  327.7kB/29.72MB
 d63c4408fdb7 Downloading [>                                                  ]  214.8kB/21.31MB
 3fadc669ef11 Downloading [===========================================>       ]  38.04MB/43.48MB
 3fadc669ef11 Verifying Checksum 
 3fadc669ef11 Download complete 
 efa05c660812 Downloading [==================================================>]     189B/189B
 efa05c660812 Verifying Checksum 
 efa05c660812 Download complete 
 20043066d3d5 Extracting [========>                                          ]  4.915MB/29.72MB
 d63c4408fdb7 Downloading [====================================>              ]  15.41MB/21.31MB
 f4e7f62f4b80 Downloading [==================================================>]     109B/109B
 f4e7f62f4b80 Verifying Checksum 
 f4e7f62f4b80 Download complete 
 d63c4408fdb7 Verifying Checksum 
 d63c4408fdb7 Download complete 
 5e1c03b67a78 Downloading [==================================================>]     620B/620B
 5e1c03b67a78 Verifying Checksum 
 5e1c03b67a78 Download complete 
 20043066d3d5 Extracting [=============>                                     ]  8.192MB/29.72MB
 14e6209d5fa8 Downloading [===========================================>       ]     721B/833B
 14e6209d5fa8 Downloading [==================================================>]     833B/833B
 14e6209d5fa8 Verifying Checksum 
 14e6209d5fa8 Download complete 
 d686b50ce172 Downloading [>                                                  ]  126.4kB/12.47MB
 f9dd052e142d Downloading [>                                                  ]  528.2kB/52.33MB
 20043066d3d5 Extracting [==================>                                ]  10.81MB/29.72MB
 d686b50ce172 Download complete 
 e8c6d4883897 Downloading [>                                                  ]  44.91kB/4.398MB
 e8c6d4883897 Verifying Checksum 
 e8c6d4883897 Download complete 
 f9dd052e142d Downloading [======================>                            ]  23.32MB/52.33MB
 20043066d3d5 Extracting [===========================>                       ]  16.06MB/29.72MB
 648eb81b3252 Downloading [=======================>                           ]     720B/1.561kB
 648eb81b3252 Downloading [==================================================>]  1.561kB/1.561kB
 648eb81b3252 Download complete 
 f9dd052e142d Downloading [=======================================>           ]  41.29MB/52.33MB
 eb77aa907276 Downloading [>                                                  ]  532.5kB/907.7MB
 20043066d3d5 Extracting [=======================================>           ]  23.27MB/29.72MB
 4f4fb700ef54 Downloading [==================================================>]      32B/32B
 4f4fb700ef54 Verifying Checksum 
 4f4fb700ef54 Download complete 
 f9dd052e142d Verifying Checksum 
 f9dd052e142d Download complete 
 f9dd052e142d Extracting [>                                                  ]  524.3kB/52.33MB
 eb77aa907276 Downloading [>                                                  ]  5.853MB/907.7MB
 0ffa8f8aba1e Downloading [==================================================>]     226B/226B
 0ffa8f8aba1e Verifying Checksum 
 0ffa8f8aba1e Download complete 
 2e81b9cb93cd Downloading [===================>                               ]     708B/1.859kB
 2e81b9cb93cd Downloading [==================================================>]  1.859kB/1.859kB
 2e81b9cb93cd Verifying Checksum 
 2e81b9cb93cd Download complete 
 f9dd052e142d Extracting [=>                                                 ]  1.573MB/52.33MB
 eb77aa907276 Downloading [=>                                                 ]  27.42MB/907.7MB
 20043066d3d5 Extracting [==========================================>        ]  25.56MB/29.72MB
 b0a0cf830b12 Downloading [>                                                  ]  298.8kB/29.15MB
 dda3d8fbd5ed Downloading [==============================>                    ]     719B/1.165kB
 dda3d8fbd5ed Downloading [==================================================>]  1.165kB/1.165kB
 dda3d8fbd5ed Verifying Checksum 
 dda3d8fbd5ed Download complete 
 eb77aa907276 Downloading [==>                                                ]  43.02MB/907.7MB
 b0a0cf830b12 Verifying Checksum 
 b0a0cf830b12 Download complete 
 20043066d3d5 Extracting [==============================================>    ]  27.85MB/29.72MB
 f9dd052e142d Extracting [====>                                              ]  4.719MB/52.33MB
 b0a0cf830b12 Extracting [>                                                  ]  294.9kB/29.15MB
 283a477db7bb Downloading [>                                                  ]  46.48kB/4.533MB
 eb77aa907276 Downloading [===>                                               ]  71.44MB/907.7MB
 283a477db7bb Verifying Checksum 
 283a477db7bb Download complete 
 91d2729fa4d5 Downloading [>                                                  ]  15.73kB/1.45MB
 91d2729fa4d5 Download complete 
 20043066d3d5 Extracting [=================================================> ]  29.16MB/29.72MB
 f9dd052e142d Extracting [=====>                                             ]  5.243MB/52.33MB
 b0a0cf830b12 Extracting [======>                                            ]  3.834MB/29.15MB
 eb77aa907276 Downloading [====>                                              ]  83.74MB/907.7MB
 9739ced65621 Downloading [>                                                  ]  84.82kB/8.069MB
 ae3bb1b347a4 Downloading [>                                                  ]  12.99kB/1.196MB
 ae3bb1b347a4 Downloading [==================================================>]  1.196MB/1.196MB
 ae3bb1b347a4 Verifying Checksum 
 ae3bb1b347a4 Download complete 
 20043066d3d5 Extracting [=================================================> ]  29.49MB/29.72MB
 b0a0cf830b12 Extracting [============>                                      ]  7.373MB/29.15MB
 9739ced65621 Download complete 
 f9dd052e142d Extracting [========>                                          ]  8.389MB/52.33MB
 eb77aa907276 Downloading [=====>                                             ]  101.3MB/907.7MB
 f8406d9c00ea Downloading [==================================================>]     116B/116B
 f8406d9c00ea Verifying Checksum 
 f8406d9c00ea Download complete 
 f9dd052e142d Extracting [============>                                      ]  13.11MB/52.33MB
 c199bff16b05 Downloading [===========>                                       ]     720B/3.145kB
 c199bff16b05 Downloading [==================================================>]  3.145kB/3.145kB
 c199bff16b05 Verifying Checksum 
 c199bff16b05 Download complete 
 eb77aa907276 Downloading [======>                                            ]  120.6MB/907.7MB
 b0a0cf830b12 Extracting [================>                                  ]  9.732MB/29.15MB
 20043066d3d5 Extracting [==================================================>]  29.72MB/29.72MB
 20043066d3d5 Pull complete 
 c1cb13b19080 Downloading [===>                                               ]     688B/9.925kB
 c1cb13b19080 Downloading [==================================================>]  9.925kB/9.925kB
 c1cb13b19080 Verifying Checksum 
 c1cb13b19080 Download complete 
 e0d55fdb4d15 Downloading [>                                                  ]  539.4kB/109MB
 f9dd052e142d Extracting [=================>                                 ]  17.83MB/52.33MB
 3fadc669ef11 Extracting [>                                                  ]  458.8kB/43.48MB
 eb77aa907276 Downloading [=======>                                           ]  129.7MB/907.7MB
 b0a0cf830b12 Extracting [===================>                               ]   11.5MB/29.15MB
 e0d55fdb4d15 Downloading [===========>                                       ]  26.14MB/109MB
 3fadc669ef11 Extracting [===>                                               ]  3.211MB/43.48MB
 eb77aa907276 Downloading [========>                                          ]  151.8MB/907.7MB
 873532e5f8c7 Downloading [==================================================>]     128B/128B
 873532e5f8c7 Verifying Checksum 
 873532e5f8c7 Download complete 
 f9dd052e142d Extracting [====================>                              ]  20.97MB/52.33MB
 b0a0cf830b12 Extracting [=======================>                           ]  13.86MB/29.15MB
 e0d55fdb4d15 Downloading [========================>                          ]  52.36MB/109MB
 3fadc669ef11 Extracting [=======>                                           ]  6.423MB/43.48MB
 eb77aa907276 Downloading [=========>                                         ]  170.1MB/907.7MB
 050d9f8c3b1c Download complete 
 f9dd052e142d Extracting [=======================>                           ]  24.12MB/52.33MB
 b0a0cf830b12 Extracting [============================>                      ]  16.52MB/29.15MB
 e0d55fdb4d15 Downloading [=====================================>             ]  80.74MB/109MB
 3fadc669ef11 Extracting [===========>                                       ]  10.09MB/43.48MB
 eb77aa907276 Downloading [==========>                                        ]  182.5MB/907.7MB
 710e142705f8 Downloading [======>                                            ]     720B/5.421kB
 710e142705f8 Downloading [==================================================>]  5.421kB/5.421kB
 710e142705f8 Verifying Checksum 
 710e142705f8 Download complete 
 b0a0cf830b12 Extracting [==================================>                ]  20.05MB/29.15MB
 f9dd052e142d Extracting [=========================>                         ]  26.74MB/52.33MB
 3fadc669ef11 Extracting [===============>                                   ]  13.76MB/43.48MB
 e0d55fdb4d15 Downloading [=================================================> ]  107.5MB/109MB
 e0d55fdb4d15 Verifying Checksum 
 e0d55fdb4d15 Download complete 
 cb628c265f09 Downloading [==================================================>]     184B/184B
 cb628c265f09 Verifying Checksum 
 cb628c265f09 Download complete 
 eb77aa907276 Downloading [==========>                                        ]  196.4MB/907.7MB
 b0a0cf830b12 Extracting [========================================>          ]  23.89MB/29.15MB
 3fadc669ef11 Extracting [=====================>                             ]  18.35MB/43.48MB
 47a60771af96 Downloading [================================>                  ]     719B/1.105kB
 47a60771af96 Downloading [==================================================>]  1.105kB/1.105kB
 47a60771af96 Verifying Checksum 
 47a60771af96 Download complete 
 f9dd052e142d Extracting [===========================>                       ]  28.31MB/52.33MB
 eb77aa907276 Downloading [===========>                                       ]  206.1MB/907.7MB
 4831516dd0cb Downloading [>                                                  ]    290kB/28.23MB
 3fadc669ef11 Extracting [=========================>                         ]  22.02MB/43.48MB
 eb77aa907276 Downloading [============>                                      ]    227MB/907.7MB
 7b28be0c8c4d Downloading [=======================================>           ]     688B/874B
 7b28be0c8c4d Downloading [==================================================>]     874B/874B
 7b28be0c8c4d Verifying Checksum 
 7b28be0c8c4d Download complete 
 4831516dd0cb Verifying Checksum 
 4831516dd0cb Download complete 
 f9dd052e142d Extracting [============================>                      ]  29.36MB/52.33MB
 4831516dd0cb Extracting [>                                                  ]  294.9kB/28.23MB
 b0a0cf830b12 Extracting [==========================================>        ]  24.77MB/29.15MB
 3fadc669ef11 Extracting [===========================>                       ]  24.31MB/43.48MB
 eb77aa907276 Downloading [=============>                                     ]  245.3MB/907.7MB
 edcaff0d5e7e Downloading [>                                                  ]  15.74kB/1.438MB
 22dca8215bc4 Downloading [>                                                  ]  156.1kB/15.35MB
 edcaff0d5e7e Verifying Checksum 
 edcaff0d5e7e Download complete 
 4831516dd0cb Extracting [====>                                              ]  2.654MB/28.23MB
 eb77aa907276 Downloading [==============>                                    ]  266.2MB/907.7MB
 22dca8215bc4 Verifying Checksum 
 b0a0cf830b12 Extracting [=============================================>     ]  26.25MB/29.15MB
 22dca8215bc4 Download complete 
 3fadc669ef11 Extracting [===============================>                   ]  27.53MB/43.48MB
 f9dd052e142d Extracting [=============================>                     ]  30.41MB/52.33MB
 eb77aa907276 Downloading [===============>                                   ]    285MB/907.7MB
 4831516dd0cb Extracting [========>                                          ]  5.014MB/28.23MB
 bbf018d6d4b8 Downloading [==================================================>]      97B/97B
 bbf018d6d4b8 Verifying Checksum 
 bbf018d6d4b8 Download complete 
 3fadc669ef11 Extracting [==================================>                ]  29.82MB/43.48MB
 b0a0cf830b12 Extracting [===============================================>   ]  27.72MB/29.15MB
 4f4fb700ef54 Downloading [==================================================>]      32B/32B
 4f4fb700ef54 Verifying Checksum 
 4f4fb700ef54 Download complete 
 eb77aa907276 Downloading [=================>                                 ]  309.1MB/907.7MB
 f9dd052e142d Extracting [===============================>                   ]  32.51MB/52.33MB
 4831516dd0cb Extracting [=============>                                     ]  7.373MB/28.23MB
 3fadc669ef11 Extracting [=====================================>             ]  33.03MB/43.48MB
 c5761dea9b0e Downloading [==================================================>]     573B/573B
 c5761dea9b0e Verifying Checksum 
 c5761dea9b0e Download complete 
 b0a0cf830b12 Extracting [================================================>  ]  28.02MB/29.15MB
 eb77aa907276 Downloading [=================>                                 ]  320.9MB/907.7MB
 f9dd052e142d Extracting [===============================>                   ]  33.03MB/52.33MB
 4831516dd0cb Extracting [================>                                  ]  9.437MB/28.23MB
 3fadc669ef11 Extracting [==========================================>        ]  37.16MB/43.48MB
 eb77aa907276 Downloading [==================>                                ]  332.1MB/907.7MB
 3fadc669ef11 Extracting [===============================================>   ]  41.29MB/43.48MB
 4831516dd0cb Extracting [===================>                               ]  11.21MB/28.23MB
 f9dd052e142d Extracting [=================================>                 ]   34.6MB/52.33MB
 3fadc669ef11 Extracting [==================================================>]  43.48MB/43.48MB
 eb77aa907276 Downloading [==================>                                ]  344.4MB/907.7MB
 4831516dd0cb Extracting [========================>                          ]  13.86MB/28.23MB
 f9dd052e142d Extracting [==================================>                ]  36.18MB/52.33MB
 eb77aa907276 Downloading [===================>                               ]  362.6MB/907.7MB
 b0a0cf830b12 Extracting [================================================>  ]  28.31MB/29.15MB
 4831516dd0cb Extracting [================================>                  ]  18.28MB/28.23MB
 eb77aa907276 Downloading [====================>                              ]  379.8MB/907.7MB
 4831516dd0cb Extracting [========================================>          ]  22.71MB/28.23MB
 f9dd052e142d Extracting [====================================>              ]  37.75MB/52.33MB
 eb77aa907276 Downloading [======================>                            ]  405.6MB/907.7MB
 eb77aa907276 Downloading [=======================>                           ]  425.4MB/907.7MB
 eb77aa907276 Downloading [========================>                          ]  438.3MB/907.7MB
 4831516dd0cb Extracting [=========================================>         ]   23.3MB/28.23MB
 eb77aa907276 Downloading [=========================>                         ]  458.7MB/907.7MB
 b0a0cf830b12 Extracting [==================================================>]  29.15MB/29.15MB
 f9dd052e142d Extracting [====================================>              ]  38.27MB/52.33MB
 4831516dd0cb Extracting [=========================================>         ]  23.59MB/28.23MB
 eb77aa907276 Downloading [==========================>                        ]  484.9MB/907.7MB
 eb77aa907276 Downloading [===========================>                       ]  497.2MB/907.7MB
 f9dd052e142d Extracting [======================================>            ]  39.85MB/52.33MB
 b0a0cf830b12 Pull complete 
 dda3d8fbd5ed Extracting [==================================================>]  1.165kB/1.165kB
 dda3d8fbd5ed Extracting [==================================================>]  1.165kB/1.165kB
 eb77aa907276 Downloading [============================>                      ]  523.1MB/907.7MB
 4831516dd0cb Extracting [==========================================>        ]  23.89MB/28.23MB
 f9dd052e142d Extracting [========================================>          ]  41.94MB/52.33MB
 eb77aa907276 Downloading [=============================>                     ]  534.9MB/907.7MB
 4831516dd0cb Extracting [==========================================>        ]  24.18MB/28.23MB
 f9dd052e142d Extracting [========================================>          ]  42.47MB/52.33MB
 eb77aa907276 Downloading [==============================>                    ]  562.3MB/907.7MB
 f9dd052e142d Extracting [=========================================>         ]  43.52MB/52.33MB
 4831516dd0cb Extracting [==============================================>    ]  26.25MB/28.23MB
 eb77aa907276 Downloading [================================>                  ]    586MB/907.7MB
 f9dd052e142d Extracting [===========================================>       ]  45.09MB/52.33MB
 4831516dd0cb Extracting [===============================================>   ]  26.84MB/28.23MB
 eb77aa907276 Downloading [=================================>                 ]  602.1MB/907.7MB
 eb77aa907276 Downloading [==================================>                ]    630MB/907.7MB
 f9dd052e142d Extracting [============================================>      ]  46.14MB/52.33MB
 4831516dd0cb Extracting [================================================>  ]  27.13MB/28.23MB
 eb77aa907276 Downloading [===================================>               ]  650.3MB/907.7MB
 f9dd052e142d Extracting [==============================================>    ]  48.23MB/52.33MB
 eb77aa907276 Downloading [=====================================>             ]  681.5MB/907.7MB
 f9dd052e142d Extracting [==============================================>    ]  48.76MB/52.33MB
 eb77aa907276 Downloading [======================================>            ]  704.6MB/907.7MB
 eb77aa907276 Downloading [=======================================>           ]  718.1MB/907.7MB
 eb77aa907276 Downloading [========================================>          ]  742.9MB/907.7MB
 4831516dd0cb Extracting [================================================>  ]  27.43MB/28.23MB
 eb77aa907276 Downloading [==========================================>        ]  763.7MB/907.7MB
 eb77aa907276 Downloading [===========================================>       ]  787.4MB/907.7MB
 eb77aa907276 Downloading [============================================>      ]  808.3MB/907.7MB
 4831516dd0cb Extracting [=================================================> ]  28.02MB/28.23MB
 eb77aa907276 Downloading [============================================>      ]  815.8MB/907.7MB
 4831516dd0cb Extracting [==================================================>]  28.23MB/28.23MB
 f9dd052e142d Extracting [=================================================> ]  51.38MB/52.33MB
 eb77aa907276 Downloading [=============================================>     ]  830.8MB/907.7MB
 4831516dd0cb Pull complete 
 47a60771af96 Extracting [==================================================>]  1.105kB/1.105kB
 47a60771af96 Extracting [==================================================>]  1.105kB/1.105kB
 f9dd052e142d Extracting [=================================================> ]   51.9MB/52.33MB
 f9dd052e142d Extracting [==================================================>]  52.33MB/52.33MB
 eb77aa907276 Downloading [==============================================>    ]  849.6MB/907.7MB
 f9dd052e142d Pull complete 
 e8c6d4883897 Extracting [>                                                  ]  65.54kB/4.398MB
 eb77aa907276 Downloading [===============================================>   ]    856MB/907.7MB
 eb77aa907276 Downloading [===============================================>   ]  868.9MB/907.7MB
 e8c6d4883897 Extracting [========>                                          ]  720.9kB/4.398MB
 eb77aa907276 Downloading [================================================>  ]  882.8MB/907.7MB
 e8c6d4883897 Extracting [====================>                              ]  1.769MB/4.398MB
 eb77aa907276 Downloading [=================================================> ]  902.1MB/907.7MB
 eb77aa907276 Verifying Checksum 
 eb77aa907276 Download complete 
 e8c6d4883897 Extracting [=======================>                           ]  2.032MB/4.398MB
 e8c6d4883897 Extracting [=======================>                           ]  2.097MB/4.398MB
 e8c6d4883897 Extracting [========================>                          ]  2.163MB/4.398MB
 e8c6d4883897 Extracting [=========================>                         ]  2.228MB/4.398MB
 3fadc669ef11 Pull complete 
 7084ac8f4ab6 Extracting [>                                                  ]   98.3kB/7.468MB
 e8c6d4883897 Extracting [============================>                      ]   2.49MB/4.398MB
 7084ac8f4ab6 Extracting [========>                                          ]  1.278MB/7.468MB
 e8c6d4883897 Extracting [================================>                  ]  2.818MB/4.398MB
 dda3d8fbd5ed Pull complete 
 283a477db7bb Extracting [>                                                  ]  65.54kB/4.533MB
 47a60771af96 Pull complete 
 7b28be0c8c4d Extracting [==================================================>]     874B/874B
 7b28be0c8c4d Extracting [==================================================>]     874B/874B
 7084ac8f4ab6 Extracting [=============================================>     ]  6.783MB/7.468MB
 7b28be0c8c4d Pull complete 
 edcaff0d5e7e Extracting [=>                                                 ]  32.77kB/1.438MB
 7084ac8f4ab6 Extracting [==================================================>]  7.468MB/7.468MB
 7084ac8f4ab6 Extracting [==================================================>]  7.468MB/7.468MB
 7084ac8f4ab6 Pull complete 
 beb0d870d438 Extracting [==================================================>]  9.462kB/9.462kB
 beb0d870d438 Extracting [==================================================>]  9.462kB/9.462kB
 283a477db7bb Extracting [=======================>                           ]  2.163MB/4.533MB
 edcaff0d5e7e Extracting [==================================================>]  1.438MB/1.438MB
 e8c6d4883897 Extracting [=====================================>             ]  3.277MB/4.398MB
 beb0d870d438 Pull complete 
 edcaff0d5e7e Pull complete 
 22dca8215bc4 Extracting [>                                                  ]  163.8kB/15.35MB
 d63c4408fdb7 Extracting [>                                                  ]  229.4kB/21.31MB
 283a477db7bb Extracting [==================================================>]  4.533MB/4.533MB
 e8c6d4883897 Extracting [========================================>          ]  3.539MB/4.398MB
 22dca8215bc4 Extracting [===============>                                   ]  4.751MB/15.35MB
 e8c6d4883897 Extracting [==================================================>]  4.398MB/4.398MB
 d63c4408fdb7 Extracting [======>                                            ]  2.982MB/21.31MB
 283a477db7bb Pull complete 
 e8c6d4883897 Pull complete 
 91d2729fa4d5 Extracting [=>                                                 ]  32.77kB/1.45MB
 648eb81b3252 Extracting [==================================================>]  1.561kB/1.561kB
 648eb81b3252 Extracting [==================================================>]  1.561kB/1.561kB
 648eb81b3252 Pull complete 
 91d2729fa4d5 Extracting [==================================================>]   1.45MB/1.45MB
 22dca8215bc4 Extracting [==============================>                    ]  9.503MB/15.35MB
 91d2729fa4d5 Pull complete 
 9739ced65621 Extracting [>                                                  ]   98.3kB/8.069MB
 d63c4408fdb7 Extracting [===========>                                       ]  5.046MB/21.31MB
 eb77aa907276 Extracting [>                                                  ]  557.1kB/907.7MB
 22dca8215bc4 Extracting [==============================================>    ]  14.42MB/15.35MB
 22dca8215bc4 Extracting [==================================================>]  15.35MB/15.35MB
 9739ced65621 Extracting [==================>                                ]  2.949MB/8.069MB
 22dca8215bc4 Pull complete 
 bbf018d6d4b8 Extracting [==================================================>]      97B/97B
 bbf018d6d4b8 Extracting [==================================================>]      97B/97B
 eb77aa907276 Extracting [>                                                  ]  11.14MB/907.7MB
 d63c4408fdb7 Extracting [===================>                               ]  8.487MB/21.31MB
 bbf018d6d4b8 Pull complete 
 4f4fb700ef54 Extracting [==================================================>]      32B/32B
 4f4fb700ef54 Extracting [==================================================>]      32B/32B
 4f4fb700ef54 Pull complete 
 c5761dea9b0e Extracting [==================================================>]     573B/573B
 c5761dea9b0e Extracting [==================================================>]     573B/573B
 c5761dea9b0e Pull complete 
 redis Pulled 
 9739ced65621 Extracting [==========================>                        ]  4.325MB/8.069MB
 eb77aa907276 Extracting [=>                                                 ]  25.07MB/907.7MB
 d63c4408fdb7 Extracting [=========================>                         ]  11.01MB/21.31MB
 9739ced65621 Extracting [===================================>               ]    5.8MB/8.069MB
 eb77aa907276 Extracting [==>                                                ]  40.67MB/907.7MB
 d63c4408fdb7 Extracting [================================>                  ]  13.99MB/21.31MB
 9739ced65621 Extracting [=============================================>     ]  7.373MB/8.069MB
 9739ced65621 Extracting [==================================================>]  8.069MB/8.069MB
 eb77aa907276 Extracting [===>                                               ]  57.93MB/907.7MB
 d63c4408fdb7 Extracting [====================================>              ]   15.6MB/21.31MB
 9739ced65621 Pull complete 
 ae3bb1b347a4 Extracting [=>                                                 ]  32.77kB/1.196MB
 ae3bb1b347a4 Extracting [==================================================>]  1.196MB/1.196MB
 ae3bb1b347a4 Extracting [==================================================>]  1.196MB/1.196MB
 eb77aa907276 Extracting [===>                                               ]  70.19MB/907.7MB
 d63c4408fdb7 Extracting [=======================================>           ]  16.97MB/21.31MB
 ae3bb1b347a4 Pull complete 
 f8406d9c00ea Extracting [==================================================>]     116B/116B
 f8406d9c00ea Extracting [==================================================>]     116B/116B
 f8406d9c00ea Pull complete 
 c199bff16b05 Extracting [==================================================>]  3.145kB/3.145kB
 c199bff16b05 Extracting [==================================================>]  3.145kB/3.145kB
 c199bff16b05 Pull complete 
 d63c4408fdb7 Extracting [===========================================>       ]  18.58MB/21.31MB
 eb77aa907276 Extracting [====>                                              ]  81.89MB/907.7MB
 e0d55fdb4d15 Extracting [>                                                  ]  557.1kB/109MB
 eb77aa907276 Extracting [====>                                              ]  90.24MB/907.7MB
 e0d55fdb4d15 Extracting [==>                                                ]  5.014MB/109MB
 eb77aa907276 Extracting [=====>                                             ]  96.37MB/907.7MB
 e0d55fdb4d15 Extracting [===>                                               ]  8.356MB/109MB
 d63c4408fdb7 Extracting [================================================>  ]  20.87MB/21.31MB
 d63c4408fdb7 Extracting [==================================================>]  21.31MB/21.31MB
 eb77aa907276 Extracting [=====>                                             ]  102.5MB/907.7MB
 d63c4408fdb7 Pull complete 
 efa05c660812 Extracting [==================================================>]     189B/189B
 efa05c660812 Extracting [==================================================>]     189B/189B
 e0d55fdb4d15 Extracting [=====>                                             ]  11.14MB/109MB
 efa05c660812 Pull complete 
 f4e7f62f4b80 Extracting [==================================================>]     109B/109B
 f4e7f62f4b80 Extracting [==================================================>]     109B/109B
 f4e7f62f4b80 Pull complete 
 5e1c03b67a78 Extracting [==================================================>]     620B/620B
 5e1c03b67a78 Extracting [==================================================>]     620B/620B
 5e1c03b67a78 Pull complete 
 14e6209d5fa8 Extracting [==================================================>]     833B/833B
 14e6209d5fa8 Extracting [==================================================>]     833B/833B
 eb77aa907276 Extracting [=====>                                             ]    107MB/907.7MB
 14e6209d5fa8 Pull complete 
 d686b50ce172 Extracting [>                                                  ]  131.1kB/12.47MB
 e0d55fdb4d15 Extracting [======>                                            ]  13.93MB/109MB
 eb77aa907276 Extracting [======>                                            ]  112.5MB/907.7MB
 d686b50ce172 Extracting [===============>                                   ]  3.801MB/12.47MB
 e0d55fdb4d15 Extracting [=======>                                           ]  16.71MB/109MB
 eb77aa907276 Extracting [======>                                            ]  118.7MB/907.7MB
 d686b50ce172 Extracting [=======================>                           ]  5.898MB/12.47MB
 e0d55fdb4d15 Extracting [=========>                                         ]  20.05MB/109MB
 eb77aa907276 Extracting [======>                                            ]  124.8MB/907.7MB
 d686b50ce172 Extracting [==========================>                        ]  6.685MB/12.47MB
 e0d55fdb4d15 Extracting [==========>                                        ]  23.95MB/109MB
 eb77aa907276 Extracting [=======>                                           ]  129.8MB/907.7MB
 d686b50ce172 Extracting [================================>                  ]  7.995MB/12.47MB
 e0d55fdb4d15 Extracting [============>                                      ]   27.3MB/109MB
 eb77aa907276 Extracting [=======>                                           ]  134.8MB/907.7MB
 d686b50ce172 Extracting [=======================================>           ]  9.961MB/12.47MB
 e0d55fdb4d15 Extracting [===============>                                   ]  33.42MB/109MB
 eb77aa907276 Extracting [=======>                                           ]  139.8MB/907.7MB
 d686b50ce172 Extracting [============================================>      ]  11.01MB/12.47MB
 e0d55fdb4d15 Extracting [=================>                                 ]  38.99MB/109MB
 eb77aa907276 Extracting [=======>                                           ]  144.3MB/907.7MB
 d686b50ce172 Extracting [==================================================>]  12.47MB/12.47MB
 e0d55fdb4d15 Extracting [====================>                              ]  45.12MB/109MB
 eb77aa907276 Extracting [========>                                          ]  148.2MB/907.7MB
 e0d55fdb4d15 Extracting [=======================>                           ]  51.25MB/109MB
 eb77aa907276 Extracting [========>                                          ]  153.7MB/907.7MB
 e0d55fdb4d15 Extracting [=========================>                         ]  54.59MB/109MB
 eb77aa907276 Extracting [========>                                          ]  159.3MB/907.7MB
 e0d55fdb4d15 Extracting [==========================>                        ]  56.82MB/109MB
 eb77aa907276 Extracting [=========>                                         ]  169.3MB/907.7MB
 eb77aa907276 Extracting [==========>                                        ]  186.1MB/907.7MB
 e0d55fdb4d15 Extracting [============================>                      ]  62.39MB/109MB
 d686b50ce172 Pull complete 
 rabbitmq Pulled 
 eb77aa907276 Extracting [==========>                                        ]  199.4MB/907.7MB
 e0d55fdb4d15 Extracting [================================>                  ]  70.75MB/109MB
 eb77aa907276 Extracting [===========>                                       ]  212.2MB/907.7MB
 e0d55fdb4d15 Extracting [===================================>               ]  77.43MB/109MB
 eb77aa907276 Extracting [============>                                      ]  221.7MB/907.7MB
 e0d55fdb4d15 Extracting [======================================>            ]  84.67MB/109MB
 eb77aa907276 Extracting [============>                                      ]  230.1MB/907.7MB
 e0d55fdb4d15 Extracting [==========================================>        ]  91.91MB/109MB
 eb77aa907276 Extracting [=============>                                     ]  238.4MB/907.7MB
 e0d55fdb4d15 Extracting [===========================================>       ]  94.14MB/109MB
 eb77aa907276 Extracting [=============>                                     ]  248.4MB/907.7MB
 e0d55fdb4d15 Extracting [============================================>      ]  96.93MB/109MB
 eb77aa907276 Extracting [==============>                                    ]    264MB/907.7MB
 e0d55fdb4d15 Extracting [=============================================>     ]  99.71MB/109MB
 eb77aa907276 Extracting [===============>                                   ]  281.3MB/907.7MB
 e0d55fdb4d15 Extracting [===============================================>   ]  102.5MB/109MB
 eb77aa907276 Extracting [================>                                  ]  302.5MB/907.7MB
 e0d55fdb4d15 Extracting [===============================================>   ]  103.6MB/109MB
 eb77aa907276 Extracting [=================>                                 ]  320.3MB/907.7MB
 e0d55fdb4d15 Extracting [================================================>  ]  105.3MB/109MB
 eb77aa907276 Extracting [==================>                                ]    337MB/907.7MB
 e0d55fdb4d15 Extracting [=================================================> ]    107MB/109MB
 eb77aa907276 Extracting [===================>                               ]  353.2MB/907.7MB
 eb77aa907276 Extracting [===================>                               ]  362.6MB/907.7MB
 eb77aa907276 Extracting [====================>                              ]  368.8MB/907.7MB
 e0d55fdb4d15 Extracting [=================================================> ]  107.5MB/109MB
 eb77aa907276 Extracting [====================>                              ]    376MB/907.7MB
 e0d55fdb4d15 Extracting [=================================================> ]  108.6MB/109MB
 e0d55fdb4d15 Extracting [==================================================>]    109MB/109MB
 eb77aa907276 Extracting [=====================>                             ]  393.3MB/907.7MB
 eb77aa907276 Extracting [======================>                            ]  411.7MB/907.7MB
 eb77aa907276 Extracting [========================>                          ]  438.4MB/907.7MB
 eb77aa907276 Extracting [=========================>                         ]  465.1MB/907.7MB
 eb77aa907276 Extracting [===========================>                       ]  491.9MB/907.7MB
 eb77aa907276 Extracting [============================>                      ]  518.1MB/907.7MB
 eb77aa907276 Extracting [=============================>                     ]  544.2MB/907.7MB
 eb77aa907276 Extracting [===============================>                   ]    571MB/907.7MB
 eb77aa907276 Extracting [================================>                  ]  596.6MB/907.7MB
 eb77aa907276 Extracting [==================================>                ]  620.6MB/907.7MB
 eb77aa907276 Extracting [===================================>               ]  645.6MB/907.7MB
 eb77aa907276 Extracting [=====================================>             ]  672.4MB/907.7MB
 eb77aa907276 Extracting [======================================>            ]  699.7MB/907.7MB
 eb77aa907276 Extracting [=======================================>           ]  724.2MB/907.7MB
 eb77aa907276 Extracting [=========================================>         ]  748.1MB/907.7MB
 eb77aa907276 Extracting [==========================================>        ]  769.3MB/907.7MB
 e0d55fdb4d15 Pull complete 
 c1cb13b19080 Extracting [==================================================>]  9.925kB/9.925kB
 c1cb13b19080 Extracting [==================================================>]  9.925kB/9.925kB
 eb77aa907276 Extracting [===========================================>       ]  787.1MB/907.7MB
 eb77aa907276 Extracting [============================================>      ]  807.7MB/907.7MB
 eb77aa907276 Extracting [=============================================>     ]  820.5MB/907.7MB
 eb77aa907276 Extracting [==============================================>    ]  841.7MB/907.7MB
 eb77aa907276 Extracting [===============================================>   ]  862.9MB/907.7MB
 c1cb13b19080 Pull complete 
 873532e5f8c7 Extracting [==================================================>]     128B/128B
 873532e5f8c7 Extracting [==================================================>]     128B/128B
 eb77aa907276 Extracting [================================================>  ]  880.1MB/907.7MB
 eb77aa907276 Extracting [=================================================> ]  901.3MB/907.7MB
 873532e5f8c7 Pull complete 
 050d9f8c3b1c Extracting [==================================================>]     169B/169B
 050d9f8c3b1c Extracting [==================================================>]     169B/169B
 050d9f8c3b1c Pull complete 
 710e142705f8 Extracting [==================================================>]  5.421kB/5.421kB
 710e142705f8 Extracting [==================================================>]  5.421kB/5.421kB
 710e142705f8 Pull complete 
 cb628c265f09 Extracting [==================================================>]     184B/184B
 cb628c265f09 Extracting [==================================================>]     184B/184B
 eb77aa907276 Extracting [==================================================>]  907.7MB/907.7MB
 cb628c265f09 Pull complete 
 postgresql Pulled 
 eb77aa907276 Pull complete 
 4f4fb700ef54 Extracting [==================================================>]      32B/32B
 4f4fb700ef54 Extracting [==================================================>]      32B/32B
 4f4fb700ef54 Pull complete 
 0ffa8f8aba1e Extracting [==================================================>]     226B/226B
 0ffa8f8aba1e Extracting [==================================================>]     226B/226B
 0ffa8f8aba1e Pull complete 
 2e81b9cb93cd Extracting [==================================================>]  1.859kB/1.859kB
 2e81b9cb93cd Extracting [==================================================>]  1.859kB/1.859kB
 2e81b9cb93cd Pull complete 
 opensearch Pulled 
 Network docker_services_cli_default  Creating
 Network docker_services_cli_default  Created
 Container docker_services_cli-opensearch-1  Creating
 Container docker_services_cli-rabbitmq-1  Creating
 Container docker_services_cli-redis-1  Creating
 Container docker_services_cli-postgresql-1  Creating
 Container docker_services_cli-opensearch-1  Created
 Container docker_services_cli-redis-1  Created
 Container docker_services_cli-postgresql-1  Created
 Container docker_services_cli-rabbitmq-1  Created
 Container docker_services_cli-postgresql-1  Starting
 Container docker_services_cli-redis-1  Starting
 Container docker_services_cli-opensearch-1  Starting
 Container docker_services_cli-rabbitmq-1  Starting
 Container docker_services_cli-redis-1  Started
 Container docker_services_cli-postgresql-1  Started
 Container docker_services_cli-rabbitmq-1  Started
 Container docker_services_cli-opensearch-1  Started
::warning file=/home/runner/work/test-zip-extract-repository/test-zip-extract-repository/workdir/tests/invenio-files-rest/original/.venv/lib/python3.14/site-packages/webargs/compat.py,line=8::The '__version__' attribute is deprecated and will be removed in in a future version. Use feature detection or 'importlib.metadata.version("marshmallow")' instead.
::warning file=/home/runner/work/test-zip-extract-repository/test-zip-extract-repository/workdir/tests/invenio-files-rest/original/.venv/lib/python3.14/site-packages/webargs/compat.py,line=8::distutils Version classes are deprecated. Use packaging.version instead.
::warning file=/home/runner/work/test-zip-extract-repository/test-zip-extract-repository/workdir/tests/invenio-files-rest/original/.venv/lib/python3.14/site-packages/webargs/__init__.py,line=13::distutils Version classes are deprecated. Use packaging.version instead.
============================= test session starts ==============================
platform linux -- Python 3.14.2, pytest-8.4.2, pluggy-1.6.0
rootdir: /home/runner/work/test-zip-extract-repository/test-zip-extract-repository/workdir/tests/invenio-files-rest/original
configfile: setup.cfg
testpaths: tests, invenio_files_rest
plugins: github-actions-annotate-failures-0.3.0, black-0.6.0, pycodestyle-2.5.0, flask-1.3.0, isort-4.0.0, cov-7.0.0, invenio-4.0.0, pydocstyle-2.4.0
collected 221 items
::warning file=/home/runner/work/test-zip-extract-repository/test-zip-extract-repository/workdir/tests/invenio-files-rest/original/.venv/lib/python3.14/site-packages/flask_admin/contrib/__init__.py,line=2::pkg_resources is deprecated as an API. See https://setuptools.pypa.io/en/latest/pkg_resources.html. The pkg_resources package is slated for removal as early as 2025-11-30. Refrain from using this package or pin to Setuptools<81.
::warning file=/home/runner/work/test-zip-extract-repository/test-zip-extract-repository/workdir/tests/invenio-files-rest/original/.venv/lib/python3.14/site-packages/pkg_resources/__init__.py,line=3148::Deprecated call to `pkg_resources.declare_namespace('sphinxcontrib')`.%0AImplementing implicit namespace packages (as specified in PEP 420) is preferred to `pkg_resources.declare_namespace`. See https://setuptools.pypa.io/en/latest/references/keywords.html#keyword-namespace-packages
::warning file=/home/runner/work/test-zip-extract-repository/test-zip-extract-repository/workdir/tests/invenio-files-rest/original/.venv/lib/python3.14/site-packages/pkg_resources/__init__.py,line=3148::Deprecated call to `pkg_resources.declare_namespace('sphinxcontrib')`.%0AImplementing implicit namespace packages (as specified in PEP 420) is preferred to `pkg_resources.declare_namespace`. See https://setuptools.pypa.io/en/latest/references/keywords.html#keyword-namespace-packages
::warning file=/home/runner/work/test-zip-extract-repository/test-zip-extract-repository/workdir/tests/invenio-files-rest/original/.venv/lib/python3.14/site-packages/flask_admin/contrib/__init__.py,line=2::Deprecated call to `pkg_resources.declare_namespace('flask_admin.contrib')`.%0AImplementing implicit namespace packages (as specified in PEP 420) is preferred to `pkg_resources.declare_namespace`. See https://setuptools.pypa.io/en/latest/references/keywords.html#keyword-namespace-packages
::warning file=/home/runner/work/test-zip-extract-repository/test-zip-extract-repository/workdir/tests/invenio-files-rest/original/.venv/lib/python3.14/site-packages/pkg_resources/__init__.py,line=2560::Deprecated call to `pkg_resources.declare_namespace('flask_admin')`.%0AImplementing implicit namespace packages (as specified in PEP 420) is preferred to `pkg_resources.declare_namespace`. See https://setuptools.pypa.io/en/latest/references/keywords.html#keyword-namespace-packages

tests/test_admin.py ..::warning file=/home/runner/work/test-zip-extract-repository/test-zip-extract-repository/workdir/tests/invenio-files-rest/original/.venv/lib/python3.14/site-packages/invenio_admin/ext.py,line=81::Usage of model and modelview kwargs are deprecated in favor of view_class, args and kwargs.
::warning file=/home/runner/work/test-zip-extract-repository/test-zip-extract-repository/workdir/tests/invenio-files-rest/original/.venv/lib/python3.14/site-packages/invenio_admin/ext.py,line=81::Usage of model and modelview kwargs are deprecated in favor of view_class, args and kwargs.
::warning file=/home/runner/work/test-zip-extract-repository/test-zip-extract-repository/workdir/tests/invenio-files-rest/original/.venv/lib/python3.14/site-packages/invenio_admin/ext.py,line=81::Usage of model and modelview kwargs are deprecated in favor of view_class, args and kwargs.
::warning file=/home/runner/work/test-zip-extract-repository/test-zip-extract-repository/workdir/tests/invenio-files-rest/original/.venv/lib/python3.14/site-packages/invenio_admin/ext.py,line=81::Usage of model and modelview kwargs are deprecated in favor of view_class, args and kwargs.
::warning file=/home/runner/work/test-zip-extract-repository/test-zip-extract-repository/workdir/tests/invenio-files-rest/original/.venv/lib/python3.14/site-packages/invenio_admin/ext.py,line=81::Usage of model and modelview kwargs are deprecated in favor of view_class, args and kwargs.
::warning file=/home/runner/work/test-zip-extract-repository/test-zip-extract-repository/workdir/tests/invenio-files-rest/original/.venv/lib/python3.14/site-packages/invenio_admin/ext.py,line=81::Usage of model and modelview kwargs are deprecated in favor of view_class, args and kwargs.
::warning file=/home/runner/work/test-zip-extract-repository/test-zip-extract-repository/workdir/tests/invenio-files-rest/original/.venv/lib/python3.14/site-packages/invenio_admin/ext.py,line=81::Usage of model and modelview kwargs are deprecated in favor of view_class, args and kwargs.
::warning file=/home/runner/work/test-zip-extract-repository/test-zip-extract-repository/workdir/tests/invenio-files-rest/original/.venv/lib/python3.14/site-packages/invenio_admin/ext.py,line=81::Usage of model and modelview kwargs are deprecated in favor of view_class, args and kwargs.
::warning file=/home/runner/work/test-zip-extract-repository/test-zip-extract-repository/workdir/tests/invenio-files-rest/original/.venv/lib/python3.14/site-packages/invenio_admin/ext.py,line=81::Usage of model and modelview kwargs are deprecated in favor of view_class, args and kwargs.
::warning file=/home/runner/work/test-zip-extract-repository/test-zip-extract-repository/workdir/tests/invenio-files-rest/original/.venv/lib/python3.14/site-packages/invenio_admin/ext.py,line=81::Usage of model and modelview kwargs are deprecated in favor of view_class, args and kwargs.
::warning file=/home/runner/work/test-zip-extract-repository/test-zip-extract-repository/workdir/tests/invenio-files-rest/original/.venv/lib/python3.14/site-packages/invenio_admin/ext.py,line=81::Usage of model and modelview kwargs are deprecated in favor of view_class, args and kwargs.
::warning file=/home/runner/work/test-zip-extract-repository/test-zip-extract-repository/workdir/tests/invenio-files-rest/original/.venv/lib/python3.14/site-packages/invenio_admin/ext.py,line=81::Usage of model and modelview kwargs are deprecated in favor of view_class, args and kwargs.
                                                   [  0%]
tests/test_cli.py .::warning file=/home/runner/work/test-zip-extract-repository/test-zip-extract-repository/workdir/tests/invenio-files-rest/original/invenio_files_rest/models.py,line=719::Object of type <ObjectVersion> not in session, add operation along 'Bucket.objects' will not proceed (This warning originated from the Session 'autoflush' process, which was invoked automatically in response to a user-initiated operation. Consider using ``no_autoflush`` context manager if this warning happened while initializing objects.)
                                                      [  1%]
tests/test_helpers.py .                                                  [  1%]
tests/test_invenio_files_rest.py ...::warning file=/home/runner/work/test-zip-extract-repository/test-zip-extract-repository/workdir/tests/invenio-files-rest/original/.venv/lib/python3.14/site-packages/alembic/config.py,line=580::No path_separator found in configuration; falling back to legacy splitting on spaces/commas for version_locations.  Consider adding path_separator=os to Alembic config.
::warning file=/home/runner/work/test-zip-extract-repository/test-zip-extract-repository/workdir/tests/invenio-files-rest/original/.venv/lib/python3.14/site-packages/alembic/ddl/postgresql.py,line=202::autoincrement and existing_autoincrement only make sense for MySQL
::warning file=/home/runner/work/test-zip-extract-repository/test-zip-extract-repository/workdir/tests/invenio-files-rest/original/.venv/lib/python3.14/site-packages/invenio_accounts/alembic/9848d0149abd_create_accounts_tables.py,line=99::The from_engine() method on Inspector is deprecated and will be removed in a future release.  Please use the sqlalchemy.inspect() function on an Engine or Connection in order to acquire an Inspector. (deprecated since: 1.4)
                                     [  3%]
tests/test_limiters.py .                                                 [  3%]
tests/test_models.py ..................::warning file=/home/runner/work/test-zip-extract-repository/test-zip-extract-repository/workdir/tests/invenio-files-rest/original/invenio_files_rest/models.py,line=719::Object of type <ObjectVersion> not in session, add operation along 'Bucket.objects' will not proceed (This warning originated from the Session 'autoflush' process, which was invoked automatically in response to a user-initiated operation. Consider using ``no_autoflush`` context manager if this warning happened while initializing objects.)
..::warning file=/home/runner/work/test-zip-extract-repository/test-zip-extract-repository/workdir/tests/invenio-files-rest/original/invenio_files_rest/models.py,line=719::Object of type <ObjectVersion> not in session, add operation along 'Bucket.objects' will not proceed (This warning originated from the Session 'autoflush' process, which was invoked automatically in response to a user-initiated operation. Consider using ``no_autoflush`` context manager if this warning happened while initializing objects.)
.::warning file=/home/runner/work/test-zip-extract-repository/test-zip-extract-repository/workdir/tests/invenio-files-rest/original/invenio_files_rest/models.py,line=719::Object of type <ObjectVersion> not in session, add operation along 'Bucket.objects' will not proceed (This warning originated from the Session 'autoflush' process, which was invoked automatically in response to a user-initiated operation. Consider using ``no_autoflush`` context manager if this warning happened while initializing objects.)
..::warning file=/home/runner/work/test-zip-extract-repository/test-zip-extract-repository/workdir/tests/invenio-files-rest/original/invenio_files_rest/models.py,line=719::Object of type <ObjectVersion> not in session, add operation along 'Bucket.objects' will not proceed (This warning originated from the Session 'autoflush' process, which was invoked automatically in response to a user-initiated operation. Consider using ``no_autoflush`` context manager if this warning happened while initializing objects.)
.::warning file=/home/runner/work/test-zip-extract-repository/test-zip-extract-repository/workdir/tests/invenio-files-rest/original/invenio_files_rest/models.py,line=719::Object of type <ObjectVersion> not in session, add operation along 'Bucket.objects' will not proceed (This warning originated from the Session 'autoflush' process, which was invoked automatically in response to a user-initiated operation. Consider using ``no_autoflush`` context manager if this warning happened while initializing objects.)
.::warning file=/home/runner/work/test-zip-extract-repository/test-zip-extract-repository/workdir/tests/invenio-files-rest/original/invenio_files_rest/models.py,line=719::Object of type <ObjectVersion> not in session, add operation along 'Bucket.objects' will not proceed (This warning originated from the Session 'autoflush' process, which was invoked automatically in response to a user-initiated operation. Consider using ``no_autoflush`` context manager if this warning happened while initializing objects.)
..::warning file=/home/runner/work/test-zip-extract-repository/test-zip-extract-repository/workdir/tests/invenio-files-rest/original/invenio_files_rest/models.py,line=719::Object of type <ObjectVersion> not in session, add operation along 'Bucket.objects' will not proceed (This warning originated from the Session 'autoflush' process, which was invoked automatically in response to a user-initiated operation. Consider using ``no_autoflush`` context manager if this warning happened while initializing objects.)
....::warning file=/home/runner/work/test-zip-extract-repository/test-zip-extract-repository/workdir/tests/invenio-files-rest/original/invenio_files_rest/models.py,line=719::Object of type <ObjectVersion> not in session, add operation along 'Bucket.objects' will not proceed (This warning originated from the Session 'autoflush' process, which was invoked automatically in response to a user-initiated operation. Consider using ``no_autoflush`` context manager if this warning happened while initializing objects.)
.::warning file=/home/runner/work/test-zip-extract-repository/test-zip-extract-repository/workdir/tests/invenio-files-rest/original/invenio_files_rest/models.py,line=719::Object of type <ObjectVersion> not in session, add operation along 'Bucket.objects' will not proceed (This warning originated from the Session 'autoflush' process, which was invoked automatically in response to a user-initiated operation. Consider using ``no_autoflush`` context manager if this warning happened while initializing objects.)
...........::warning file=/home/runner/work/test-zip-extract-repository/test-zip-extract-repository/workdir/tests/invenio-files-rest/original/invenio_files_rest/models.py,line=719::Object of type <ObjectVersion> not in session, add operation along 'Bucket.objects' will not proceed (This warning originated from the Session 'autoflush' process, which was invoked automatically in response to a user-initiated operation. Consider using ``no_autoflush`` context manager if this warning happened while initializing objects.)
         [ 23%]
tests/test_models_multipart.py ...::warning file=/home/runner/work/test-zip-extract-repository/test-zip-extract-repository/workdir/tests/invenio-files-rest/original/invenio_files_rest/models.py,line=719::Object of type <ObjectVersion> not in session, add operation along 'Bucket.objects' will not proceed (This warning originated from the Session 'autoflush' process, which was invoked automatically in response to a user-initiated operation. Consider using ``no_autoflush`` context manager if this warning happened while initializing objects.)
.::warning file=/home/runner/work/test-zip-extract-repository/test-zip-extract-repository/workdir/tests/invenio-files-rest/original/invenio_files_rest/models.py,line=719::Object of type <ObjectVersion> not in session, add operation along 'Bucket.objects' will not proceed (This warning originated from the Session 'autoflush' process, which was invoked automatically in response to a user-initiated operation. Consider using ``no_autoflush`` context manager if this warning happened while initializing objects.)
                                      [ 24%]
tests/test_request.py .                                                  [ 25%]
tests/test_serializer.py .                                               [ 25%]
tests/test_signals.py .                                                  [ 26%]
tests/test_storage.py ...................                                [ 34%]
tests/test_tasks.py .......                                              [ 38%]
tests/test_views_bucket.py .....................                         [ 47%]
tests/test_views_location.py ......                                      [ 50%]
tests/test_views_multipart.py .........EEEEE...................::warning file=/home/runner/work/test-zip-extract-repository/test-zip-extract-repository/workdir/tests/invenio-files-rest/original/invenio_files_rest/models.py,line=719::Object of type <ObjectVersion> not in session, add operation along 'Bucket.objects' will not proceed (This warning originated from the Session 'autoflush' process, which was invoked automatically in response to a user-initiated operation. Consider using ``no_autoflush`` context manager if this warning happened while initializing objects.)
.::warning file=/home/runner/work/test-zip-extract-repository/test-zip-extract-repository/workdir/tests/invenio-files-rest/original/invenio_files_rest/models.py,line=719::Object of type <ObjectVersion> not in session, add operation along 'Bucket.objects' will not proceed (This warning originated from the Session 'autoflush' process, which was invoked automatically in response to a user-initiated operation. Consider using ``no_autoflush`` context manager if this warning happened while initializing objects.)
........ [ 69%]
.......                                                                  [ 72%]
tests/test_views_objectversion.py ........EEEE.......................EEE [ 89%]
EEEEEE................                                                   [ 99%]
invenio_files_rest/__init__.py .::warning file=/home/runner/work/test-zip-extract-repository/test-zip-extract-repository/workdir/tests/invenio-files-rest/original/.venv/lib/python3.14/site-packages/invenio_rest/ext.py,line=29::CSRF validation will be enabled by default in the version 1.3.x
                                         [100%]

==================================== ERRORS ====================================
__________________ ERROR at setup of test_post_locked_bucket ___________________

self = <sqlalchemy.engine.base.Connection object at 0x7fd3b0d01e50>
engine = Engine(postgresql+psycopg2://invenio:***@localhost:5432/postgres)
connection = None, _has_events = None, _allow_revalidate = True
_allow_autobegin = True

    def __init__(
        self,
        engine: Engine,
        connection: Optional[PoolProxiedConnection] = None,
        _has_events: Optional[bool] = None,
        _allow_revalidate: bool = True,
        _allow_autobegin: bool = True,
    ):
        """Construct a new Connection."""
        self.engine = engine
        self.dialect = dialect = engine.dialect
    
        if connection is None:
            try:
>               self._dbapi_connection = engine.raw_connection()
                                         ^^^^^^^^^^^^^^^^^^^^^^^

.venv/lib/python3.14/site-packages/sqlalchemy/engine/base.py:143: 
_ _ _ _ _ _ _ _ _ _ _ _ _ _ _ _ _ _ _ _ _ _ _ _ _ _ _ _ _ _ _ _ _ _ _ _ _ _ _ _ 
.venv/lib/python3.14/site-packages/sqlalchemy/engine/base.py:3309: in raw_connection
    return self.pool.connect()
           ^^^^^^^^^^^^^^^^^^^
.venv/lib/python3.14/site-packages/sqlalchemy/pool/base.py:447: in connect
    return _ConnectionFairy._checkout(self)
           ^^^^^^^^^^^^^^^^^^^^^^^^^^^^^^^^
.venv/lib/python3.14/site-packages/sqlalchemy/pool/base.py:1264: in _checkout
    fairy = _ConnectionRecord.checkout(pool)
            ^^^^^^^^^^^^^^^^^^^^^^^^^^^^^^^^
.venv/lib/python3.14/site-packages/sqlalchemy/pool/base.py:711: in checkout
    rec = pool._do_get()
          ^^^^^^^^^^^^^^
.venv/lib/python3.14/site-packages/sqlalchemy/pool/impl.py:177: in _do_get
    with util.safe_reraise():
         ^^^^^^^^^^^^^^^^^^^
.venv/lib/python3.14/site-packages/sqlalchemy/util/langhelpers.py:224: in __exit__
    raise exc_value.with_traceback(exc_tb)
.venv/lib/python3.14/site-packages/sqlalchemy/pool/impl.py:175: in _do_get
    return self._create_connection()
           ^^^^^^^^^^^^^^^^^^^^^^^^^
.venv/lib/python3.14/site-packages/sqlalchemy/pool/base.py:388: in _create_connection
    return _ConnectionRecord(self)
           ^^^^^^^^^^^^^^^^^^^^^^^
.venv/lib/python3.14/site-packages/sqlalchemy/pool/base.py:673: in __init__
    self.__connect()
.venv/lib/python3.14/site-packages/sqlalchemy/pool/base.py:899: in __connect
    with util.safe_reraise():
         ^^^^^^^^^^^^^^^^^^^
.venv/lib/python3.14/site-packages/sqlalchemy/util/langhelpers.py:224: in __exit__
    raise exc_value.with_traceback(exc_tb)
.venv/lib/python3.14/site-packages/sqlalchemy/pool/base.py:895: in __connect
    self.dbapi_connection = connection = pool._invoke_creator(self)
                                         ^^^^^^^^^^^^^^^^^^^^^^^^^^
.venv/lib/python3.14/site-packages/sqlalchemy/engine/create.py:661: in connect
    return dialect.connect(*cargs, **cparams)
           ^^^^^^^^^^^^^^^^^^^^^^^^^^^^^^^^^^
.venv/lib/python3.14/site-packages/sqlalchemy/engine/default.py:630: in connect
    return self.loaded_dbapi.connect(*cargs, **cparams)  # type: ignore[no-any-return]  # NOQA: E501
           ^^^^^^^^^^^^^^^^^^^^^^^^^^^^^^^^^^^^^^^^^^^^
_ _ _ _ _ _ _ _ _ _ _ _ _ _ _ _ _ _ _ _ _ _ _ _ _ _ _ _ _ _ _ _ _ _ _ _ _ _ _ _ 

dsn = 'host=localhost dbname=postgres user=invenio password=invenio port=5432'
connection_factory = None, cursor_factory = None
kwargs = {'dbname': 'postgres', 'host': 'localhost', 'password': 'invenio', 'port': 5432, ...}
kwasync = {}

    def connect(dsn=None, connection_factory=None, cursor_factory=None, **kwargs):
        """
        Create a new database connection.
    
        The connection parameters can be specified as a string:
    
            conn = psycopg2.connect("dbname=test user=postgres password=secret")
    
        or using a set of keyword arguments:
    
            conn = psycopg2.connect(database="test", user="postgres", password="secret")
    
        Or as a mix of both. The basic connection parameters are:
    
        - *dbname*: the database name
        - *database*: the database name (only as keyword argument)
        - *user*: user name used to authenticate
        - *password*: password used to authenticate
        - *host*: database host address (defaults to UNIX socket if not provided)
        - *port*: connection port number (defaults to 5432 if not provided)
    
        Using the *connection_factory* parameter a different class or connections
        factory can be specified. It should be a callable object taking a dsn
        argument.
    
        Using the *cursor_factory* parameter, a new default cursor factory will be
        used by cursor().
    
        Using *async*=True an asynchronous connection will be created. *async_* is
        a valid alias (for Python versions where ``async`` is a keyword).
    
        Any other keyword parameter will be passed to the underlying client
        library: the list of supported parameters depends on the library version.
    
        """
        kwasync = {}
        if 'async' in kwargs:
            kwasync['async'] = kwargs.pop('async')
        if 'async_' in kwargs:
            kwasync['async_'] = kwargs.pop('async_')
    
        dsn = _ext.make_dsn(dsn, **kwargs)
>       conn = _connect(dsn, connection_factory=connection_factory, **kwasync)
               ^^^^^^^^^^^^^^^^^^^^^^^^^^^^^^^^^^^^^^^^^^^^^^^^^^^^^^^^^^^^^^^
E       psycopg2.OperationalError: connection to server at "localhost" (::1), port 5432 failed: Connection refused
E       	Is the server running on that host and accepting TCP/IP connections?
E       connection to server at "localhost" (127.0.0.1), port 5432 failed: FATAL:  sorry, too many clients already

.venv/lib/python3.14/site-packages/psycopg2/__init__.py:122: OperationalError

The above exception was the direct cause of the following exception:

app = <Flask 'testapp'>

    @pytest.yield_fixture()
    def db(app):
        """Get setup database."""
        if not database_exists(str(db_.engine.url.render_as_string(hide_password=False))):
>           create_database(str(db_.engine.url.render_as_string(hide_password=False)))

tests/conftest.py:130: 
_ _ _ _ _ _ _ _ _ _ _ _ _ _ _ _ _ _ _ _ _ _ _ _ _ _ _ _ _ _ _ _ _ _ _ _ _ _ _ _ 
.venv/lib/python3.14/site-packages/sqlalchemy_utils/functions/database.py:568: in create_database
    with engine.begin() as conn:
         ^^^^^^^^^^^^^^
/opt/hostedtoolcache/Python/3.14.2/x64/lib/python3.14/contextlib.py:141: in __enter__
    return next(self.gen)
           ^^^^^^^^^^^^^^
.venv/lib/python3.14/site-packages/sqlalchemy/engine/base.py:3249: in begin
    with self.connect() as conn:
         ^^^^^^^^^^^^^^
.venv/lib/python3.14/site-packages/sqlalchemy/engine/base.py:3285: in connect
    return self._connection_cls(self)
           ^^^^^^^^^^^^^^^^^^^^^^^^^^
.venv/lib/python3.14/site-packages/sqlalchemy/engine/base.py:145: in __init__
    Connection._handle_dbapi_exception_noconnection(
.venv/lib/python3.14/site-packages/sqlalchemy/engine/base.py:2448: in _handle_dbapi_exception_noconnection
    raise sqlalchemy_exception.with_traceback(exc_info[2]) from e
.venv/lib/python3.14/site-packages/sqlalchemy/engine/base.py:143: in __init__
    self._dbapi_connection = engine.raw_connection()
                             ^^^^^^^^^^^^^^^^^^^^^^^
.venv/lib/python3.14/site-packages/sqlalchemy/engine/base.py:3309: in raw_connection
    return self.pool.connect()
           ^^^^^^^^^^^^^^^^^^^
.venv/lib/python3.14/site-packages/sqlalchemy/pool/base.py:447: in connect
    return _ConnectionFairy._checkout(self)
           ^^^^^^^^^^^^^^^^^^^^^^^^^^^^^^^^
.venv/lib/python3.14/site-packages/sqlalchemy/pool/base.py:1264: in _checkout
    fairy = _ConnectionRecord.checkout(pool)
            ^^^^^^^^^^^^^^^^^^^^^^^^^^^^^^^^
.venv/lib/python3.14/site-packages/sqlalchemy/pool/base.py:711: in checkout
    rec = pool._do_get()
          ^^^^^^^^^^^^^^
.venv/lib/python3.14/site-packages/sqlalchemy/pool/impl.py:177: in _do_get
    with util.safe_reraise():
         ^^^^^^^^^^^^^^^^^^^
.venv/lib/python3.14/site-packages/sqlalchemy/util/langhelpers.py:224: in __exit__
    raise exc_value.with_traceback(exc_tb)
.venv/lib/python3.14/site-packages/sqlalchemy/pool/impl.py:175: in _do_get
    return self._create_connection()
           ^^^^^^^^^^^^^^^^^^^^^^^^^
.venv/lib/python3.14/site-packages/sqlalchemy/pool/base.py:388: in _create_connection
    return _ConnectionRecord(self)
           ^^^^^^^^^^^^^^^^^^^^^^^
.venv/lib/python3.14/site-packages/sqlalchemy/pool/base.py:673: in __init__
    self.__connect()
.venv/lib/python3.14/site-packages/sqlalchemy/pool/base.py:899: in __connect
    with util.safe_reraise():
         ^^^^^^^^^^^^^^^^^^^
.venv/lib/python3.14/site-packages/sqlalchemy/util/langhelpers.py:224: in __exit__
    raise exc_value.with_traceback(exc_tb)
.venv/lib/python3.14/site-packages/sqlalchemy/pool/base.py:895: in __connect
    self.dbapi_connection = connection = pool._invoke_creator(self)
                                         ^^^^^^^^^^^^^^^^^^^^^^^^^^
.venv/lib/python3.14/site-packages/sqlalchemy/engine/create.py:661: in connect
    return dialect.connect(*cargs, **cparams)
           ^^^^^^^^^^^^^^^^^^^^^^^^^^^^^^^^^^
.venv/lib/python3.14/site-packages/sqlalchemy/engine/default.py:630: in connect
    return self.loaded_dbapi.connect(*cargs, **cparams)  # type: ignore[no-any-return]  # NOQA: E501
           ^^^^^^^^^^^^^^^^^^^^^^^^^^^^^^^^^^^^^^^^^^^^
_ _ _ _ _ _ _ _ _ _ _ _ _ _ _ _ _ _ _ _ _ _ _ _ _ _ _ _ _ _ _ _ _ _ _ _ _ _ _ _ 

dsn = 'host=localhost dbname=postgres user=invenio password=invenio port=5432'
connection_factory = None, cursor_factory = None
kwargs = {'dbname': 'postgres', 'host': 'localhost', 'password': 'invenio', 'port': 5432, ...}
kwasync = {}

    def connect(dsn=None, connection_factory=None, cursor_factory=None, **kwargs):
        """
        Create a new database connection.
    
        The connection parameters can be specified as a string:
    
            conn = psycopg2.connect("dbname=test user=postgres password=secret")
    
        or using a set of keyword arguments:
    
            conn = psycopg2.connect(database="test", user="postgres", password="secret")
    
        Or as a mix of both. The basic connection parameters are:
    
        - *dbname*: the database name
        - *database*: the database name (only as keyword argument)
        - *user*: user name used to authenticate
        - *password*: password used to authenticate
        - *host*: database host address (defaults to UNIX socket if not provided)
        - *port*: connection port number (defaults to 5432 if not provided)
    
        Using the *connection_factory* parameter a different class or connections
        factory can be specified. It should be a callable object taking a dsn
        argument.
    
        Using the *cursor_factory* parameter, a new default cursor factory will be
        used by cursor().
    
        Using *async*=True an asynchronous connection will be created. *async_* is
        a valid alias (for Python versions where ``async`` is a keyword).
    
        Any other keyword parameter will be passed to the underlying client
        library: the list of supported parameters depends on the library version.
    
        """
        kwasync = {}
        if 'async' in kwargs:
            kwasync['async'] = kwargs.pop('async')
        if 'async_' in kwargs:
            kwasync['async_'] = kwargs.pop('async_')
    
        dsn = _ext.make_dsn(dsn, **kwargs)
>       conn = _connect(dsn, connection_factory=connection_factory, **kwasync)
               ^^^^^^^^^^^^^^^^^^^^^^^^^^^^^^^^^^^^^^^^^^^^^^^^^^^^^^^^^^^^^^^
E       sqlalchemy.exc.OperationalError: (psycopg2.OperationalError) connection to server at "localhost" (::1), port 5432 failed: Connection refused
E       	Is the server running on that host and accepting TCP/IP connections?
E       connection to server at "localhost" (127.0.0.1), port 5432 failed: FATAL:  sorry, too many clients already
E       
E       (Background on this error at: https://sqlalche.me/e/20/e3q8)

.venv/lib/python3.14/site-packages/psycopg2/__init__.py:122: OperationalError
____________________ ERROR at setup of test_post_invalidkey ____________________

self = <sqlalchemy.engine.base.Connection object at 0x7fd3b0aa55e0>
engine = Engine(postgresql+psycopg2://invenio:***@localhost:5432/postgres)
connection = None, _has_events = None, _allow_revalidate = True
_allow_autobegin = True

    def __init__(
        self,
        engine: Engine,
        connection: Optional[PoolProxiedConnection] = None,
        _has_events: Optional[bool] = None,
        _allow_revalidate: bool = True,
        _allow_autobegin: bool = True,
    ):
        """Construct a new Connection."""
        self.engine = engine
        self.dialect = dialect = engine.dialect
    
        if connection is None:
            try:
>               self._dbapi_connection = engine.raw_connection()
                                         ^^^^^^^^^^^^^^^^^^^^^^^

.venv/lib/python3.14/site-packages/sqlalchemy/engine/base.py:143: 
_ _ _ _ _ _ _ _ _ _ _ _ _ _ _ _ _ _ _ _ _ _ _ _ _ _ _ _ _ _ _ _ _ _ _ _ _ _ _ _ 
.venv/lib/python3.14/site-packages/sqlalchemy/engine/base.py:3309: in raw_connection
    return self.pool.connect()
           ^^^^^^^^^^^^^^^^^^^
.venv/lib/python3.14/site-packages/sqlalchemy/pool/base.py:447: in connect
    return _ConnectionFairy._checkout(self)
           ^^^^^^^^^^^^^^^^^^^^^^^^^^^^^^^^
.venv/lib/python3.14/site-packages/sqlalchemy/pool/base.py:1264: in _checkout
    fairy = _ConnectionRecord.checkout(pool)
            ^^^^^^^^^^^^^^^^^^^^^^^^^^^^^^^^
.venv/lib/python3.14/site-packages/sqlalchemy/pool/base.py:711: in checkout
    rec = pool._do_get()
          ^^^^^^^^^^^^^^
.venv/lib/python3.14/site-packages/sqlalchemy/pool/impl.py:177: in _do_get
    with util.safe_reraise():
         ^^^^^^^^^^^^^^^^^^^
.venv/lib/python3.14/site-packages/sqlalchemy/util/langhelpers.py:224: in __exit__
    raise exc_value.with_traceback(exc_tb)
.venv/lib/python3.14/site-packages/sqlalchemy/pool/impl.py:175: in _do_get
    return self._create_connection()
           ^^^^^^^^^^^^^^^^^^^^^^^^^
.venv/lib/python3.14/site-packages/sqlalchemy/pool/base.py:388: in _create_connection
    return _ConnectionRecord(self)
           ^^^^^^^^^^^^^^^^^^^^^^^
.venv/lib/python3.14/site-packages/sqlalchemy/pool/base.py:673: in __init__
    self.__connect()
.venv/lib/python3.14/site-packages/sqlalchemy/pool/base.py:899: in __connect
    with util.safe_reraise():
         ^^^^^^^^^^^^^^^^^^^
.venv/lib/python3.14/site-packages/sqlalchemy/util/langhelpers.py:224: in __exit__
    raise exc_value.with_traceback(exc_tb)
.venv/lib/python3.14/site-packages/sqlalchemy/pool/base.py:895: in __connect
    self.dbapi_connection = connection = pool._invoke_creator(self)
                                         ^^^^^^^^^^^^^^^^^^^^^^^^^^
.venv/lib/python3.14/site-packages/sqlalchemy/engine/create.py:661: in connect
    return dialect.connect(*cargs, **cparams)
           ^^^^^^^^^^^^^^^^^^^^^^^^^^^^^^^^^^
.venv/lib/python3.14/site-packages/sqlalchemy/engine/default.py:630: in connect
    return self.loaded_dbapi.connect(*cargs, **cparams)  # type: ignore[no-any-return]  # NOQA: E501
           ^^^^^^^^^^^^^^^^^^^^^^^^^^^^^^^^^^^^^^^^^^^^
_ _ _ _ _ _ _ _ _ _ _ _ _ _ _ _ _ _ _ _ _ _ _ _ _ _ _ _ _ _ _ _ _ _ _ _ _ _ _ _ 

dsn = 'host=localhost dbname=postgres user=invenio password=invenio port=5432'
connection_factory = None, cursor_factory = None
kwargs = {'dbname': 'postgres', 'host': 'localhost', 'password': 'invenio', 'port': 5432, ...}
kwasync = {}

    def connect(dsn=None, connection_factory=None, cursor_factory=None, **kwargs):
        """
        Create a new database connection.
    
        The connection parameters can be specified as a string:
    
            conn = psycopg2.connect("dbname=test user=postgres password=secret")
    
        or using a set of keyword arguments:
    
            conn = psycopg2.connect(database="test", user="postgres", password="secret")
    
        Or as a mix of both. The basic connection parameters are:
    
        - *dbname*: the database name
        - *database*: the database name (only as keyword argument)
        - *user*: user name used to authenticate
        - *password*: password used to authenticate
        - *host*: database host address (defaults to UNIX socket if not provided)
        - *port*: connection port number (defaults to 5432 if not provided)
    
        Using the *connection_factory* parameter a different class or connections
        factory can be specified. It should be a callable object taking a dsn
        argument.
    
        Using the *cursor_factory* parameter, a new default cursor factory will be
        used by cursor().
    
        Using *async*=True an asynchronous connection will be created. *async_* is
        a valid alias (for Python versions where ``async`` is a keyword).
    
        Any other keyword parameter will be passed to the underlying client
        library: the list of supported parameters depends on the library version.
    
        """
        kwasync = {}
        if 'async' in kwargs:
            kwasync['async'] = kwargs.pop('async')
        if 'async_' in kwargs:
            kwasync['async_'] = kwargs.pop('async_')
    
        dsn = _ext.make_dsn(dsn, **kwargs)
>       conn = _connect(dsn, connection_factory=connection_factory, **kwasync)
               ^^^^^^^^^^^^^^^^^^^^^^^^^^^^^^^^^^^^^^^^^^^^^^^^^^^^^^^^^^^^^^^
E       psycopg2.OperationalError: connection to server at "localhost" (::1), port 5432 failed: Connection refused
E       	Is the server running on that host and accepting TCP/IP connections?
E       connection to server at "localhost" (127.0.0.1), port 5432 failed: FATAL:  sorry, too many clients already

.venv/lib/python3.14/site-packages/psycopg2/__init__.py:122: OperationalError

The above exception was the direct cause of the following exception:

app = <Flask 'testapp'>

    @pytest.yield_fixture()
    def db(app):
        """Get setup database."""
        if not database_exists(str(db_.engine.url.render_as_string(hide_password=False))):
>           create_database(str(db_.engine.url.render_as_string(hide_password=False)))

tests/conftest.py:130: 
_ _ _ _ _ _ _ _ _ _ _ _ _ _ _ _ _ _ _ _ _ _ _ _ _ _ _ _ _ _ _ _ _ _ _ _ _ _ _ _ 
.venv/lib/python3.14/site-packages/sqlalchemy_utils/functions/database.py:568: in create_database
    with engine.begin() as conn:
         ^^^^^^^^^^^^^^
/opt/hostedtoolcache/Python/3.14.2/x64/lib/python3.14/contextlib.py:141: in __enter__
    return next(self.gen)
           ^^^^^^^^^^^^^^
.venv/lib/python3.14/site-packages/sqlalchemy/engine/base.py:3249: in begin
    with self.connect() as conn:
         ^^^^^^^^^^^^^^
.venv/lib/python3.14/site-packages/sqlalchemy/engine/base.py:3285: in connect
    return self._connection_cls(self)
           ^^^^^^^^^^^^^^^^^^^^^^^^^^
.venv/lib/python3.14/site-packages/sqlalchemy/engine/base.py:145: in __init__
    Connection._handle_dbapi_exception_noconnection(
.venv/lib/python3.14/site-packages/sqlalchemy/engine/base.py:2448: in _handle_dbapi_exception_noconnection
    raise sqlalchemy_exception.with_traceback(exc_info[2]) from e
.venv/lib/python3.14/site-packages/sqlalchemy/engine/base.py:143: in __init__
    self._dbapi_connection = engine.raw_connection()
                             ^^^^^^^^^^^^^^^^^^^^^^^
.venv/lib/python3.14/site-packages/sqlalchemy/engine/base.py:3309: in raw_connection
    return self.pool.connect()
           ^^^^^^^^^^^^^^^^^^^
.venv/lib/python3.14/site-packages/sqlalchemy/pool/base.py:447: in connect
    return _ConnectionFairy._checkout(self)
           ^^^^^^^^^^^^^^^^^^^^^^^^^^^^^^^^
.venv/lib/python3.14/site-packages/sqlalchemy/pool/base.py:1264: in _checkout
    fairy = _ConnectionRecord.checkout(pool)
            ^^^^^^^^^^^^^^^^^^^^^^^^^^^^^^^^
.venv/lib/python3.14/site-packages/sqlalchemy/pool/base.py:711: in checkout
    rec = pool._do_get()
          ^^^^^^^^^^^^^^
.venv/lib/python3.14/site-packages/sqlalchemy/pool/impl.py:177: in _do_get
    with util.safe_reraise():
         ^^^^^^^^^^^^^^^^^^^
.venv/lib/python3.14/site-packages/sqlalchemy/util/langhelpers.py:224: in __exit__
    raise exc_value.with_traceback(exc_tb)
.venv/lib/python3.14/site-packages/sqlalchemy/pool/impl.py:175: in _do_get
    return self._create_connection()
           ^^^^^^^^^^^^^^^^^^^^^^^^^
.venv/lib/python3.14/site-packages/sqlalchemy/pool/base.py:388: in _create_connection
    return _ConnectionRecord(self)
           ^^^^^^^^^^^^^^^^^^^^^^^
.venv/lib/python3.14/site-packages/sqlalchemy/pool/base.py:673: in __init__
    self.__connect()
.venv/lib/python3.14/site-packages/sqlalchemy/pool/base.py:899: in __connect
    with util.safe_reraise():
         ^^^^^^^^^^^^^^^^^^^
.venv/lib/python3.14/site-packages/sqlalchemy/util/langhelpers.py:224: in __exit__
    raise exc_value.with_traceback(exc_tb)
.venv/lib/python3.14/site-packages/sqlalchemy/pool/base.py:895: in __connect
    self.dbapi_connection = connection = pool._invoke_creator(self)
                                         ^^^^^^^^^^^^^^^^^^^^^^^^^^
.venv/lib/python3.14/site-packages/sqlalchemy/engine/create.py:661: in connect
    return dialect.connect(*cargs, **cparams)
           ^^^^^^^^^^^^^^^^^^^^^^^^^^^^^^^^^^
.venv/lib/python3.14/site-packages/sqlalchemy/engine/default.py:630: in connect
    return self.loaded_dbapi.connect(*cargs, **cparams)  # type: ignore[no-any-return]  # NOQA: E501
           ^^^^^^^^^^^^^^^^^^^^^^^^^^^^^^^^^^^^^^^^^^^^
_ _ _ _ _ _ _ _ _ _ _ _ _ _ _ _ _ _ _ _ _ _ _ _ _ _ _ _ _ _ _ _ _ _ _ _ _ _ _ _ 

dsn = 'host=localhost dbname=postgres user=invenio password=invenio port=5432'
connection_factory = None, cursor_factory = None
kwargs = {'dbname': 'postgres', 'host': 'localhost', 'password': 'invenio', 'port': 5432, ...}
kwasync = {}

    def connect(dsn=None, connection_factory=None, cursor_factory=None, **kwargs):
        """
        Create a new database connection.
    
        The connection parameters can be specified as a string:
    
            conn = psycopg2.connect("dbname=test user=postgres password=secret")
    
        or using a set of keyword arguments:
    
            conn = psycopg2.connect(database="test", user="postgres", password="secret")
    
        Or as a mix of both. The basic connection parameters are:
    
        - *dbname*: the database name
        - *database*: the database name (only as keyword argument)
        - *user*: user name used to authenticate
        - *password*: password used to authenticate
        - *host*: database host address (defaults to UNIX socket if not provided)
        - *port*: connection port number (defaults to 5432 if not provided)
    
        Using the *connection_factory* parameter a different class or connections
        factory can be specified. It should be a callable object taking a dsn
        argument.
    
        Using the *cursor_factory* parameter, a new default cursor factory will be
        used by cursor().
    
        Using *async*=True an asynchronous connection will be created. *async_* is
        a valid alias (for Python versions where ``async`` is a keyword).
    
        Any other keyword parameter will be passed to the underlying client
        library: the list of supported parameters depends on the library version.
    
        """
        kwasync = {}
        if 'async' in kwargs:
            kwasync['async'] = kwargs.pop('async')
        if 'async_' in kwargs:
            kwasync['async_'] = kwargs.pop('async_')
    
        dsn = _ext.make_dsn(dsn, **kwargs)
>       conn = _connect(dsn, connection_factory=connection_factory, **kwasync)
               ^^^^^^^^^^^^^^^^^^^^^^^^^^^^^^^^^^^^^^^^^^^^^^^^^^^^^^^^^^^^^^^
E       sqlalchemy.exc.OperationalError: (psycopg2.OperationalError) connection to server at "localhost" (::1), port 5432 failed: Connection refused
E       	Is the server running on that host and accepting TCP/IP connections?
E       connection to server at "localhost" (127.0.0.1), port 5432 failed: FATAL:  sorry, too many clients already
E       
E       (Background on this error at: https://sqlalche.me/e/20/e3q8)

.venv/lib/python3.14/site-packages/psycopg2/__init__.py:122: OperationalError
_____________________ ERROR at setup of test_put[None-404] _____________________

self = <sqlalchemy.engine.base.Connection object at 0x7fd3b0af9310>
engine = Engine(postgresql+psycopg2://invenio:***@localhost:5432/postgres)
connection = None, _has_events = None, _allow_revalidate = True
_allow_autobegin = True

    def __init__(
        self,
        engine: Engine,
        connection: Optional[PoolProxiedConnection] = None,
        _has_events: Optional[bool] = None,
        _allow_revalidate: bool = True,
        _allow_autobegin: bool = True,
    ):
        """Construct a new Connection."""
        self.engine = engine
        self.dialect = dialect = engine.dialect
    
        if connection is None:
            try:
>               self._dbapi_connection = engine.raw_connection()
                                         ^^^^^^^^^^^^^^^^^^^^^^^

.venv/lib/python3.14/site-packages/sqlalchemy/engine/base.py:143: 
_ _ _ _ _ _ _ _ _ _ _ _ _ _ _ _ _ _ _ _ _ _ _ _ _ _ _ _ _ _ _ _ _ _ _ _ _ _ _ _ 
.venv/lib/python3.14/site-packages/sqlalchemy/engine/base.py:3309: in raw_connection
    return self.pool.connect()
           ^^^^^^^^^^^^^^^^^^^
.venv/lib/python3.14/site-packages/sqlalchemy/pool/base.py:447: in connect
    return _ConnectionFairy._checkout(self)
           ^^^^^^^^^^^^^^^^^^^^^^^^^^^^^^^^
.venv/lib/python3.14/site-packages/sqlalchemy/pool/base.py:1264: in _checkout
    fairy = _ConnectionRecord.checkout(pool)
            ^^^^^^^^^^^^^^^^^^^^^^^^^^^^^^^^
.venv/lib/python3.14/site-packages/sqlalchemy/pool/base.py:711: in checkout
    rec = pool._do_get()
          ^^^^^^^^^^^^^^
.venv/lib/python3.14/site-packages/sqlalchemy/pool/impl.py:177: in _do_get
    with util.safe_reraise():
         ^^^^^^^^^^^^^^^^^^^
.venv/lib/python3.14/site-packages/sqlalchemy/util/langhelpers.py:224: in __exit__
    raise exc_value.with_traceback(exc_tb)
.venv/lib/python3.14/site-packages/sqlalchemy/pool/impl.py:175: in _do_get
    return self._create_connection()
           ^^^^^^^^^^^^^^^^^^^^^^^^^
.venv/lib/python3.14/site-packages/sqlalchemy/pool/base.py:388: in _create_connection
    return _ConnectionRecord(self)
           ^^^^^^^^^^^^^^^^^^^^^^^
.venv/lib/python3.14/site-packages/sqlalchemy/pool/base.py:673: in __init__
    self.__connect()
.venv/lib/python3.14/site-packages/sqlalchemy/pool/base.py:899: in __connect
    with util.safe_reraise():
         ^^^^^^^^^^^^^^^^^^^
.venv/lib/python3.14/site-packages/sqlalchemy/util/langhelpers.py:224: in __exit__
    raise exc_value.with_traceback(exc_tb)
.venv/lib/python3.14/site-packages/sqlalchemy/pool/base.py:895: in __connect
    self.dbapi_connection = connection = pool._invoke_creator(self)
                                         ^^^^^^^^^^^^^^^^^^^^^^^^^^
.venv/lib/python3.14/site-packages/sqlalchemy/engine/create.py:661: in connect
    return dialect.connect(*cargs, **cparams)
           ^^^^^^^^^^^^^^^^^^^^^^^^^^^^^^^^^^
.venv/lib/python3.14/site-packages/sqlalchemy/engine/default.py:630: in connect
    return self.loaded_dbapi.connect(*cargs, **cparams)  # type: ignore[no-any-return]  # NOQA: E501
           ^^^^^^^^^^^^^^^^^^^^^^^^^^^^^^^^^^^^^^^^^^^^
_ _ _ _ _ _ _ _ _ _ _ _ _ _ _ _ _ _ _ _ _ _ _ _ _ _ _ _ _ _ _ _ _ _ _ _ _ _ _ _ 

dsn = 'host=localhost dbname=postgres user=invenio password=invenio port=5432'
connection_factory = None, cursor_factory = None
kwargs = {'dbname': 'postgres', 'host': 'localhost', 'password': 'invenio', 'port': 5432, ...}
kwasync = {}

    def connect(dsn=None, connection_factory=None, cursor_factory=None, **kwargs):
        """
        Create a new database connection.
    
        The connection parameters can be specified as a string:
    
            conn = psycopg2.connect("dbname=test user=postgres password=secret")
    
        or using a set of keyword arguments:
    
            conn = psycopg2.connect(database="test", user="postgres", password="secret")
    
        Or as a mix of both. The basic connection parameters are:
    
        - *dbname*: the database name
        - *database*: the database name (only as keyword argument)
        - *user*: user name used to authenticate
        - *password*: password used to authenticate
        - *host*: database host address (defaults to UNIX socket if not provided)
        - *port*: connection port number (defaults to 5432 if not provided)
    
        Using the *connection_factory* parameter a different class or connections
        factory can be specified. It should be a callable object taking a dsn
        argument.
    
        Using the *cursor_factory* parameter, a new default cursor factory will be
        used by cursor().
    
        Using *async*=True an asynchronous connection will be created. *async_* is
        a valid alias (for Python versions where ``async`` is a keyword).
    
        Any other keyword parameter will be passed to the underlying client
        library: the list of supported parameters depends on the library version.
    
        """
        kwasync = {}
        if 'async' in kwargs:
            kwasync['async'] = kwargs.pop('async')
        if 'async_' in kwargs:
            kwasync['async_'] = kwargs.pop('async_')
    
        dsn = _ext.make_dsn(dsn, **kwargs)
>       conn = _connect(dsn, connection_factory=connection_factory, **kwasync)
               ^^^^^^^^^^^^^^^^^^^^^^^^^^^^^^^^^^^^^^^^^^^^^^^^^^^^^^^^^^^^^^^
E       psycopg2.OperationalError: connection to server at "localhost" (::1), port 5432 failed: Connection refused
E       	Is the server running on that host and accepting TCP/IP connections?
E       connection to server at "localhost" (127.0.0.1), port 5432 failed: FATAL:  sorry, too many clients already

.venv/lib/python3.14/site-packages/psycopg2/__init__.py:122: OperationalError

The above exception was the direct cause of the following exception:

app = <Flask 'testapp'>

    @pytest.yield_fixture()
    def db(app):
        """Get setup database."""
        if not database_exists(str(db_.engine.url.render_as_string(hide_password=False))):
>           create_database(str(db_.engine.url.render_as_string(hide_password=False)))

tests/conftest.py:130: 
_ _ _ _ _ _ _ _ _ _ _ _ _ _ _ _ _ _ _ _ _ _ _ _ _ _ _ _ _ _ _ _ _ _ _ _ _ _ _ _ 
.venv/lib/python3.14/site-packages/sqlalchemy_utils/functions/database.py:568: in create_database
    with engine.begin() as conn:
         ^^^^^^^^^^^^^^
/opt/hostedtoolcache/Python/3.14.2/x64/lib/python3.14/contextlib.py:141: in __enter__
    return next(self.gen)
           ^^^^^^^^^^^^^^
.venv/lib/python3.14/site-packages/sqlalchemy/engine/base.py:3249: in begin
    with self.connect() as conn:
         ^^^^^^^^^^^^^^
.venv/lib/python3.14/site-packages/sqlalchemy/engine/base.py:3285: in connect
    return self._connection_cls(self)
           ^^^^^^^^^^^^^^^^^^^^^^^^^^
.venv/lib/python3.14/site-packages/sqlalchemy/engine/base.py:145: in __init__
    Connection._handle_dbapi_exception_noconnection(
.venv/lib/python3.14/site-packages/sqlalchemy/engine/base.py:2448: in _handle_dbapi_exception_noconnection
    raise sqlalchemy_exception.with_traceback(exc_info[2]) from e
.venv/lib/python3.14/site-packages/sqlalchemy/engine/base.py:143: in __init__
    self._dbapi_connection = engine.raw_connection()
                             ^^^^^^^^^^^^^^^^^^^^^^^
.venv/lib/python3.14/site-packages/sqlalchemy/engine/base.py:3309: in raw_connection
    return self.pool.connect()
           ^^^^^^^^^^^^^^^^^^^
.venv/lib/python3.14/site-packages/sqlalchemy/pool/base.py:447: in connect
    return _ConnectionFairy._checkout(self)
           ^^^^^^^^^^^^^^^^^^^^^^^^^^^^^^^^
.venv/lib/python3.14/site-packages/sqlalchemy/pool/base.py:1264: in _checkout
    fairy = _ConnectionRecord.checkout(pool)
            ^^^^^^^^^^^^^^^^^^^^^^^^^^^^^^^^
.venv/lib/python3.14/site-packages/sqlalchemy/pool/base.py:711: in checkout
    rec = pool._do_get()
          ^^^^^^^^^^^^^^
.venv/lib/python3.14/site-packages/sqlalchemy/pool/impl.py:177: in _do_get
    with util.safe_reraise():
         ^^^^^^^^^^^^^^^^^^^
.venv/lib/python3.14/site-packages/sqlalchemy/util/langhelpers.py:224: in __exit__
    raise exc_value.with_traceback(exc_tb)
.venv/lib/python3.14/site-packages/sqlalchemy/pool/impl.py:175: in _do_get
    return self._create_connection()
           ^^^^^^^^^^^^^^^^^^^^^^^^^
.venv/lib/python3.14/site-packages/sqlalchemy/pool/base.py:388: in _create_connection
    return _ConnectionRecord(self)
           ^^^^^^^^^^^^^^^^^^^^^^^
.venv/lib/python3.14/site-packages/sqlalchemy/pool/base.py:673: in __init__
    self.__connect()
.venv/lib/python3.14/site-packages/sqlalchemy/pool/base.py:899: in __connect
    with util.safe_reraise():
         ^^^^^^^^^^^^^^^^^^^
.venv/lib/python3.14/site-packages/sqlalchemy/util/langhelpers.py:224: in __exit__
    raise exc_value.with_traceback(exc_tb)
.venv/lib/python3.14/site-packages/sqlalchemy/pool/base.py:895: in __connect
    self.dbapi_connection = connection = pool._invoke_creator(self)
                                         ^^^^^^^^^^^^^^^^^^^^^^^^^^
.venv/lib/python3.14/site-packages/sqlalchemy/engine/create.py:661: in connect
    return dialect.connect(*cargs, **cparams)
           ^^^^^^^^^^^^^^^^^^^^^^^^^^^^^^^^^^
.venv/lib/python3.14/site-packages/sqlalchemy/engine/default.py:630: in connect
    return self.loaded_dbapi.connect(*cargs, **cparams)  # type: ignore[no-any-return]  # NOQA: E501
           ^^^^^^^^^^^^^^^^^^^^^^^^^^^^^^^^^^^^^^^^^^^^
_ _ _ _ _ _ _ _ _ _ _ _ _ _ _ _ _ _ _ _ _ _ _ _ _ _ _ _ _ _ _ _ _ _ _ _ _ _ _ _ 

dsn = 'host=localhost dbname=postgres user=invenio password=invenio port=5432'
connection_factory = None, cursor_factory = None
kwargs = {'dbname': 'postgres', 'host': 'localhost', 'password': 'invenio', 'port': 5432, ...}
kwasync = {}

    def connect(dsn=None, connection_factory=None, cursor_factory=None, **kwargs):
        """
        Create a new database connection.
    
        The connection parameters can be specified as a string:
    
            conn = psycopg2.connect("dbname=test user=postgres password=secret")
    
        or using a set of keyword arguments:
    
            conn = psycopg2.connect(database="test", user="postgres", password="secret")
    
        Or as a mix of both. The basic connection parameters are:
    
        - *dbname*: the database name
        - *database*: the database name (only as keyword argument)
        - *user*: user name used to authenticate
        - *password*: password used to authenticate
        - *host*: database host address (defaults to UNIX socket if not provided)
        - *port*: connection port number (defaults to 5432 if not provided)
    
        Using the *connection_factory* parameter a different class or connections
        factory can be specified. It should be a callable object taking a dsn
        argument.
    
        Using the *cursor_factory* parameter, a new default cursor factory will be
        used by cursor().
    
        Using *async*=True an asynchronous connection will be created. *async_* is
        a valid alias (for Python versions where ``async`` is a keyword).
    
        Any other keyword parameter will be passed to the underlying client
        library: the list of supported parameters depends on the library version.
    
        """
        kwasync = {}
        if 'async' in kwargs:
            kwasync['async'] = kwargs.pop('async')
        if 'async_' in kwargs:
            kwasync['async_'] = kwargs.pop('async_')
    
        dsn = _ext.make_dsn(dsn, **kwargs)
>       conn = _connect(dsn, connection_factory=connection_factory, **kwasync)
               ^^^^^^^^^^^^^^^^^^^^^^^^^^^^^^^^^^^^^^^^^^^^^^^^^^^^^^^^^^^^^^^
E       sqlalchemy.exc.OperationalError: (psycopg2.OperationalError) connection to server at "localhost" (::1), port 5432 failed: Connection refused
E       	Is the server running on that host and accepting TCP/IP connections?
E       connection to server at "localhost" (127.0.0.1), port 5432 failed: FATAL:  sorry, too many clients already
E       
E       (Background on this error at: https://sqlalche.me/e/20/e3q8)

.venv/lib/python3.14/site-packages/psycopg2/__init__.py:122: OperationalError
_____________________ ERROR at setup of test_put[auth-404] _____________________

self = <sqlalchemy.engine.base.Connection object at 0x7fd3b0d537a0>
engine = Engine(postgresql+psycopg2://invenio:***@localhost:5432/postgres)
connection = None, _has_events = None, _allow_revalidate = True
_allow_autobegin = True

    def __init__(
        self,
        engine: Engine,
        connection: Optional[PoolProxiedConnection] = None,
        _has_events: Optional[bool] = None,
        _allow_revalidate: bool = True,
        _allow_autobegin: bool = True,
    ):
        """Construct a new Connection."""
        self.engine = engine
        self.dialect = dialect = engine.dialect
    
        if connection is None:
            try:
>               self._dbapi_connection = engine.raw_connection()
                                         ^^^^^^^^^^^^^^^^^^^^^^^

.venv/lib/python3.14/site-packages/sqlalchemy/engine/base.py:143: 
_ _ _ _ _ _ _ _ _ _ _ _ _ _ _ _ _ _ _ _ _ _ _ _ _ _ _ _ _ _ _ _ _ _ _ _ _ _ _ _ 
.venv/lib/python3.14/site-packages/sqlalchemy/engine/base.py:3309: in raw_connection
    return self.pool.connect()
           ^^^^^^^^^^^^^^^^^^^
.venv/lib/python3.14/site-packages/sqlalchemy/pool/base.py:447: in connect
    return _ConnectionFairy._checkout(self)
           ^^^^^^^^^^^^^^^^^^^^^^^^^^^^^^^^
.venv/lib/python3.14/site-packages/sqlalchemy/pool/base.py:1264: in _checkout
    fairy = _ConnectionRecord.checkout(pool)
            ^^^^^^^^^^^^^^^^^^^^^^^^^^^^^^^^
.venv/lib/python3.14/site-packages/sqlalchemy/pool/base.py:711: in checkout
    rec = pool._do_get()
          ^^^^^^^^^^^^^^
.venv/lib/python3.14/site-packages/sqlalchemy/pool/impl.py:177: in _do_get
    with util.safe_reraise():
         ^^^^^^^^^^^^^^^^^^^
.venv/lib/python3.14/site-packages/sqlalchemy/util/langhelpers.py:224: in __exit__
    raise exc_value.with_traceback(exc_tb)
.venv/lib/python3.14/site-packages/sqlalchemy/pool/impl.py:175: in _do_get
    return self._create_connection()
           ^^^^^^^^^^^^^^^^^^^^^^^^^
.venv/lib/python3.14/site-packages/sqlalchemy/pool/base.py:388: in _create_connection
    return _ConnectionRecord(self)
           ^^^^^^^^^^^^^^^^^^^^^^^
.venv/lib/python3.14/site-packages/sqlalchemy/pool/base.py:673: in __init__
    self.__connect()
.venv/lib/python3.14/site-packages/sqlalchemy/pool/base.py:899: in __connect
    with util.safe_reraise():
         ^^^^^^^^^^^^^^^^^^^
.venv/lib/python3.14/site-packages/sqlalchemy/util/langhelpers.py:224: in __exit__
    raise exc_value.with_traceback(exc_tb)
.venv/lib/python3.14/site-packages/sqlalchemy/pool/base.py:895: in __connect
    self.dbapi_connection = connection = pool._invoke_creator(self)
                                         ^^^^^^^^^^^^^^^^^^^^^^^^^^
.venv/lib/python3.14/site-packages/sqlalchemy/engine/create.py:661: in connect
    return dialect.connect(*cargs, **cparams)
           ^^^^^^^^^^^^^^^^^^^^^^^^^^^^^^^^^^
.venv/lib/python3.14/site-packages/sqlalchemy/engine/default.py:630: in connect
    return self.loaded_dbapi.connect(*cargs, **cparams)  # type: ignore[no-any-return]  # NOQA: E501
           ^^^^^^^^^^^^^^^^^^^^^^^^^^^^^^^^^^^^^^^^^^^^
_ _ _ _ _ _ _ _ _ _ _ _ _ _ _ _ _ _ _ _ _ _ _ _ _ _ _ _ _ _ _ _ _ _ _ _ _ _ _ _ 

dsn = 'host=localhost dbname=postgres user=invenio password=invenio port=5432'
connection_factory = None, cursor_factory = None
kwargs = {'dbname': 'postgres', 'host': 'localhost', 'password': 'invenio', 'port': 5432, ...}
kwasync = {}

    def connect(dsn=None, connection_factory=None, cursor_factory=None, **kwargs):
        """
        Create a new database connection.
    
        The connection parameters can be specified as a string:
    
            conn = psycopg2.connect("dbname=test user=postgres password=secret")
    
        or using a set of keyword arguments:
    
            conn = psycopg2.connect(database="test", user="postgres", password="secret")
    
        Or as a mix of both. The basic connection parameters are:
    
        - *dbname*: the database name
        - *database*: the database name (only as keyword argument)
        - *user*: user name used to authenticate
        - *password*: password used to authenticate
        - *host*: database host address (defaults to UNIX socket if not provided)
        - *port*: connection port number (defaults to 5432 if not provided)
    
        Using the *connection_factory* parameter a different class or connections
        factory can be specified. It should be a callable object taking a dsn
        argument.
    
        Using the *cursor_factory* parameter, a new default cursor factory will be
        used by cursor().
    
        Using *async*=True an asynchronous connection will be created. *async_* is
        a valid alias (for Python versions where ``async`` is a keyword).
    
        Any other keyword parameter will be passed to the underlying client
        library: the list of supported parameters depends on the library version.
    
        """
        kwasync = {}
        if 'async' in kwargs:
            kwasync['async'] = kwargs.pop('async')
        if 'async_' in kwargs:
            kwasync['async_'] = kwargs.pop('async_')
    
        dsn = _ext.make_dsn(dsn, **kwargs)
>       conn = _connect(dsn, connection_factory=connection_factory, **kwasync)
               ^^^^^^^^^^^^^^^^^^^^^^^^^^^^^^^^^^^^^^^^^^^^^^^^^^^^^^^^^^^^^^^
E       psycopg2.OperationalError: connection to server at "localhost" (::1), port 5432 failed: Connection refused
E       	Is the server running on that host and accepting TCP/IP connections?
E       connection to server at "localhost" (127.0.0.1), port 5432 failed: FATAL:  sorry, too many clients already

.venv/lib/python3.14/site-packages/psycopg2/__init__.py:122: OperationalError

The above exception was the direct cause of the following exception:

app = <Flask 'testapp'>

    @pytest.yield_fixture()
    def db(app):
        """Get setup database."""
        if not database_exists(str(db_.engine.url.render_as_string(hide_password=False))):
>           create_database(str(db_.engine.url.render_as_string(hide_password=False)))

tests/conftest.py:130: 
_ _ _ _ _ _ _ _ _ _ _ _ _ _ _ _ _ _ _ _ _ _ _ _ _ _ _ _ _ _ _ _ _ _ _ _ _ _ _ _ 
.venv/lib/python3.14/site-packages/sqlalchemy_utils/functions/database.py:568: in create_database
    with engine.begin() as conn:
         ^^^^^^^^^^^^^^
/opt/hostedtoolcache/Python/3.14.2/x64/lib/python3.14/contextlib.py:141: in __enter__
    return next(self.gen)
           ^^^^^^^^^^^^^^
.venv/lib/python3.14/site-packages/sqlalchemy/engine/base.py:3249: in begin
    with self.connect() as conn:
         ^^^^^^^^^^^^^^
.venv/lib/python3.14/site-packages/sqlalchemy/engine/base.py:3285: in connect
    return self._connection_cls(self)
           ^^^^^^^^^^^^^^^^^^^^^^^^^^
.venv/lib/python3.14/site-packages/sqlalchemy/engine/base.py:145: in __init__
    Connection._handle_dbapi_exception_noconnection(
.venv/lib/python3.14/site-packages/sqlalchemy/engine/base.py:2448: in _handle_dbapi_exception_noconnection
    raise sqlalchemy_exception.with_traceback(exc_info[2]) from e
.venv/lib/python3.14/site-packages/sqlalchemy/engine/base.py:143: in __init__
    self._dbapi_connection = engine.raw_connection()
                             ^^^^^^^^^^^^^^^^^^^^^^^
.venv/lib/python3.14/site-packages/sqlalchemy/engine/base.py:3309: in raw_connection
    return self.pool.connect()
           ^^^^^^^^^^^^^^^^^^^
.venv/lib/python3.14/site-packages/sqlalchemy/pool/base.py:447: in connect
    return _ConnectionFairy._checkout(self)
           ^^^^^^^^^^^^^^^^^^^^^^^^^^^^^^^^
.venv/lib/python3.14/site-packages/sqlalchemy/pool/base.py:1264: in _checkout
    fairy = _ConnectionRecord.checkout(pool)
            ^^^^^^^^^^^^^^^^^^^^^^^^^^^^^^^^
.venv/lib/python3.14/site-packages/sqlalchemy/pool/base.py:711: in checkout
    rec = pool._do_get()
          ^^^^^^^^^^^^^^
.venv/lib/python3.14/site-packages/sqlalchemy/pool/impl.py:177: in _do_get
    with util.safe_reraise():
         ^^^^^^^^^^^^^^^^^^^
.venv/lib/python3.14/site-packages/sqlalchemy/util/langhelpers.py:224: in __exit__
    raise exc_value.with_traceback(exc_tb)
.venv/lib/python3.14/site-packages/sqlalchemy/pool/impl.py:175: in _do_get
    return self._create_connection()
           ^^^^^^^^^^^^^^^^^^^^^^^^^
.venv/lib/python3.14/site-packages/sqlalchemy/pool/base.py:388: in _create_connection
    return _ConnectionRecord(self)
           ^^^^^^^^^^^^^^^^^^^^^^^
.venv/lib/python3.14/site-packages/sqlalchemy/pool/base.py:673: in __init__
    self.__connect()
.venv/lib/python3.14/site-packages/sqlalchemy/pool/base.py:899: in __connect
    with util.safe_reraise():
         ^^^^^^^^^^^^^^^^^^^
.venv/lib/python3.14/site-packages/sqlalchemy/util/langhelpers.py:224: in __exit__
    raise exc_value.with_traceback(exc_tb)
.venv/lib/python3.14/site-packages/sqlalchemy/pool/base.py:895: in __connect
    self.dbapi_connection = connection = pool._invoke_creator(self)
                                         ^^^^^^^^^^^^^^^^^^^^^^^^^^
.venv/lib/python3.14/site-packages/sqlalchemy/engine/create.py:661: in connect
    return dialect.connect(*cargs, **cparams)
           ^^^^^^^^^^^^^^^^^^^^^^^^^^^^^^^^^^
.venv/lib/python3.14/site-packages/sqlalchemy/engine/default.py:630: in connect
    return self.loaded_dbapi.connect(*cargs, **cparams)  # type: ignore[no-any-return]  # NOQA: E501
           ^^^^^^^^^^^^^^^^^^^^^^^^^^^^^^^^^^^^^^^^^^^^
_ _ _ _ _ _ _ _ _ _ _ _ _ _ _ _ _ _ _ _ _ _ _ _ _ _ _ _ _ _ _ _ _ _ _ _ _ _ _ _ 

dsn = 'host=localhost dbname=postgres user=invenio password=invenio port=5432'
connection_factory = None, cursor_factory = None
kwargs = {'dbname': 'postgres', 'host': 'localhost', 'password': 'invenio', 'port': 5432, ...}
kwasync = {}

    def connect(dsn=None, connection_factory=None, cursor_factory=None, **kwargs):
        """
        Create a new database connection.
    
        The connection parameters can be specified as a string:
    
            conn = psycopg2.connect("dbname=test user=postgres password=secret")
    
        or using a set of keyword arguments:
    
            conn = psycopg2.connect(database="test", user="postgres", password="secret")
    
        Or as a mix of both. The basic connection parameters are:
    
        - *dbname*: the database name
        - *database*: the database name (only as keyword argument)
        - *user*: user name used to authenticate
        - *password*: password used to authenticate
        - *host*: database host address (defaults to UNIX socket if not provided)
        - *port*: connection port number (defaults to 5432 if not provided)
    
        Using the *connection_factory* parameter a different class or connections
        factory can be specified. It should be a callable object taking a dsn
        argument.
    
        Using the *cursor_factory* parameter, a new default cursor factory will be
        used by cursor().
    
        Using *async*=True an asynchronous connection will be created. *async_* is
        a valid alias (for Python versions where ``async`` is a keyword).
    
        Any other keyword parameter will be passed to the underlying client
        library: the list of supported parameters depends on the library version.
    
        """
        kwasync = {}
        if 'async' in kwargs:
            kwasync['async'] = kwargs.pop('async')
        if 'async_' in kwargs:
            kwasync['async_'] = kwargs.pop('async_')
    
        dsn = _ext.make_dsn(dsn, **kwargs)
>       conn = _connect(dsn, connection_factory=connection_factory, **kwasync)
               ^^^^^^^^^^^^^^^^^^^^^^^^^^^^^^^^^^^^^^^^^^^^^^^^^^^^^^^^^^^^^^^
E       sqlalchemy.exc.OperationalError: (psycopg2.OperationalError) connection to server at "localhost" (::1), port 5432 failed: Connection refused
E       	Is the server running on that host and accepting TCP/IP connections?
E       connection to server at "localhost" (127.0.0.1), port 5432 failed: FATAL:  sorry, too many clients already
E       
E       (Background on this error at: https://sqlalche.me/e/20/e3q8)

.venv/lib/python3.14/site-packages/psycopg2/__init__.py:122: OperationalError
___________________ ERROR at setup of test_put[objects-404] ____________________

self = <sqlalchemy.engine.base.Connection object at 0x7fd3b0d01310>
engine = Engine(postgresql+psycopg2://invenio:***@localhost:5432/postgres)
connection = None, _has_events = None, _allow_revalidate = True
_allow_autobegin = True

    def __init__(
        self,
        engine: Engine,
        connection: Optional[PoolProxiedConnection] = None,
        _has_events: Optional[bool] = None,
        _allow_revalidate: bool = True,
        _allow_autobegin: bool = True,
    ):
        """Construct a new Connection."""
        self.engine = engine
        self.dialect = dialect = engine.dialect
    
        if connection is None:
            try:
>               self._dbapi_connection = engine.raw_connection()
                                         ^^^^^^^^^^^^^^^^^^^^^^^

.venv/lib/python3.14/site-packages/sqlalchemy/engine/base.py:143: 
_ _ _ _ _ _ _ _ _ _ _ _ _ _ _ _ _ _ _ _ _ _ _ _ _ _ _ _ _ _ _ _ _ _ _ _ _ _ _ _ 
.venv/lib/python3.14/site-packages/sqlalchemy/engine/base.py:3309: in raw_connection
    return self.pool.connect()
           ^^^^^^^^^^^^^^^^^^^
.venv/lib/python3.14/site-packages/sqlalchemy/pool/base.py:447: in connect
    return _ConnectionFairy._checkout(self)
           ^^^^^^^^^^^^^^^^^^^^^^^^^^^^^^^^
.venv/lib/python3.14/site-packages/sqlalchemy/pool/base.py:1264: in _checkout
    fairy = _ConnectionRecord.checkout(pool)
            ^^^^^^^^^^^^^^^^^^^^^^^^^^^^^^^^
.venv/lib/python3.14/site-packages/sqlalchemy/pool/base.py:711: in checkout
    rec = pool._do_get()
          ^^^^^^^^^^^^^^
.venv/lib/python3.14/site-packages/sqlalchemy/pool/impl.py:177: in _do_get
    with util.safe_reraise():
         ^^^^^^^^^^^^^^^^^^^
.venv/lib/python3.14/site-packages/sqlalchemy/util/langhelpers.py:224: in __exit__
    raise exc_value.with_traceback(exc_tb)
.venv/lib/python3.14/site-packages/sqlalchemy/pool/impl.py:175: in _do_get
    return self._create_connection()
           ^^^^^^^^^^^^^^^^^^^^^^^^^
.venv/lib/python3.14/site-packages/sqlalchemy/pool/base.py:388: in _create_connection
    return _ConnectionRecord(self)
           ^^^^^^^^^^^^^^^^^^^^^^^
.venv/lib/python3.14/site-packages/sqlalchemy/pool/base.py:673: in __init__
    self.__connect()
.venv/lib/python3.14/site-packages/sqlalchemy/pool/base.py:899: in __connect
    with util.safe_reraise():
         ^^^^^^^^^^^^^^^^^^^
.venv/lib/python3.14/site-packages/sqlalchemy/util/langhelpers.py:224: in __exit__
    raise exc_value.with_traceback(exc_tb)
.venv/lib/python3.14/site-packages/sqlalchemy/pool/base.py:895: in __connect
    self.dbapi_connection = connection = pool._invoke_creator(self)
                                         ^^^^^^^^^^^^^^^^^^^^^^^^^^
.venv/lib/python3.14/site-packages/sqlalchemy/engine/create.py:661: in connect
    return dialect.connect(*cargs, **cparams)
           ^^^^^^^^^^^^^^^^^^^^^^^^^^^^^^^^^^
.venv/lib/python3.14/site-packages/sqlalchemy/engine/default.py:630: in connect
    return self.loaded_dbapi.connect(*cargs, **cparams)  # type: ignore[no-any-return]  # NOQA: E501
           ^^^^^^^^^^^^^^^^^^^^^^^^^^^^^^^^^^^^^^^^^^^^
_ _ _ _ _ _ _ _ _ _ _ _ _ _ _ _ _ _ _ _ _ _ _ _ _ _ _ _ _ _ _ _ _ _ _ _ _ _ _ _ 

dsn = 'host=localhost dbname=postgres user=invenio password=invenio port=5432'
connection_factory = None, cursor_factory = None
kwargs = {'dbname': 'postgres', 'host': 'localhost', 'password': 'invenio', 'port': 5432, ...}
kwasync = {}

    def connect(dsn=None, connection_factory=None, cursor_factory=None, **kwargs):
        """
        Create a new database connection.
    
        The connection parameters can be specified as a string:
    
            conn = psycopg2.connect("dbname=test user=postgres password=secret")
    
        or using a set of keyword arguments:
    
            conn = psycopg2.connect(database="test", user="postgres", password="secret")
    
        Or as a mix of both. The basic connection parameters are:
    
        - *dbname*: the database name
        - *database*: the database name (only as keyword argument)
        - *user*: user name used to authenticate
        - *password*: password used to authenticate
        - *host*: database host address (defaults to UNIX socket if not provided)
        - *port*: connection port number (defaults to 5432 if not provided)
    
        Using the *connection_factory* parameter a different class or connections
        factory can be specified. It should be a callable object taking a dsn
        argument.
    
        Using the *cursor_factory* parameter, a new default cursor factory will be
        used by cursor().
    
        Using *async*=True an asynchronous connection will be created. *async_* is
        a valid alias (for Python versions where ``async`` is a keyword).
    
        Any other keyword parameter will be passed to the underlying client
        library: the list of supported parameters depends on the library version.
    
        """
        kwasync = {}
        if 'async' in kwargs:
            kwasync['async'] = kwargs.pop('async')
        if 'async_' in kwargs:
            kwasync['async_'] = kwargs.pop('async_')
    
        dsn = _ext.make_dsn(dsn, **kwargs)
>       conn = _connect(dsn, connection_factory=connection_factory, **kwasync)
               ^^^^^^^^^^^^^^^^^^^^^^^^^^^^^^^^^^^^^^^^^^^^^^^^^^^^^^^^^^^^^^^
E       psycopg2.OperationalError: connection to server at "localhost" (::1), port 5432 failed: Connection refused
E       	Is the server running on that host and accepting TCP/IP connections?
E       connection to server at "localhost" (127.0.0.1), port 5432 failed: FATAL:  sorry, too many clients already

.venv/lib/python3.14/site-packages/psycopg2/__init__.py:122: OperationalError

The above exception was the direct cause of the following exception:

app = <Flask 'testapp'>

    @pytest.yield_fixture()
    def db(app):
        """Get setup database."""
        if not database_exists(str(db_.engine.url.render_as_string(hide_password=False))):
>           create_database(str(db_.engine.url.render_as_string(hide_password=False)))

tests/conftest.py:130: 
_ _ _ _ _ _ _ _ _ _ _ _ _ _ _ _ _ _ _ _ _ _ _ _ _ _ _ _ _ _ _ _ _ _ _ _ _ _ _ _ 
.venv/lib/python3.14/site-packages/sqlalchemy_utils/functions/database.py:568: in create_database
    with engine.begin() as conn:
         ^^^^^^^^^^^^^^
/opt/hostedtoolcache/Python/3.14.2/x64/lib/python3.14/contextlib.py:141: in __enter__
    return next(self.gen)
           ^^^^^^^^^^^^^^
.venv/lib/python3.14/site-packages/sqlalchemy/engine/base.py:3249: in begin
    with self.connect() as conn:
         ^^^^^^^^^^^^^^
.venv/lib/python3.14/site-packages/sqlalchemy/engine/base.py:3285: in connect
    return self._connection_cls(self)
           ^^^^^^^^^^^^^^^^^^^^^^^^^^
.venv/lib/python3.14/site-packages/sqlalchemy/engine/base.py:145: in __init__
    Connection._handle_dbapi_exception_noconnection(
.venv/lib/python3.14/site-packages/sqlalchemy/engine/base.py:2448: in _handle_dbapi_exception_noconnection
    raise sqlalchemy_exception.with_traceback(exc_info[2]) from e
.venv/lib/python3.14/site-packages/sqlalchemy/engine/base.py:143: in __init__
    self._dbapi_connection = engine.raw_connection()
                             ^^^^^^^^^^^^^^^^^^^^^^^
.venv/lib/python3.14/site-packages/sqlalchemy/engine/base.py:3309: in raw_connection
    return self.pool.connect()
           ^^^^^^^^^^^^^^^^^^^
.venv/lib/python3.14/site-packages/sqlalchemy/pool/base.py:447: in connect
    return _ConnectionFairy._checkout(self)
           ^^^^^^^^^^^^^^^^^^^^^^^^^^^^^^^^
.venv/lib/python3.14/site-packages/sqlalchemy/pool/base.py:1264: in _checkout
    fairy = _ConnectionRecord.checkout(pool)
            ^^^^^^^^^^^^^^^^^^^^^^^^^^^^^^^^
.venv/lib/python3.14/site-packages/sqlalchemy/pool/base.py:711: in checkout
    rec = pool._do_get()
          ^^^^^^^^^^^^^^
.venv/lib/python3.14/site-packages/sqlalchemy/pool/impl.py:177: in _do_get
    with util.safe_reraise():
         ^^^^^^^^^^^^^^^^^^^
.venv/lib/python3.14/site-packages/sqlalchemy/util/langhelpers.py:224: in __exit__
    raise exc_value.with_traceback(exc_tb)
.venv/lib/python3.14/site-packages/sqlalchemy/pool/impl.py:175: in _do_get
    return self._create_connection()
           ^^^^^^^^^^^^^^^^^^^^^^^^^
.venv/lib/python3.14/site-packages/sqlalchemy/pool/base.py:388: in _create_connection
    return _ConnectionRecord(self)
           ^^^^^^^^^^^^^^^^^^^^^^^
.venv/lib/python3.14/site-packages/sqlalchemy/pool/base.py:673: in __init__
    self.__connect()
.venv/lib/python3.14/site-packages/sqlalchemy/pool/base.py:899: in __connect
    with util.safe_reraise():
         ^^^^^^^^^^^^^^^^^^^
.venv/lib/python3.14/site-packages/sqlalchemy/util/langhelpers.py:224: in __exit__
    raise exc_value.with_traceback(exc_tb)
.venv/lib/python3.14/site-packages/sqlalchemy/pool/base.py:895: in __connect
    self.dbapi_connection = connection = pool._invoke_creator(self)
                                         ^^^^^^^^^^^^^^^^^^^^^^^^^^
.venv/lib/python3.14/site-packages/sqlalchemy/engine/create.py:661: in connect
    return dialect.connect(*cargs, **cparams)
           ^^^^^^^^^^^^^^^^^^^^^^^^^^^^^^^^^^
.venv/lib/python3.14/site-packages/sqlalchemy/engine/default.py:630: in connect
    return self.loaded_dbapi.connect(*cargs, **cparams)  # type: ignore[no-any-return]  # NOQA: E501
           ^^^^^^^^^^^^^^^^^^^^^^^^^^^^^^^^^^^^^^^^^^^^
_ _ _ _ _ _ _ _ _ _ _ _ _ _ _ _ _ _ _ _ _ _ _ _ _ _ _ _ _ _ _ _ _ _ _ _ _ _ _ _ 

dsn = 'host=localhost dbname=postgres user=invenio password=invenio port=5432'
connection_factory = None, cursor_factory = None
kwargs = {'dbname': 'postgres', 'host': 'localhost', 'password': 'invenio', 'port': 5432, ...}
kwasync = {}

    def connect(dsn=None, connection_factory=None, cursor_factory=None, **kwargs):
        """
        Create a new database connection.
    
        The connection parameters can be specified as a string:
    
            conn = psycopg2.connect("dbname=test user=postgres password=secret")
    
        or using a set of keyword arguments:
    
            conn = psycopg2.connect(database="test", user="postgres", password="secret")
    
        Or as a mix of both. The basic connection parameters are:
    
        - *dbname*: the database name
        - *database*: the database name (only as keyword argument)
        - *user*: user name used to authenticate
        - *password*: password used to authenticate
        - *host*: database host address (defaults to UNIX socket if not provided)
        - *port*: connection port number (defaults to 5432 if not provided)
    
        Using the *connection_factory* parameter a different class or connections
        factory can be specified. It should be a callable object taking a dsn
        argument.
    
        Using the *cursor_factory* parameter, a new default cursor factory will be
        used by cursor().
    
        Using *async*=True an asynchronous connection will be created. *async_* is
        a valid alias (for Python versions where ``async`` is a keyword).
    
        Any other keyword parameter will be passed to the underlying client
        library: the list of supported parameters depends on the library version.
    
        """
        kwasync = {}
        if 'async' in kwargs:
            kwasync['async'] = kwargs.pop('async')
        if 'async_' in kwargs:
            kwasync['async_'] = kwargs.pop('async_')
    
        dsn = _ext.make_dsn(dsn, **kwargs)
>       conn = _connect(dsn, connection_factory=connection_factory, **kwasync)
               ^^^^^^^^^^^^^^^^^^^^^^^^^^^^^^^^^^^^^^^^^^^^^^^^^^^^^^^^^^^^^^^
E       sqlalchemy.exc.OperationalError: (psycopg2.OperationalError) connection to server at "localhost" (::1), port 5432 failed: Connection refused
E       	Is the server running on that host and accepting TCP/IP connections?
E       connection to server at "localhost" (127.0.0.1), port 5432 failed: FATAL:  sorry, too many clients already
E       
E       (Background on this error at: https://sqlalche.me/e/20/e3q8)

.venv/lib/python3.14/site-packages/psycopg2/__init__.py:122: OperationalError
___________________ ERROR at setup of test_get[location-200] ___________________

self = <sqlalchemy.engine.base.Connection object at 0x7fd3aed2d040>
engine = Engine(postgresql+psycopg2://invenio:***@localhost:5432/postgres)
connection = None, _has_events = None, _allow_revalidate = True
_allow_autobegin = True

    def __init__(
        self,
        engine: Engine,
        connection: Optional[PoolProxiedConnection] = None,
        _has_events: Optional[bool] = None,
        _allow_revalidate: bool = True,
        _allow_autobegin: bool = True,
    ):
        """Construct a new Connection."""
        self.engine = engine
        self.dialect = dialect = engine.dialect
    
        if connection is None:
            try:
>               self._dbapi_connection = engine.raw_connection()
                                         ^^^^^^^^^^^^^^^^^^^^^^^

.venv/lib/python3.14/site-packages/sqlalchemy/engine/base.py:143: 
_ _ _ _ _ _ _ _ _ _ _ _ _ _ _ _ _ _ _ _ _ _ _ _ _ _ _ _ _ _ _ _ _ _ _ _ _ _ _ _ 
.venv/lib/python3.14/site-packages/sqlalchemy/engine/base.py:3309: in raw_connection
    return self.pool.connect()
           ^^^^^^^^^^^^^^^^^^^
.venv/lib/python3.14/site-packages/sqlalchemy/pool/base.py:447: in connect
    return _ConnectionFairy._checkout(self)
           ^^^^^^^^^^^^^^^^^^^^^^^^^^^^^^^^
.venv/lib/python3.14/site-packages/sqlalchemy/pool/base.py:1264: in _checkout
    fairy = _ConnectionRecord.checkout(pool)
            ^^^^^^^^^^^^^^^^^^^^^^^^^^^^^^^^
.venv/lib/python3.14/site-packages/sqlalchemy/pool/base.py:711: in checkout
    rec = pool._do_get()
          ^^^^^^^^^^^^^^
.venv/lib/python3.14/site-packages/sqlalchemy/pool/impl.py:177: in _do_get
    with util.safe_reraise():
         ^^^^^^^^^^^^^^^^^^^
.venv/lib/python3.14/site-packages/sqlalchemy/util/langhelpers.py:224: in __exit__
    raise exc_value.with_traceback(exc_tb)
.venv/lib/python3.14/site-packages/sqlalchemy/pool/impl.py:175: in _do_get
    return self._create_connection()
           ^^^^^^^^^^^^^^^^^^^^^^^^^
.venv/lib/python3.14/site-packages/sqlalchemy/pool/base.py:388: in _create_connection
    return _ConnectionRecord(self)
           ^^^^^^^^^^^^^^^^^^^^^^^
.venv/lib/python3.14/site-packages/sqlalchemy/pool/base.py:673: in __init__
    self.__connect()
.venv/lib/python3.14/site-packages/sqlalchemy/pool/base.py:899: in __connect
    with util.safe_reraise():
         ^^^^^^^^^^^^^^^^^^^
.venv/lib/python3.14/site-packages/sqlalchemy/util/langhelpers.py:224: in __exit__
    raise exc_value.with_traceback(exc_tb)
.venv/lib/python3.14/site-packages/sqlalchemy/pool/base.py:895: in __connect
    self.dbapi_connection = connection = pool._invoke_creator(self)
                                         ^^^^^^^^^^^^^^^^^^^^^^^^^^
.venv/lib/python3.14/site-packages/sqlalchemy/engine/create.py:661: in connect
    return dialect.connect(*cargs, **cparams)
           ^^^^^^^^^^^^^^^^^^^^^^^^^^^^^^^^^^
.venv/lib/python3.14/site-packages/sqlalchemy/engine/default.py:630: in connect
    return self.loaded_dbapi.connect(*cargs, **cparams)  # type: ignore[no-any-return]  # NOQA: E501
           ^^^^^^^^^^^^^^^^^^^^^^^^^^^^^^^^^^^^^^^^^^^^
_ _ _ _ _ _ _ _ _ _ _ _ _ _ _ _ _ _ _ _ _ _ _ _ _ _ _ _ _ _ _ _ _ _ _ _ _ _ _ _ 

dsn = 'host=localhost dbname=postgres user=invenio password=invenio port=5432'
connection_factory = None, cursor_factory = None
kwargs = {'dbname': 'postgres', 'host': 'localhost', 'password': 'invenio', 'port': 5432, ...}
kwasync = {}

    def connect(dsn=None, connection_factory=None, cursor_factory=None, **kwargs):
        """
        Create a new database connection.
    
        The connection parameters can be specified as a string:
    
            conn = psycopg2.connect("dbname=test user=postgres password=secret")
    
        or using a set of keyword arguments:
    
            conn = psycopg2.connect(database="test", user="postgres", password="secret")
    
        Or as a mix of both. The basic connection parameters are:
    
        - *dbname*: the database name
        - *database*: the database name (only as keyword argument)
        - *user*: user name used to authenticate
        - *password*: password used to authenticate
        - *host*: database host address (defaults to UNIX socket if not provided)
        - *port*: connection port number (defaults to 5432 if not provided)
    
        Using the *connection_factory* parameter a different class or connections
        factory can be specified. It should be a callable object taking a dsn
        argument.
    
        Using the *cursor_factory* parameter, a new default cursor factory will be
        used by cursor().
    
        Using *async*=True an asynchronous connection will be created. *async_* is
        a valid alias (for Python versions where ``async`` is a keyword).
    
        Any other keyword parameter will be passed to the underlying client
        library: the list of supported parameters depends on the library version.
    
        """
        kwasync = {}
        if 'async' in kwargs:
            kwasync['async'] = kwargs.pop('async')
        if 'async_' in kwargs:
            kwasync['async_'] = kwargs.pop('async_')
    
        dsn = _ext.make_dsn(dsn, **kwargs)
>       conn = _connect(dsn, connection_factory=connection_factory, **kwasync)
               ^^^^^^^^^^^^^^^^^^^^^^^^^^^^^^^^^^^^^^^^^^^^^^^^^^^^^^^^^^^^^^^
E       psycopg2.OperationalError: connection to server at "localhost" (::1), port 5432 failed: Connection refused
E       	Is the server running on that host and accepting TCP/IP connections?
E       connection to server at "localhost" (127.0.0.1), port 5432 failed: FATAL:  sorry, too many clients already

.venv/lib/python3.14/site-packages/psycopg2/__init__.py:122: OperationalError

The above exception was the direct cause of the following exception:

app = <Flask 'testapp'>

    @pytest.yield_fixture()
    def db(app):
        """Get setup database."""
        if not database_exists(str(db_.engine.url.render_as_string(hide_password=False))):
>           create_database(str(db_.engine.url.render_as_string(hide_password=False)))

tests/conftest.py:130: 
_ _ _ _ _ _ _ _ _ _ _ _ _ _ _ _ _ _ _ _ _ _ _ _ _ _ _ _ _ _ _ _ _ _ _ _ _ _ _ _ 
.venv/lib/python3.14/site-packages/sqlalchemy_utils/functions/database.py:568: in create_database
    with engine.begin() as conn:
         ^^^^^^^^^^^^^^
/opt/hostedtoolcache/Python/3.14.2/x64/lib/python3.14/contextlib.py:141: in __enter__
    return next(self.gen)
           ^^^^^^^^^^^^^^
.venv/lib/python3.14/site-packages/sqlalchemy/engine/base.py:3249: in begin
    with self.connect() as conn:
         ^^^^^^^^^^^^^^
.venv/lib/python3.14/site-packages/sqlalchemy/engine/base.py:3285: in connect
    return self._connection_cls(self)
           ^^^^^^^^^^^^^^^^^^^^^^^^^^
.venv/lib/python3.14/site-packages/sqlalchemy/engine/base.py:145: in __init__
    Connection._handle_dbapi_exception_noconnection(
.venv/lib/python3.14/site-packages/sqlalchemy/engine/base.py:2448: in _handle_dbapi_exception_noconnection
    raise sqlalchemy_exception.with_traceback(exc_info[2]) from e
.venv/lib/python3.14/site-packages/sqlalchemy/engine/base.py:143: in __init__
    self._dbapi_connection = engine.raw_connection()
                             ^^^^^^^^^^^^^^^^^^^^^^^
.venv/lib/python3.14/site-packages/sqlalchemy/engine/base.py:3309: in raw_connection
    return self.pool.connect()
           ^^^^^^^^^^^^^^^^^^^
.venv/lib/python3.14/site-packages/sqlalchemy/pool/base.py:447: in connect
    return _ConnectionFairy._checkout(self)
           ^^^^^^^^^^^^^^^^^^^^^^^^^^^^^^^^
.venv/lib/python3.14/site-packages/sqlalchemy/pool/base.py:1264: in _checkout
    fairy = _ConnectionRecord.checkout(pool)
            ^^^^^^^^^^^^^^^^^^^^^^^^^^^^^^^^
.venv/lib/python3.14/site-packages/sqlalchemy/pool/base.py:711: in checkout
    rec = pool._do_get()
          ^^^^^^^^^^^^^^
.venv/lib/python3.14/site-packages/sqlalchemy/pool/impl.py:177: in _do_get
    with util.safe_reraise():
         ^^^^^^^^^^^^^^^^^^^
.venv/lib/python3.14/site-packages/sqlalchemy/util/langhelpers.py:224: in __exit__
    raise exc_value.with_traceback(exc_tb)
.venv/lib/python3.14/site-packages/sqlalchemy/pool/impl.py:175: in _do_get
    return self._create_connection()
           ^^^^^^^^^^^^^^^^^^^^^^^^^
.venv/lib/python3.14/site-packages/sqlalchemy/pool/base.py:388: in _create_connection
    return _ConnectionRecord(self)
           ^^^^^^^^^^^^^^^^^^^^^^^
.venv/lib/python3.14/site-packages/sqlalchemy/pool/base.py:673: in __init__
    self.__connect()
.venv/lib/python3.14/site-packages/sqlalchemy/pool/base.py:899: in __connect
    with util.safe_reraise():
         ^^^^^^^^^^^^^^^^^^^
.venv/lib/python3.14/site-packages/sqlalchemy/util/langhelpers.py:224: in __exit__
    raise exc_value.with_traceback(exc_tb)
.venv/lib/python3.14/site-packages/sqlalchemy/pool/base.py:895: in __connect
    self.dbapi_connection = connection = pool._invoke_creator(self)
                                         ^^^^^^^^^^^^^^^^^^^^^^^^^^
.venv/lib/python3.14/site-packages/sqlalchemy/engine/create.py:661: in connect
    return dialect.connect(*cargs, **cparams)
           ^^^^^^^^^^^^^^^^^^^^^^^^^^^^^^^^^^
.venv/lib/python3.14/site-packages/sqlalchemy/engine/default.py:630: in connect
    return self.loaded_dbapi.connect(*cargs, **cparams)  # type: ignore[no-any-return]  # NOQA: E501
           ^^^^^^^^^^^^^^^^^^^^^^^^^^^^^^^^^^^^^^^^^^^^
_ _ _ _ _ _ _ _ _ _ _ _ _ _ _ _ _ _ _ _ _ _ _ _ _ _ _ _ _ _ _ _ _ _ _ _ _ _ _ _ 

dsn = 'host=localhost dbname=postgres user=invenio password=invenio port=5432'
connection_factory = None, cursor_factory = None
kwargs = {'dbname': 'postgres', 'host': 'localhost', 'password': 'invenio', 'port': 5432, ...}
kwasync = {}

    def connect(dsn=None, connection_factory=None, cursor_factory=None, **kwargs):
        """
        Create a new database connection.
    
        The connection parameters can be specified as a string:
    
            conn = psycopg2.connect("dbname=test user=postgres password=secret")
    
        or using a set of keyword arguments:
    
            conn = psycopg2.connect(database="test", user="postgres", password="secret")
    
        Or as a mix of both. The basic connection parameters are:
    
        - *dbname*: the database name
        - *database*: the database name (only as keyword argument)
        - *user*: user name used to authenticate
        - *password*: password used to authenticate
        - *host*: database host address (defaults to UNIX socket if not provided)
        - *port*: connection port number (defaults to 5432 if not provided)
    
        Using the *connection_factory* parameter a different class or connections
        factory can be specified. It should be a callable object taking a dsn
        argument.
    
        Using the *cursor_factory* parameter, a new default cursor factory will be
        used by cursor().
    
        Using *async*=True an asynchronous connection will be created. *async_* is
        a valid alias (for Python versions where ``async`` is a keyword).
    
        Any other keyword parameter will be passed to the underlying client
        library: the list of supported parameters depends on the library version.
    
        """
        kwasync = {}
        if 'async' in kwargs:
            kwasync['async'] = kwargs.pop('async')
        if 'async_' in kwargs:
            kwasync['async_'] = kwargs.pop('async_')
    
        dsn = _ext.make_dsn(dsn, **kwargs)
>       conn = _connect(dsn, connection_factory=connection_factory, **kwasync)
               ^^^^^^^^^^^^^^^^^^^^^^^^^^^^^^^^^^^^^^^^^^^^^^^^^^^^^^^^^^^^^^^
E       sqlalchemy.exc.OperationalError: (psycopg2.OperationalError) connection to server at "localhost" (::1), port 5432 failed: Connection refused
E       	Is the server running on that host and accepting TCP/IP connections?
E       connection to server at "localhost" (127.0.0.1), port 5432 failed: FATAL:  sorry, too many clients already
E       
E       (Background on this error at: https://sqlalche.me/e/20/e3q8)

.venv/lib/python3.14/site-packages/psycopg2/__init__.py:122: OperationalError
___________________ ERROR at setup of test_get[objects-200] ____________________

self = <sqlalchemy.engine.base.Connection object at 0x7fd3ae434f50>
engine = Engine(postgresql+psycopg2://invenio:***@localhost:5432/postgres)
connection = None, _has_events = None, _allow_revalidate = True
_allow_autobegin = True

    def __init__(
        self,
        engine: Engine,
        connection: Optional[PoolProxiedConnection] = None,
        _has_events: Optional[bool] = None,
        _allow_revalidate: bool = True,
        _allow_autobegin: bool = True,
    ):
        """Construct a new Connection."""
        self.engine = engine
        self.dialect = dialect = engine.dialect
    
        if connection is None:
            try:
>               self._dbapi_connection = engine.raw_connection()
                                         ^^^^^^^^^^^^^^^^^^^^^^^

.venv/lib/python3.14/site-packages/sqlalchemy/engine/base.py:143: 
_ _ _ _ _ _ _ _ _ _ _ _ _ _ _ _ _ _ _ _ _ _ _ _ _ _ _ _ _ _ _ _ _ _ _ _ _ _ _ _ 
.venv/lib/python3.14/site-packages/sqlalchemy/engine/base.py:3309: in raw_connection
    return self.pool.connect()
           ^^^^^^^^^^^^^^^^^^^
.venv/lib/python3.14/site-packages/sqlalchemy/pool/base.py:447: in connect
    return _ConnectionFairy._checkout(self)
           ^^^^^^^^^^^^^^^^^^^^^^^^^^^^^^^^
.venv/lib/python3.14/site-packages/sqlalchemy/pool/base.py:1264: in _checkout
    fairy = _ConnectionRecord.checkout(pool)
            ^^^^^^^^^^^^^^^^^^^^^^^^^^^^^^^^
.venv/lib/python3.14/site-packages/sqlalchemy/pool/base.py:711: in checkout
    rec = pool._do_get()
          ^^^^^^^^^^^^^^
.venv/lib/python3.14/site-packages/sqlalchemy/pool/impl.py:177: in _do_get
    with util.safe_reraise():
         ^^^^^^^^^^^^^^^^^^^
.venv/lib/python3.14/site-packages/sqlalchemy/util/langhelpers.py:224: in __exit__
    raise exc_value.with_traceback(exc_tb)
.venv/lib/python3.14/site-packages/sqlalchemy/pool/impl.py:175: in _do_get
    return self._create_connection()
           ^^^^^^^^^^^^^^^^^^^^^^^^^
.venv/lib/python3.14/site-packages/sqlalchemy/pool/base.py:388: in _create_connection
    return _ConnectionRecord(self)
           ^^^^^^^^^^^^^^^^^^^^^^^
.venv/lib/python3.14/site-packages/sqlalchemy/pool/base.py:673: in __init__
    self.__connect()
.venv/lib/python3.14/site-packages/sqlalchemy/pool/base.py:899: in __connect
    with util.safe_reraise():
         ^^^^^^^^^^^^^^^^^^^
.venv/lib/python3.14/site-packages/sqlalchemy/util/langhelpers.py:224: in __exit__
    raise exc_value.with_traceback(exc_tb)
.venv/lib/python3.14/site-packages/sqlalchemy/pool/base.py:895: in __connect
    self.dbapi_connection = connection = pool._invoke_creator(self)
                                         ^^^^^^^^^^^^^^^^^^^^^^^^^^
.venv/lib/python3.14/site-packages/sqlalchemy/engine/create.py:661: in connect
    return dialect.connect(*cargs, **cparams)
           ^^^^^^^^^^^^^^^^^^^^^^^^^^^^^^^^^^
.venv/lib/python3.14/site-packages/sqlalchemy/engine/default.py:630: in connect
    return self.loaded_dbapi.connect(*cargs, **cparams)  # type: ignore[no-any-return]  # NOQA: E501
           ^^^^^^^^^^^^^^^^^^^^^^^^^^^^^^^^^^^^^^^^^^^^
_ _ _ _ _ _ _ _ _ _ _ _ _ _ _ _ _ _ _ _ _ _ _ _ _ _ _ _ _ _ _ _ _ _ _ _ _ _ _ _ 

dsn = 'host=localhost dbname=postgres user=invenio password=invenio port=5432'
connection_factory = None, cursor_factory = None
kwargs = {'dbname': 'postgres', 'host': 'localhost', 'password': 'invenio', 'port': 5432, ...}
kwasync = {}

    def connect(dsn=None, connection_factory=None, cursor_factory=None, **kwargs):
        """
        Create a new database connection.
    
        The connection parameters can be specified as a string:
    
            conn = psycopg2.connect("dbname=test user=postgres password=secret")
    
        or using a set of keyword arguments:
    
            conn = psycopg2.connect(database="test", user="postgres", password="secret")
    
        Or as a mix of both. The basic connection parameters are:
    
        - *dbname*: the database name
        - *database*: the database name (only as keyword argument)
        - *user*: user name used to authenticate
        - *password*: password used to authenticate
        - *host*: database host address (defaults to UNIX socket if not provided)
        - *port*: connection port number (defaults to 5432 if not provided)
    
        Using the *connection_factory* parameter a different class or connections
        factory can be specified. It should be a callable object taking a dsn
        argument.
    
        Using the *cursor_factory* parameter, a new default cursor factory will be
        used by cursor().
    
        Using *async*=True an asynchronous connection will be created. *async_* is
        a valid alias (for Python versions where ``async`` is a keyword).
    
        Any other keyword parameter will be passed to the underlying client
        library: the list of supported parameters depends on the library version.
    
        """
        kwasync = {}
        if 'async' in kwargs:
            kwasync['async'] = kwargs.pop('async')
        if 'async_' in kwargs:
            kwasync['async_'] = kwargs.pop('async_')
    
        dsn = _ext.make_dsn(dsn, **kwargs)
>       conn = _connect(dsn, connection_factory=connection_factory, **kwasync)
               ^^^^^^^^^^^^^^^^^^^^^^^^^^^^^^^^^^^^^^^^^^^^^^^^^^^^^^^^^^^^^^^
E       psycopg2.OperationalError: connection to server at "localhost" (::1), port 5432 failed: Connection refused
E       	Is the server running on that host and accepting TCP/IP connections?
E       connection to server at "localhost" (127.0.0.1), port 5432 failed: FATAL:  sorry, too many clients already

.venv/lib/python3.14/site-packages/psycopg2/__init__.py:122: OperationalError

The above exception was the direct cause of the following exception:

app = <Flask 'testapp'>

    @pytest.yield_fixture()
    def db(app):
        """Get setup database."""
        if not database_exists(str(db_.engine.url.render_as_string(hide_password=False))):
>           create_database(str(db_.engine.url.render_as_string(hide_password=False)))

tests/conftest.py:130: 
_ _ _ _ _ _ _ _ _ _ _ _ _ _ _ _ _ _ _ _ _ _ _ _ _ _ _ _ _ _ _ _ _ _ _ _ _ _ _ _ 
.venv/lib/python3.14/site-packages/sqlalchemy_utils/functions/database.py:568: in create_database
    with engine.begin() as conn:
         ^^^^^^^^^^^^^^
/opt/hostedtoolcache/Python/3.14.2/x64/lib/python3.14/contextlib.py:141: in __enter__
    return next(self.gen)
           ^^^^^^^^^^^^^^
.venv/lib/python3.14/site-packages/sqlalchemy/engine/base.py:3249: in begin
    with self.connect() as conn:
         ^^^^^^^^^^^^^^
.venv/lib/python3.14/site-packages/sqlalchemy/engine/base.py:3285: in connect
    return self._connection_cls(self)
           ^^^^^^^^^^^^^^^^^^^^^^^^^^
.venv/lib/python3.14/site-packages/sqlalchemy/engine/base.py:145: in __init__
    Connection._handle_dbapi_exception_noconnection(
.venv/lib/python3.14/site-packages/sqlalchemy/engine/base.py:2448: in _handle_dbapi_exception_noconnection
    raise sqlalchemy_exception.with_traceback(exc_info[2]) from e
.venv/lib/python3.14/site-packages/sqlalchemy/engine/base.py:143: in __init__
    self._dbapi_connection = engine.raw_connection()
                             ^^^^^^^^^^^^^^^^^^^^^^^
.venv/lib/python3.14/site-packages/sqlalchemy/engine/base.py:3309: in raw_connection
    return self.pool.connect()
           ^^^^^^^^^^^^^^^^^^^
.venv/lib/python3.14/site-packages/sqlalchemy/pool/base.py:447: in connect
    return _ConnectionFairy._checkout(self)
           ^^^^^^^^^^^^^^^^^^^^^^^^^^^^^^^^
.venv/lib/python3.14/site-packages/sqlalchemy/pool/base.py:1264: in _checkout
    fairy = _ConnectionRecord.checkout(pool)
            ^^^^^^^^^^^^^^^^^^^^^^^^^^^^^^^^
.venv/lib/python3.14/site-packages/sqlalchemy/pool/base.py:711: in checkout
    rec = pool._do_get()
          ^^^^^^^^^^^^^^
.venv/lib/python3.14/site-packages/sqlalchemy/pool/impl.py:177: in _do_get
    with util.safe_reraise():
         ^^^^^^^^^^^^^^^^^^^
.venv/lib/python3.14/site-packages/sqlalchemy/util/langhelpers.py:224: in __exit__
    raise exc_value.with_traceback(exc_tb)
.venv/lib/python3.14/site-packages/sqlalchemy/pool/impl.py:175: in _do_get
    return self._create_connection()
           ^^^^^^^^^^^^^^^^^^^^^^^^^
.venv/lib/python3.14/site-packages/sqlalchemy/pool/base.py:388: in _create_connection
    return _ConnectionRecord(self)
           ^^^^^^^^^^^^^^^^^^^^^^^
.venv/lib/python3.14/site-packages/sqlalchemy/pool/base.py:673: in __init__
    self.__connect()
.venv/lib/python3.14/site-packages/sqlalchemy/pool/base.py:899: in __connect
    with util.safe_reraise():
         ^^^^^^^^^^^^^^^^^^^
.venv/lib/python3.14/site-packages/sqlalchemy/util/langhelpers.py:224: in __exit__
    raise exc_value.with_traceback(exc_tb)
.venv/lib/python3.14/site-packages/sqlalchemy/pool/base.py:895: in __connect
    self.dbapi_connection = connection = pool._invoke_creator(self)
                                         ^^^^^^^^^^^^^^^^^^^^^^^^^^
.venv/lib/python3.14/site-packages/sqlalchemy/engine/create.py:661: in connect
    return dialect.connect(*cargs, **cparams)
           ^^^^^^^^^^^^^^^^^^^^^^^^^^^^^^^^^^
.venv/lib/python3.14/site-packages/sqlalchemy/engine/default.py:630: in connect
    return self.loaded_dbapi.connect(*cargs, **cparams)  # type: ignore[no-any-return]  # NOQA: E501
           ^^^^^^^^^^^^^^^^^^^^^^^^^^^^^^^^^^^^^^^^^^^^
_ _ _ _ _ _ _ _ _ _ _ _ _ _ _ _ _ _ _ _ _ _ _ _ _ _ _ _ _ _ _ _ _ _ _ _ _ _ _ _ 

dsn = 'host=localhost dbname=postgres user=invenio password=invenio port=5432'
connection_factory = None, cursor_factory = None
kwargs = {'dbname': 'postgres', 'host': 'localhost', 'password': 'invenio', 'port': 5432, ...}
kwasync = {}

    def connect(dsn=None, connection_factory=None, cursor_factory=None, **kwargs):
        """
        Create a new database connection.
    
        The connection parameters can be specified as a string:
    
            conn = psycopg2.connect("dbname=test user=postgres password=secret")
    
        or using a set of keyword arguments:
    
            conn = psycopg2.connect(database="test", user="postgres", password="secret")
    
        Or as a mix of both. The basic connection parameters are:
    
        - *dbname*: the database name
        - *database*: the database name (only as keyword argument)
        - *user*: user name used to authenticate
        - *password*: password used to authenticate
        - *host*: database host address (defaults to UNIX socket if not provided)
        - *port*: connection port number (defaults to 5432 if not provided)
    
        Using the *connection_factory* parameter a different class or connections
        factory can be specified. It should be a callable object taking a dsn
        argument.
    
        Using the *cursor_factory* parameter, a new default cursor factory will be
        used by cursor().
    
        Using *async*=True an asynchronous connection will be created. *async_* is
        a valid alias (for Python versions where ``async`` is a keyword).
    
        Any other keyword parameter will be passed to the underlying client
        library: the list of supported parameters depends on the library version.
    
        """
        kwasync = {}
        if 'async' in kwargs:
            kwasync['async'] = kwargs.pop('async')
        if 'async_' in kwargs:
            kwasync['async_'] = kwargs.pop('async_')
    
        dsn = _ext.make_dsn(dsn, **kwargs)
>       conn = _connect(dsn, connection_factory=connection_factory, **kwasync)
               ^^^^^^^^^^^^^^^^^^^^^^^^^^^^^^^^^^^^^^^^^^^^^^^^^^^^^^^^^^^^^^^
E       sqlalchemy.exc.OperationalError: (psycopg2.OperationalError) connection to server at "localhost" (::1), port 5432 failed: Connection refused
E       	Is the server running on that host and accepting TCP/IP connections?
E       connection to server at "localhost" (127.0.0.1), port 5432 failed: FATAL:  sorry, too many clients already
E       
E       (Background on this error at: https://sqlalche.me/e/20/e3q8)

.venv/lib/python3.14/site-packages/psycopg2/__init__.py:122: OperationalError
__________________ ERROR at setup of test_get_with_x_sendfile __________________

self = <sqlalchemy.engine.base.Connection object at 0x7fd3aecbf7a0>
engine = Engine(postgresql+psycopg2://invenio:***@localhost:5432/postgres)
connection = None, _has_events = None, _allow_revalidate = True
_allow_autobegin = True

    def __init__(
        self,
        engine: Engine,
        connection: Optional[PoolProxiedConnection] = None,
        _has_events: Optional[bool] = None,
        _allow_revalidate: bool = True,
        _allow_autobegin: bool = True,
    ):
        """Construct a new Connection."""
        self.engine = engine
        self.dialect = dialect = engine.dialect
    
        if connection is None:
            try:
>               self._dbapi_connection = engine.raw_connection()
                                         ^^^^^^^^^^^^^^^^^^^^^^^

.venv/lib/python3.14/site-packages/sqlalchemy/engine/base.py:143: 
_ _ _ _ _ _ _ _ _ _ _ _ _ _ _ _ _ _ _ _ _ _ _ _ _ _ _ _ _ _ _ _ _ _ _ _ _ _ _ _ 
.venv/lib/python3.14/site-packages/sqlalchemy/engine/base.py:3309: in raw_connection
    return self.pool.connect()
           ^^^^^^^^^^^^^^^^^^^
.venv/lib/python3.14/site-packages/sqlalchemy/pool/base.py:447: in connect
    return _ConnectionFairy._checkout(self)
           ^^^^^^^^^^^^^^^^^^^^^^^^^^^^^^^^
.venv/lib/python3.14/site-packages/sqlalchemy/pool/base.py:1264: in _checkout
    fairy = _ConnectionRecord.checkout(pool)
            ^^^^^^^^^^^^^^^^^^^^^^^^^^^^^^^^
.venv/lib/python3.14/site-packages/sqlalchemy/pool/base.py:711: in checkout
    rec = pool._do_get()
          ^^^^^^^^^^^^^^
.venv/lib/python3.14/site-packages/sqlalchemy/pool/impl.py:177: in _do_get
    with util.safe_reraise():
         ^^^^^^^^^^^^^^^^^^^
.venv/lib/python3.14/site-packages/sqlalchemy/util/langhelpers.py:224: in __exit__
    raise exc_value.with_traceback(exc_tb)
.venv/lib/python3.14/site-packages/sqlalchemy/pool/impl.py:175: in _do_get
    return self._create_connection()
           ^^^^^^^^^^^^^^^^^^^^^^^^^
.venv/lib/python3.14/site-packages/sqlalchemy/pool/base.py:388: in _create_connection
    return _ConnectionRecord(self)
           ^^^^^^^^^^^^^^^^^^^^^^^
.venv/lib/python3.14/site-packages/sqlalchemy/pool/base.py:673: in __init__
    self.__connect()
.venv/lib/python3.14/site-packages/sqlalchemy/pool/base.py:899: in __connect
    with util.safe_reraise():
         ^^^^^^^^^^^^^^^^^^^
.venv/lib/python3.14/site-packages/sqlalchemy/util/langhelpers.py:224: in __exit__
    raise exc_value.with_traceback(exc_tb)
.venv/lib/python3.14/site-packages/sqlalchemy/pool/base.py:895: in __connect
    self.dbapi_connection = connection = pool._invoke_creator(self)
                                         ^^^^^^^^^^^^^^^^^^^^^^^^^^
.venv/lib/python3.14/site-packages/sqlalchemy/engine/create.py:661: in connect
    return dialect.connect(*cargs, **cparams)
           ^^^^^^^^^^^^^^^^^^^^^^^^^^^^^^^^^^
.venv/lib/python3.14/site-packages/sqlalchemy/engine/default.py:630: in connect
    return self.loaded_dbapi.connect(*cargs, **cparams)  # type: ignore[no-any-return]  # NOQA: E501
           ^^^^^^^^^^^^^^^^^^^^^^^^^^^^^^^^^^^^^^^^^^^^
_ _ _ _ _ _ _ _ _ _ _ _ _ _ _ _ _ _ _ _ _ _ _ _ _ _ _ _ _ _ _ _ _ _ _ _ _ _ _ _ 

dsn = 'host=localhost dbname=postgres user=invenio password=invenio port=5432'
connection_factory = None, cursor_factory = None
kwargs = {'dbname': 'postgres', 'host': 'localhost', 'password': 'invenio', 'port': 5432, ...}
kwasync = {}

    def connect(dsn=None, connection_factory=None, cursor_factory=None, **kwargs):
        """
        Create a new database connection.
    
        The connection parameters can be specified as a string:
    
            conn = psycopg2.connect("dbname=test user=postgres password=secret")
    
        or using a set of keyword arguments:
    
            conn = psycopg2.connect(database="test", user="postgres", password="secret")
    
        Or as a mix of both. The basic connection parameters are:
    
        - *dbname*: the database name
        - *database*: the database name (only as keyword argument)
        - *user*: user name used to authenticate
        - *password*: password used to authenticate
        - *host*: database host address (defaults to UNIX socket if not provided)
        - *port*: connection port number (defaults to 5432 if not provided)
    
        Using the *connection_factory* parameter a different class or connections
        factory can be specified. It should be a callable object taking a dsn
        argument.
    
        Using the *cursor_factory* parameter, a new default cursor factory will be
        used by cursor().
    
        Using *async*=True an asynchronous connection will be created. *async_* is
        a valid alias (for Python versions where ``async`` is a keyword).
    
        Any other keyword parameter will be passed to the underlying client
        library: the list of supported parameters depends on the library version.
    
        """
        kwasync = {}
        if 'async' in kwargs:
            kwasync['async'] = kwargs.pop('async')
        if 'async_' in kwargs:
            kwasync['async_'] = kwargs.pop('async_')
    
        dsn = _ext.make_dsn(dsn, **kwargs)
>       conn = _connect(dsn, connection_factory=connection_factory, **kwasync)
               ^^^^^^^^^^^^^^^^^^^^^^^^^^^^^^^^^^^^^^^^^^^^^^^^^^^^^^^^^^^^^^^
E       psycopg2.OperationalError: connection to server at "localhost" (::1), port 5432 failed: Connection refused
E       	Is the server running on that host and accepting TCP/IP connections?
E       connection to server at "localhost" (127.0.0.1), port 5432 failed: FATAL:  sorry, too many clients already

.venv/lib/python3.14/site-packages/psycopg2/__init__.py:122: OperationalError

The above exception was the direct cause of the following exception:

app = <Flask 'testapp'>

    @pytest.yield_fixture()
    def db(app):
        """Get setup database."""
        if not database_exists(str(db_.engine.url.render_as_string(hide_password=False))):
>           create_database(str(db_.engine.url.render_as_string(hide_password=False)))

tests/conftest.py:130: 
_ _ _ _ _ _ _ _ _ _ _ _ _ _ _ _ _ _ _ _ _ _ _ _ _ _ _ _ _ _ _ _ _ _ _ _ _ _ _ _ 
.venv/lib/python3.14/site-packages/sqlalchemy_utils/functions/database.py:568: in create_database
    with engine.begin() as conn:
         ^^^^^^^^^^^^^^
/opt/hostedtoolcache/Python/3.14.2/x64/lib/python3.14/contextlib.py:141: in __enter__
    return next(self.gen)
           ^^^^^^^^^^^^^^
.venv/lib/python3.14/site-packages/sqlalchemy/engine/base.py:3249: in begin
    with self.connect() as conn:
         ^^^^^^^^^^^^^^
.venv/lib/python3.14/site-packages/sqlalchemy/engine/base.py:3285: in connect
    return self._connection_cls(self)
           ^^^^^^^^^^^^^^^^^^^^^^^^^^
.venv/lib/python3.14/site-packages/sqlalchemy/engine/base.py:145: in __init__
    Connection._handle_dbapi_exception_noconnection(
.venv/lib/python3.14/site-packages/sqlalchemy/engine/base.py:2448: in _handle_dbapi_exception_noconnection
    raise sqlalchemy_exception.with_traceback(exc_info[2]) from e
.venv/lib/python3.14/site-packages/sqlalchemy/engine/base.py:143: in __init__
    self._dbapi_connection = engine.raw_connection()
                             ^^^^^^^^^^^^^^^^^^^^^^^
.venv/lib/python3.14/site-packages/sqlalchemy/engine/base.py:3309: in raw_connection
    return self.pool.connect()
           ^^^^^^^^^^^^^^^^^^^
.venv/lib/python3.14/site-packages/sqlalchemy/pool/base.py:447: in connect
    return _ConnectionFairy._checkout(self)
           ^^^^^^^^^^^^^^^^^^^^^^^^^^^^^^^^
.venv/lib/python3.14/site-packages/sqlalchemy/pool/base.py:1264: in _checkout
    fairy = _ConnectionRecord.checkout(pool)
            ^^^^^^^^^^^^^^^^^^^^^^^^^^^^^^^^
.venv/lib/python3.14/site-packages/sqlalchemy/pool/base.py:711: in checkout
    rec = pool._do_get()
          ^^^^^^^^^^^^^^
.venv/lib/python3.14/site-packages/sqlalchemy/pool/impl.py:177: in _do_get
    with util.safe_reraise():
         ^^^^^^^^^^^^^^^^^^^
.venv/lib/python3.14/site-packages/sqlalchemy/util/langhelpers.py:224: in __exit__
    raise exc_value.with_traceback(exc_tb)
.venv/lib/python3.14/site-packages/sqlalchemy/pool/impl.py:175: in _do_get
    return self._create_connection()
           ^^^^^^^^^^^^^^^^^^^^^^^^^
.venv/lib/python3.14/site-packages/sqlalchemy/pool/base.py:388: in _create_connection
    return _ConnectionRecord(self)
           ^^^^^^^^^^^^^^^^^^^^^^^
.venv/lib/python3.14/site-packages/sqlalchemy/pool/base.py:673: in __init__
    self.__connect()
.venv/lib/python3.14/site-packages/sqlalchemy/pool/base.py:899: in __connect
    with util.safe_reraise():
         ^^^^^^^^^^^^^^^^^^^
.venv/lib/python3.14/site-packages/sqlalchemy/util/langhelpers.py:224: in __exit__
    raise exc_value.with_traceback(exc_tb)
.venv/lib/python3.14/site-packages/sqlalchemy/pool/base.py:895: in __connect
    self.dbapi_connection = connection = pool._invoke_creator(self)
                                         ^^^^^^^^^^^^^^^^^^^^^^^^^^
.venv/lib/python3.14/site-packages/sqlalchemy/engine/create.py:661: in connect
    return dialect.connect(*cargs, **cparams)
           ^^^^^^^^^^^^^^^^^^^^^^^^^^^^^^^^^^
.venv/lib/python3.14/site-packages/sqlalchemy/engine/default.py:630: in connect
    return self.loaded_dbapi.connect(*cargs, **cparams)  # type: ignore[no-any-return]  # NOQA: E501
           ^^^^^^^^^^^^^^^^^^^^^^^^^^^^^^^^^^^^^^^^^^^^
_ _ _ _ _ _ _ _ _ _ _ _ _ _ _ _ _ _ _ _ _ _ _ _ _ _ _ _ _ _ _ _ _ _ _ _ _ _ _ _ 

dsn = 'host=localhost dbname=postgres user=invenio password=invenio port=5432'
connection_factory = None, cursor_factory = None
kwargs = {'dbname': 'postgres', 'host': 'localhost', 'password': 'invenio', 'port': 5432, ...}
kwasync = {}

    def connect(dsn=None, connection_factory=None, cursor_factory=None, **kwargs):
        """
        Create a new database connection.
    
        The connection parameters can be specified as a string:
    
            conn = psycopg2.connect("dbname=test user=postgres password=secret")
    
        or using a set of keyword arguments:
    
            conn = psycopg2.connect(database="test", user="postgres", password="secret")
    
        Or as a mix of both. The basic connection parameters are:
    
        - *dbname*: the database name
        - *database*: the database name (only as keyword argument)
        - *user*: user name used to authenticate
        - *password*: password used to authenticate
        - *host*: database host address (defaults to UNIX socket if not provided)
        - *port*: connection port number (defaults to 5432 if not provided)
    
        Using the *connection_factory* parameter a different class or connections
        factory can be specified. It should be a callable object taking a dsn
        argument.
    
        Using the *cursor_factory* parameter, a new default cursor factory will be
        used by cursor().
    
        Using *async*=True an asynchronous connection will be created. *async_* is
        a valid alias (for Python versions where ``async`` is a keyword).
    
        Any other keyword parameter will be passed to the underlying client
        library: the list of supported parameters depends on the library version.
    
        """
        kwasync = {}
        if 'async' in kwargs:
            kwasync['async'] = kwargs.pop('async')
        if 'async_' in kwargs:
            kwasync['async_'] = kwargs.pop('async_')
    
        dsn = _ext.make_dsn(dsn, **kwargs)
>       conn = _connect(dsn, connection_factory=connection_factory, **kwasync)
               ^^^^^^^^^^^^^^^^^^^^^^^^^^^^^^^^^^^^^^^^^^^^^^^^^^^^^^^^^^^^^^^
E       sqlalchemy.exc.OperationalError: (psycopg2.OperationalError) connection to server at "localhost" (::1), port 5432 failed: Connection refused
E       	Is the server running on that host and accepting TCP/IP connections?
E       connection to server at "localhost" (127.0.0.1), port 5432 failed: FATAL:  sorry, too many clients already
E       
E       (Background on this error at: https://sqlalche.me/e/20/e3q8)

.venv/lib/python3.14/site-packages/psycopg2/__init__.py:122: OperationalError
_____________________ ERROR at setup of test_get_download ______________________

self = <sqlalchemy.engine.base.Connection object at 0x7fd3aeddd6d0>
engine = Engine(postgresql+psycopg2://invenio:***@localhost:5432/postgres)
connection = None, _has_events = None, _allow_revalidate = True
_allow_autobegin = True

    def __init__(
        self,
        engine: Engine,
        connection: Optional[PoolProxiedConnection] = None,
        _has_events: Optional[bool] = None,
        _allow_revalidate: bool = True,
        _allow_autobegin: bool = True,
    ):
        """Construct a new Connection."""
        self.engine = engine
        self.dialect = dialect = engine.dialect
    
        if connection is None:
            try:
>               self._dbapi_connection = engine.raw_connection()
                                         ^^^^^^^^^^^^^^^^^^^^^^^

.venv/lib/python3.14/site-packages/sqlalchemy/engine/base.py:143: 
_ _ _ _ _ _ _ _ _ _ _ _ _ _ _ _ _ _ _ _ _ _ _ _ _ _ _ _ _ _ _ _ _ _ _ _ _ _ _ _ 
.venv/lib/python3.14/site-packages/sqlalchemy/engine/base.py:3309: in raw_connection
    return self.pool.connect()
           ^^^^^^^^^^^^^^^^^^^
.venv/lib/python3.14/site-packages/sqlalchemy/pool/base.py:447: in connect
    return _ConnectionFairy._checkout(self)
           ^^^^^^^^^^^^^^^^^^^^^^^^^^^^^^^^
.venv/lib/python3.14/site-packages/sqlalchemy/pool/base.py:1264: in _checkout
    fairy = _ConnectionRecord.checkout(pool)
            ^^^^^^^^^^^^^^^^^^^^^^^^^^^^^^^^
.venv/lib/python3.14/site-packages/sqlalchemy/pool/base.py:711: in checkout
    rec = pool._do_get()
          ^^^^^^^^^^^^^^
.venv/lib/python3.14/site-packages/sqlalchemy/pool/impl.py:177: in _do_get
    with util.safe_reraise():
         ^^^^^^^^^^^^^^^^^^^
.venv/lib/python3.14/site-packages/sqlalchemy/util/langhelpers.py:224: in __exit__
    raise exc_value.with_traceback(exc_tb)
.venv/lib/python3.14/site-packages/sqlalchemy/pool/impl.py:175: in _do_get
    return self._create_connection()
           ^^^^^^^^^^^^^^^^^^^^^^^^^
.venv/lib/python3.14/site-packages/sqlalchemy/pool/base.py:388: in _create_connection
    return _ConnectionRecord(self)
           ^^^^^^^^^^^^^^^^^^^^^^^
.venv/lib/python3.14/site-packages/sqlalchemy/pool/base.py:673: in __init__
    self.__connect()
.venv/lib/python3.14/site-packages/sqlalchemy/pool/base.py:899: in __connect
    with util.safe_reraise():
         ^^^^^^^^^^^^^^^^^^^
.venv/lib/python3.14/site-packages/sqlalchemy/util/langhelpers.py:224: in __exit__
    raise exc_value.with_traceback(exc_tb)
.venv/lib/python3.14/site-packages/sqlalchemy/pool/base.py:895: in __connect
    self.dbapi_connection = connection = pool._invoke_creator(self)
                                         ^^^^^^^^^^^^^^^^^^^^^^^^^^
.venv/lib/python3.14/site-packages/sqlalchemy/engine/create.py:661: in connect
    return dialect.connect(*cargs, **cparams)
           ^^^^^^^^^^^^^^^^^^^^^^^^^^^^^^^^^^
.venv/lib/python3.14/site-packages/sqlalchemy/engine/default.py:630: in connect
    return self.loaded_dbapi.connect(*cargs, **cparams)  # type: ignore[no-any-return]  # NOQA: E501
           ^^^^^^^^^^^^^^^^^^^^^^^^^^^^^^^^^^^^^^^^^^^^
_ _ _ _ _ _ _ _ _ _ _ _ _ _ _ _ _ _ _ _ _ _ _ _ _ _ _ _ _ _ _ _ _ _ _ _ _ _ _ _ 

dsn = 'host=localhost dbname=postgres user=invenio password=invenio port=5432'
connection_factory = None, cursor_factory = None
kwargs = {'dbname': 'postgres', 'host': 'localhost', 'password': 'invenio', 'port': 5432, ...}
kwasync = {}

    def connect(dsn=None, connection_factory=None, cursor_factory=None, **kwargs):
        """
        Create a new database connection.
    
        The connection parameters can be specified as a string:
    
            conn = psycopg2.connect("dbname=test user=postgres password=secret")
    
        or using a set of keyword arguments:
    
            conn = psycopg2.connect(database="test", user="postgres", password="secret")
    
        Or as a mix of both. The basic connection parameters are:
    
        - *dbname*: the database name
        - *database*: the database name (only as keyword argument)
        - *user*: user name used to authenticate
        - *password*: password used to authenticate
        - *host*: database host address (defaults to UNIX socket if not provided)
        - *port*: connection port number (defaults to 5432 if not provided)
    
        Using the *connection_factory* parameter a different class or connections
        factory can be specified. It should be a callable object taking a dsn
        argument.
    
        Using the *cursor_factory* parameter, a new default cursor factory will be
        used by cursor().
    
        Using *async*=True an asynchronous connection will be created. *async_* is
        a valid alias (for Python versions where ``async`` is a keyword).
    
        Any other keyword parameter will be passed to the underlying client
        library: the list of supported parameters depends on the library version.
    
        """
        kwasync = {}
        if 'async' in kwargs:
            kwasync['async'] = kwargs.pop('async')
        if 'async_' in kwargs:
            kwasync['async_'] = kwargs.pop('async_')
    
        dsn = _ext.make_dsn(dsn, **kwargs)
>       conn = _connect(dsn, connection_factory=connection_factory, **kwasync)
               ^^^^^^^^^^^^^^^^^^^^^^^^^^^^^^^^^^^^^^^^^^^^^^^^^^^^^^^^^^^^^^^
E       psycopg2.OperationalError: connection to server at "localhost" (::1), port 5432 failed: Connection refused
E       	Is the server running on that host and accepting TCP/IP connections?
E       connection to server at "localhost" (127.0.0.1), port 5432 failed: FATAL:  sorry, too many clients already

.venv/lib/python3.14/site-packages/psycopg2/__init__.py:122: OperationalError

The above exception was the direct cause of the following exception:

app = <Flask 'testapp'>

    @pytest.yield_fixture()
    def db(app):
        """Get setup database."""
        if not database_exists(str(db_.engine.url.render_as_string(hide_password=False))):
>           create_database(str(db_.engine.url.render_as_string(hide_password=False)))

tests/conftest.py:130: 
_ _ _ _ _ _ _ _ _ _ _ _ _ _ _ _ _ _ _ _ _ _ _ _ _ _ _ _ _ _ _ _ _ _ _ _ _ _ _ _ 
.venv/lib/python3.14/site-packages/sqlalchemy_utils/functions/database.py:568: in create_database
    with engine.begin() as conn:
         ^^^^^^^^^^^^^^
/opt/hostedtoolcache/Python/3.14.2/x64/lib/python3.14/contextlib.py:141: in __enter__
    return next(self.gen)
           ^^^^^^^^^^^^^^
.venv/lib/python3.14/site-packages/sqlalchemy/engine/base.py:3249: in begin
    with self.connect() as conn:
         ^^^^^^^^^^^^^^
.venv/lib/python3.14/site-packages/sqlalchemy/engine/base.py:3285: in connect
    return self._connection_cls(self)
           ^^^^^^^^^^^^^^^^^^^^^^^^^^
.venv/lib/python3.14/site-packages/sqlalchemy/engine/base.py:145: in __init__
    Connection._handle_dbapi_exception_noconnection(
.venv/lib/python3.14/site-packages/sqlalchemy/engine/base.py:2448: in _handle_dbapi_exception_noconnection
    raise sqlalchemy_exception.with_traceback(exc_info[2]) from e
.venv/lib/python3.14/site-packages/sqlalchemy/engine/base.py:143: in __init__
    self._dbapi_connection = engine.raw_connection()
                             ^^^^^^^^^^^^^^^^^^^^^^^
.venv/lib/python3.14/site-packages/sqlalchemy/engine/base.py:3309: in raw_connection
    return self.pool.connect()
           ^^^^^^^^^^^^^^^^^^^
.venv/lib/python3.14/site-packages/sqlalchemy/pool/base.py:447: in connect
    return _ConnectionFairy._checkout(self)
           ^^^^^^^^^^^^^^^^^^^^^^^^^^^^^^^^
.venv/lib/python3.14/site-packages/sqlalchemy/pool/base.py:1264: in _checkout
    fairy = _ConnectionRecord.checkout(pool)
            ^^^^^^^^^^^^^^^^^^^^^^^^^^^^^^^^
.venv/lib/python3.14/site-packages/sqlalchemy/pool/base.py:711: in checkout
    rec = pool._do_get()
          ^^^^^^^^^^^^^^
.venv/lib/python3.14/site-packages/sqlalchemy/pool/impl.py:177: in _do_get
    with util.safe_reraise():
         ^^^^^^^^^^^^^^^^^^^
.venv/lib/python3.14/site-packages/sqlalchemy/util/langhelpers.py:224: in __exit__
    raise exc_value.with_traceback(exc_tb)
.venv/lib/python3.14/site-packages/sqlalchemy/pool/impl.py:175: in _do_get
    return self._create_connection()
           ^^^^^^^^^^^^^^^^^^^^^^^^^
.venv/lib/python3.14/site-packages/sqlalchemy/pool/base.py:388: in _create_connection
    return _ConnectionRecord(self)
           ^^^^^^^^^^^^^^^^^^^^^^^
.venv/lib/python3.14/site-packages/sqlalchemy/pool/base.py:673: in __init__
    self.__connect()
.venv/lib/python3.14/site-packages/sqlalchemy/pool/base.py:899: in __connect
    with util.safe_reraise():
         ^^^^^^^^^^^^^^^^^^^
.venv/lib/python3.14/site-packages/sqlalchemy/util/langhelpers.py:224: in __exit__
    raise exc_value.with_traceback(exc_tb)
.venv/lib/python3.14/site-packages/sqlalchemy/pool/base.py:895: in __connect
    self.dbapi_connection = connection = pool._invoke_creator(self)
                                         ^^^^^^^^^^^^^^^^^^^^^^^^^^
.venv/lib/python3.14/site-packages/sqlalchemy/engine/create.py:661: in connect
    return dialect.connect(*cargs, **cparams)
           ^^^^^^^^^^^^^^^^^^^^^^^^^^^^^^^^^^
.venv/lib/python3.14/site-packages/sqlalchemy/engine/default.py:630: in connect
    return self.loaded_dbapi.connect(*cargs, **cparams)  # type: ignore[no-any-return]  # NOQA: E501
           ^^^^^^^^^^^^^^^^^^^^^^^^^^^^^^^^^^^^^^^^^^^^
_ _ _ _ _ _ _ _ _ _ _ _ _ _ _ _ _ _ _ _ _ _ _ _ _ _ _ _ _ _ _ _ _ _ _ _ _ _ _ _ 

dsn = 'host=localhost dbname=postgres user=invenio password=invenio port=5432'
connection_factory = None, cursor_factory = None
kwargs = {'dbname': 'postgres', 'host': 'localhost', 'password': 'invenio', 'port': 5432, ...}
kwasync = {}

    def connect(dsn=None, connection_factory=None, cursor_factory=None, **kwargs):
        """
        Create a new database connection.
    
        The connection parameters can be specified as a string:
    
            conn = psycopg2.connect("dbname=test user=postgres password=secret")
    
        or using a set of keyword arguments:
    
            conn = psycopg2.connect(database="test", user="postgres", password="secret")
    
        Or as a mix of both. The basic connection parameters are:
    
        - *dbname*: the database name
        - *database*: the database name (only as keyword argument)
        - *user*: user name used to authenticate
        - *password*: password used to authenticate
        - *host*: database host address (defaults to UNIX socket if not provided)
        - *port*: connection port number (defaults to 5432 if not provided)
    
        Using the *connection_factory* parameter a different class or connections
        factory can be specified. It should be a callable object taking a dsn
        argument.
    
        Using the *cursor_factory* parameter, a new default cursor factory will be
        used by cursor().
    
        Using *async*=True an asynchronous connection will be created. *async_* is
        a valid alias (for Python versions where ``async`` is a keyword).
    
        Any other keyword parameter will be passed to the underlying client
        library: the list of supported parameters depends on the library version.
    
        """
        kwasync = {}
        if 'async' in kwargs:
            kwasync['async'] = kwargs.pop('async')
        if 'async_' in kwargs:
            kwasync['async_'] = kwargs.pop('async_')
    
        dsn = _ext.make_dsn(dsn, **kwargs)
>       conn = _connect(dsn, connection_factory=connection_factory, **kwasync)
               ^^^^^^^^^^^^^^^^^^^^^^^^^^^^^^^^^^^^^^^^^^^^^^^^^^^^^^^^^^^^^^^
E       sqlalchemy.exc.OperationalError: (psycopg2.OperationalError) connection to server at "localhost" (::1), port 5432 failed: Connection refused
E       	Is the server running on that host and accepting TCP/IP connections?
E       connection to server at "localhost" (127.0.0.1), port 5432 failed: FATAL:  sorry, too many clients already
E       
E       (Background on this error at: https://sqlalche.me/e/20/e3q8)

.venv/lib/python3.14/site-packages/psycopg2/__init__.py:122: OperationalError
__ ERROR at setup of test_put_file_size_errors[100-50-400-Maximum file size] ___

self = <sqlalchemy.engine.base.Connection object at 0x7fd3ae289400>
engine = Engine(postgresql+psycopg2://invenio:***@localhost:5432/postgres)
connection = None, _has_events = None, _allow_revalidate = True
_allow_autobegin = True

    def __init__(
        self,
        engine: Engine,
        connection: Optional[PoolProxiedConnection] = None,
        _has_events: Optional[bool] = None,
        _allow_revalidate: bool = True,
        _allow_autobegin: bool = True,
    ):
        """Construct a new Connection."""
        self.engine = engine
        self.dialect = dialect = engine.dialect
    
        if connection is None:
            try:
>               self._dbapi_connection = engine.raw_connection()
                                         ^^^^^^^^^^^^^^^^^^^^^^^

.venv/lib/python3.14/site-packages/sqlalchemy/engine/base.py:143: 
_ _ _ _ _ _ _ _ _ _ _ _ _ _ _ _ _ _ _ _ _ _ _ _ _ _ _ _ _ _ _ _ _ _ _ _ _ _ _ _ 
.venv/lib/python3.14/site-packages/sqlalchemy/engine/base.py:3309: in raw_connection
    return self.pool.connect()
           ^^^^^^^^^^^^^^^^^^^
.venv/lib/python3.14/site-packages/sqlalchemy/pool/base.py:447: in connect
    return _ConnectionFairy._checkout(self)
           ^^^^^^^^^^^^^^^^^^^^^^^^^^^^^^^^
.venv/lib/python3.14/site-packages/sqlalchemy/pool/base.py:1264: in _checkout
    fairy = _ConnectionRecord.checkout(pool)
            ^^^^^^^^^^^^^^^^^^^^^^^^^^^^^^^^
.venv/lib/python3.14/site-packages/sqlalchemy/pool/base.py:711: in checkout
    rec = pool._do_get()
          ^^^^^^^^^^^^^^
.venv/lib/python3.14/site-packages/sqlalchemy/pool/impl.py:177: in _do_get
    with util.safe_reraise():
         ^^^^^^^^^^^^^^^^^^^
.venv/lib/python3.14/site-packages/sqlalchemy/util/langhelpers.py:224: in __exit__
    raise exc_value.with_traceback(exc_tb)
.venv/lib/python3.14/site-packages/sqlalchemy/pool/impl.py:175: in _do_get
    return self._create_connection()
           ^^^^^^^^^^^^^^^^^^^^^^^^^
.venv/lib/python3.14/site-packages/sqlalchemy/pool/base.py:388: in _create_connection
    return _ConnectionRecord(self)
           ^^^^^^^^^^^^^^^^^^^^^^^
.venv/lib/python3.14/site-packages/sqlalchemy/pool/base.py:673: in __init__
    self.__connect()
.venv/lib/python3.14/site-packages/sqlalchemy/pool/base.py:899: in __connect
    with util.safe_reraise():
         ^^^^^^^^^^^^^^^^^^^
.venv/lib/python3.14/site-packages/sqlalchemy/util/langhelpers.py:224: in __exit__
    raise exc_value.with_traceback(exc_tb)
.venv/lib/python3.14/site-packages/sqlalchemy/pool/base.py:895: in __connect
    self.dbapi_connection = connection = pool._invoke_creator(self)
                                         ^^^^^^^^^^^^^^^^^^^^^^^^^^
.venv/lib/python3.14/site-packages/sqlalchemy/engine/create.py:661: in connect
    return dialect.connect(*cargs, **cparams)
           ^^^^^^^^^^^^^^^^^^^^^^^^^^^^^^^^^^
.venv/lib/python3.14/site-packages/sqlalchemy/engine/default.py:630: in connect
    return self.loaded_dbapi.connect(*cargs, **cparams)  # type: ignore[no-any-return]  # NOQA: E501
           ^^^^^^^^^^^^^^^^^^^^^^^^^^^^^^^^^^^^^^^^^^^^
_ _ _ _ _ _ _ _ _ _ _ _ _ _ _ _ _ _ _ _ _ _ _ _ _ _ _ _ _ _ _ _ _ _ _ _ _ _ _ _ 

dsn = 'host=localhost dbname=postgres user=invenio password=invenio port=5432'
connection_factory = None, cursor_factory = None
kwargs = {'dbname': 'postgres', 'host': 'localhost', 'password': 'invenio', 'port': 5432, ...}
kwasync = {}

    def connect(dsn=None, connection_factory=None, cursor_factory=None, **kwargs):
        """
        Create a new database connection.
    
        The connection parameters can be specified as a string:
    
            conn = psycopg2.connect("dbname=test user=postgres password=secret")
    
        or using a set of keyword arguments:
    
            conn = psycopg2.connect(database="test", user="postgres", password="secret")
    
        Or as a mix of both. The basic connection parameters are:
    
        - *dbname*: the database name
        - *database*: the database name (only as keyword argument)
        - *user*: user name used to authenticate
        - *password*: password used to authenticate
        - *host*: database host address (defaults to UNIX socket if not provided)
        - *port*: connection port number (defaults to 5432 if not provided)
    
        Using the *connection_factory* parameter a different class or connections
        factory can be specified. It should be a callable object taking a dsn
        argument.
    
        Using the *cursor_factory* parameter, a new default cursor factory will be
        used by cursor().
    
        Using *async*=True an asynchronous connection will be created. *async_* is
        a valid alias (for Python versions where ``async`` is a keyword).
    
        Any other keyword parameter will be passed to the underlying client
        library: the list of supported parameters depends on the library version.
    
        """
        kwasync = {}
        if 'async' in kwargs:
            kwasync['async'] = kwargs.pop('async')
        if 'async_' in kwargs:
            kwasync['async_'] = kwargs.pop('async_')
    
        dsn = _ext.make_dsn(dsn, **kwargs)
>       conn = _connect(dsn, connection_factory=connection_factory, **kwasync)
               ^^^^^^^^^^^^^^^^^^^^^^^^^^^^^^^^^^^^^^^^^^^^^^^^^^^^^^^^^^^^^^^
E       psycopg2.OperationalError: connection to server at "localhost" (::1), port 5432 failed: Connection refused
E       	Is the server running on that host and accepting TCP/IP connections?
E       connection to server at "localhost" (127.0.0.1), port 5432 failed: FATAL:  sorry, too many clients already

.venv/lib/python3.14/site-packages/psycopg2/__init__.py:122: OperationalError

The above exception was the direct cause of the following exception:

app = <Flask 'testapp'>

    @pytest.yield_fixture()
    def db(app):
        """Get setup database."""
        if not database_exists(str(db_.engine.url.render_as_string(hide_password=False))):
>           create_database(str(db_.engine.url.render_as_string(hide_password=False)))

tests/conftest.py:130: 
_ _ _ _ _ _ _ _ _ _ _ _ _ _ _ _ _ _ _ _ _ _ _ _ _ _ _ _ _ _ _ _ _ _ _ _ _ _ _ _ 
.venv/lib/python3.14/site-packages/sqlalchemy_utils/functions/database.py:568: in create_database
    with engine.begin() as conn:
         ^^^^^^^^^^^^^^
/opt/hostedtoolcache/Python/3.14.2/x64/lib/python3.14/contextlib.py:141: in __enter__
    return next(self.gen)
           ^^^^^^^^^^^^^^
.venv/lib/python3.14/site-packages/sqlalchemy/engine/base.py:3249: in begin
    with self.connect() as conn:
         ^^^^^^^^^^^^^^
.venv/lib/python3.14/site-packages/sqlalchemy/engine/base.py:3285: in connect
    return self._connection_cls(self)
           ^^^^^^^^^^^^^^^^^^^^^^^^^^
.venv/lib/python3.14/site-packages/sqlalchemy/engine/base.py:145: in __init__
    Connection._handle_dbapi_exception_noconnection(
.venv/lib/python3.14/site-packages/sqlalchemy/engine/base.py:2448: in _handle_dbapi_exception_noconnection
    raise sqlalchemy_exception.with_traceback(exc_info[2]) from e
.venv/lib/python3.14/site-packages/sqlalchemy/engine/base.py:143: in __init__
    self._dbapi_connection = engine.raw_connection()
                             ^^^^^^^^^^^^^^^^^^^^^^^
.venv/lib/python3.14/site-packages/sqlalchemy/engine/base.py:3309: in raw_connection
    return self.pool.connect()
           ^^^^^^^^^^^^^^^^^^^
.venv/lib/python3.14/site-packages/sqlalchemy/pool/base.py:447: in connect
    return _ConnectionFairy._checkout(self)
           ^^^^^^^^^^^^^^^^^^^^^^^^^^^^^^^^
.venv/lib/python3.14/site-packages/sqlalchemy/pool/base.py:1264: in _checkout
    fairy = _ConnectionRecord.checkout(pool)
            ^^^^^^^^^^^^^^^^^^^^^^^^^^^^^^^^
.venv/lib/python3.14/site-packages/sqlalchemy/pool/base.py:711: in checkout
    rec = pool._do_get()
          ^^^^^^^^^^^^^^
.venv/lib/python3.14/site-packages/sqlalchemy/pool/impl.py:177: in _do_get
    with util.safe_reraise():
         ^^^^^^^^^^^^^^^^^^^
.venv/lib/python3.14/site-packages/sqlalchemy/util/langhelpers.py:224: in __exit__
    raise exc_value.with_traceback(exc_tb)
.venv/lib/python3.14/site-packages/sqlalchemy/pool/impl.py:175: in _do_get
    return self._create_connection()
           ^^^^^^^^^^^^^^^^^^^^^^^^^
.venv/lib/python3.14/site-packages/sqlalchemy/pool/base.py:388: in _create_connection
    return _ConnectionRecord(self)
           ^^^^^^^^^^^^^^^^^^^^^^^
.venv/lib/python3.14/site-packages/sqlalchemy/pool/base.py:673: in __init__
    self.__connect()
.venv/lib/python3.14/site-packages/sqlalchemy/pool/base.py:899: in __connect
    with util.safe_reraise():
         ^^^^^^^^^^^^^^^^^^^
.venv/lib/python3.14/site-packages/sqlalchemy/util/langhelpers.py:224: in __exit__
    raise exc_value.with_traceback(exc_tb)
.venv/lib/python3.14/site-packages/sqlalchemy/pool/base.py:895: in __connect
    self.dbapi_connection = connection = pool._invoke_creator(self)
                                         ^^^^^^^^^^^^^^^^^^^^^^^^^^
.venv/lib/python3.14/site-packages/sqlalchemy/engine/create.py:661: in connect
    return dialect.connect(*cargs, **cparams)
           ^^^^^^^^^^^^^^^^^^^^^^^^^^^^^^^^^^
.venv/lib/python3.14/site-packages/sqlalchemy/engine/default.py:630: in connect
    return self.loaded_dbapi.connect(*cargs, **cparams)  # type: ignore[no-any-return]  # NOQA: E501
           ^^^^^^^^^^^^^^^^^^^^^^^^^^^^^^^^^^^^^^^^^^^^
_ _ _ _ _ _ _ _ _ _ _ _ _ _ _ _ _ _ _ _ _ _ _ _ _ _ _ _ _ _ _ _ _ _ _ _ _ _ _ _ 

dsn = 'host=localhost dbname=postgres user=invenio password=invenio port=5432'
connection_factory = None, cursor_factory = None
kwargs = {'dbname': 'postgres', 'host': 'localhost', 'password': 'invenio', 'port': 5432, ...}
kwasync = {}

    def connect(dsn=None, connection_factory=None, cursor_factory=None, **kwargs):
        """
        Create a new database connection.
    
        The connection parameters can be specified as a string:
    
            conn = psycopg2.connect("dbname=test user=postgres password=secret")
    
        or using a set of keyword arguments:
    
            conn = psycopg2.connect(database="test", user="postgres", password="secret")
    
        Or as a mix of both. The basic connection parameters are:
    
        - *dbname*: the database name
        - *database*: the database name (only as keyword argument)
        - *user*: user name used to authenticate
        - *password*: password used to authenticate
        - *host*: database host address (defaults to UNIX socket if not provided)
        - *port*: connection port number (defaults to 5432 if not provided)
    
        Using the *connection_factory* parameter a different class or connections
        factory can be specified. It should be a callable object taking a dsn
        argument.
    
        Using the *cursor_factory* parameter, a new default cursor factory will be
        used by cursor().
    
        Using *async*=True an asynchronous connection will be created. *async_* is
        a valid alias (for Python versions where ``async`` is a keyword).
    
        Any other keyword parameter will be passed to the underlying client
        library: the list of supported parameters depends on the library version.
    
        """
        kwasync = {}
        if 'async' in kwargs:
            kwasync['async'] = kwargs.pop('async')
        if 'async_' in kwargs:
            kwasync['async_'] = kwargs.pop('async_')
    
        dsn = _ext.make_dsn(dsn, **kwargs)
>       conn = _connect(dsn, connection_factory=connection_factory, **kwasync)
               ^^^^^^^^^^^^^^^^^^^^^^^^^^^^^^^^^^^^^^^^^^^^^^^^^^^^^^^^^^^^^^^
E       sqlalchemy.exc.OperationalError: (psycopg2.OperationalError) connection to server at "localhost" (::1), port 5432 failed: Connection refused
E       	Is the server running on that host and accepting TCP/IP connections?
E       connection to server at "localhost" (127.0.0.1), port 5432 failed: FATAL:  sorry, too many clients already
E       
E       (Background on this error at: https://sqlalche.me/e/20/e3q8)

.venv/lib/python3.14/site-packages/psycopg2/__init__.py:122: OperationalError
________ ERROR at setup of test_put_file_size_errors[100-100-200-None] _________

self = <sqlalchemy.engine.base.Connection object at 0x7fd3ae32d130>
engine = Engine(postgresql+psycopg2://invenio:***@localhost:5432/postgres)
connection = None, _has_events = None, _allow_revalidate = True
_allow_autobegin = True

    def __init__(
        self,
        engine: Engine,
        connection: Optional[PoolProxiedConnection] = None,
        _has_events: Optional[bool] = None,
        _allow_revalidate: bool = True,
        _allow_autobegin: bool = True,
    ):
        """Construct a new Connection."""
        self.engine = engine
        self.dialect = dialect = engine.dialect
    
        if connection is None:
            try:
>               self._dbapi_connection = engine.raw_connection()
                                         ^^^^^^^^^^^^^^^^^^^^^^^

.venv/lib/python3.14/site-packages/sqlalchemy/engine/base.py:143: 
_ _ _ _ _ _ _ _ _ _ _ _ _ _ _ _ _ _ _ _ _ _ _ _ _ _ _ _ _ _ _ _ _ _ _ _ _ _ _ _ 
.venv/lib/python3.14/site-packages/sqlalchemy/engine/base.py:3309: in raw_connection
    return self.pool.connect()
           ^^^^^^^^^^^^^^^^^^^
.venv/lib/python3.14/site-packages/sqlalchemy/pool/base.py:447: in connect
    return _ConnectionFairy._checkout(self)
           ^^^^^^^^^^^^^^^^^^^^^^^^^^^^^^^^
.venv/lib/python3.14/site-packages/sqlalchemy/pool/base.py:1264: in _checkout
    fairy = _ConnectionRecord.checkout(pool)
            ^^^^^^^^^^^^^^^^^^^^^^^^^^^^^^^^
.venv/lib/python3.14/site-packages/sqlalchemy/pool/base.py:711: in checkout
    rec = pool._do_get()
          ^^^^^^^^^^^^^^
.venv/lib/python3.14/site-packages/sqlalchemy/pool/impl.py:177: in _do_get
    with util.safe_reraise():
         ^^^^^^^^^^^^^^^^^^^
.venv/lib/python3.14/site-packages/sqlalchemy/util/langhelpers.py:224: in __exit__
    raise exc_value.with_traceback(exc_tb)
.venv/lib/python3.14/site-packages/sqlalchemy/pool/impl.py:175: in _do_get
    return self._create_connection()
           ^^^^^^^^^^^^^^^^^^^^^^^^^
.venv/lib/python3.14/site-packages/sqlalchemy/pool/base.py:388: in _create_connection
    return _ConnectionRecord(self)
           ^^^^^^^^^^^^^^^^^^^^^^^
.venv/lib/python3.14/site-packages/sqlalchemy/pool/base.py:673: in __init__
    self.__connect()
.venv/lib/python3.14/site-packages/sqlalchemy/pool/base.py:899: in __connect
    with util.safe_reraise():
         ^^^^^^^^^^^^^^^^^^^
.venv/lib/python3.14/site-packages/sqlalchemy/util/langhelpers.py:224: in __exit__
    raise exc_value.with_traceback(exc_tb)
.venv/lib/python3.14/site-packages/sqlalchemy/pool/base.py:895: in __connect
    self.dbapi_connection = connection = pool._invoke_creator(self)
                                         ^^^^^^^^^^^^^^^^^^^^^^^^^^
.venv/lib/python3.14/site-packages/sqlalchemy/engine/create.py:661: in connect
    return dialect.connect(*cargs, **cparams)
           ^^^^^^^^^^^^^^^^^^^^^^^^^^^^^^^^^^
.venv/lib/python3.14/site-packages/sqlalchemy/engine/default.py:630: in connect
    return self.loaded_dbapi.connect(*cargs, **cparams)  # type: ignore[no-any-return]  # NOQA: E501
           ^^^^^^^^^^^^^^^^^^^^^^^^^^^^^^^^^^^^^^^^^^^^
_ _ _ _ _ _ _ _ _ _ _ _ _ _ _ _ _ _ _ _ _ _ _ _ _ _ _ _ _ _ _ _ _ _ _ _ _ _ _ _ 

dsn = 'host=localhost dbname=postgres user=invenio password=invenio port=5432'
connection_factory = None, cursor_factory = None
kwargs = {'dbname': 'postgres', 'host': 'localhost', 'password': 'invenio', 'port': 5432, ...}
kwasync = {}

    def connect(dsn=None, connection_factory=None, cursor_factory=None, **kwargs):
        """
        Create a new database connection.
    
        The connection parameters can be specified as a string:
    
            conn = psycopg2.connect("dbname=test user=postgres password=secret")
    
        or using a set of keyword arguments:
    
            conn = psycopg2.connect(database="test", user="postgres", password="secret")
    
        Or as a mix of both. The basic connection parameters are:
    
        - *dbname*: the database name
        - *database*: the database name (only as keyword argument)
        - *user*: user name used to authenticate
        - *password*: password used to authenticate
        - *host*: database host address (defaults to UNIX socket if not provided)
        - *port*: connection port number (defaults to 5432 if not provided)
    
        Using the *connection_factory* parameter a different class or connections
        factory can be specified. It should be a callable object taking a dsn
        argument.
    
        Using the *cursor_factory* parameter, a new default cursor factory will be
        used by cursor().
    
        Using *async*=True an asynchronous connection will be created. *async_* is
        a valid alias (for Python versions where ``async`` is a keyword).
    
        Any other keyword parameter will be passed to the underlying client
        library: the list of supported parameters depends on the library version.
    
        """
        kwasync = {}
        if 'async' in kwargs:
            kwasync['async'] = kwargs.pop('async')
        if 'async_' in kwargs:
            kwasync['async_'] = kwargs.pop('async_')
    
        dsn = _ext.make_dsn(dsn, **kwargs)
>       conn = _connect(dsn, connection_factory=connection_factory, **kwasync)
               ^^^^^^^^^^^^^^^^^^^^^^^^^^^^^^^^^^^^^^^^^^^^^^^^^^^^^^^^^^^^^^^
E       psycopg2.OperationalError: connection to server at "localhost" (::1), port 5432 failed: Connection refused
E       	Is the server running on that host and accepting TCP/IP connections?
E       connection to server at "localhost" (127.0.0.1), port 5432 failed: FATAL:  sorry, too many clients already

.venv/lib/python3.14/site-packages/psycopg2/__init__.py:122: OperationalError

The above exception was the direct cause of the following exception:

app = <Flask 'testapp'>

    @pytest.yield_fixture()
    def db(app):
        """Get setup database."""
        if not database_exists(str(db_.engine.url.render_as_string(hide_password=False))):
>           create_database(str(db_.engine.url.render_as_string(hide_password=False)))

tests/conftest.py:130: 
_ _ _ _ _ _ _ _ _ _ _ _ _ _ _ _ _ _ _ _ _ _ _ _ _ _ _ _ _ _ _ _ _ _ _ _ _ _ _ _ 
.venv/lib/python3.14/site-packages/sqlalchemy_utils/functions/database.py:568: in create_database
    with engine.begin() as conn:
         ^^^^^^^^^^^^^^
/opt/hostedtoolcache/Python/3.14.2/x64/lib/python3.14/contextlib.py:141: in __enter__
    return next(self.gen)
           ^^^^^^^^^^^^^^
.venv/lib/python3.14/site-packages/sqlalchemy/engine/base.py:3249: in begin
    with self.connect() as conn:
         ^^^^^^^^^^^^^^
.venv/lib/python3.14/site-packages/sqlalchemy/engine/base.py:3285: in connect
    return self._connection_cls(self)
           ^^^^^^^^^^^^^^^^^^^^^^^^^^
.venv/lib/python3.14/site-packages/sqlalchemy/engine/base.py:145: in __init__
    Connection._handle_dbapi_exception_noconnection(
.venv/lib/python3.14/site-packages/sqlalchemy/engine/base.py:2448: in _handle_dbapi_exception_noconnection
    raise sqlalchemy_exception.with_traceback(exc_info[2]) from e
.venv/lib/python3.14/site-packages/sqlalchemy/engine/base.py:143: in __init__
    self._dbapi_connection = engine.raw_connection()
                             ^^^^^^^^^^^^^^^^^^^^^^^
.venv/lib/python3.14/site-packages/sqlalchemy/engine/base.py:3309: in raw_connection
    return self.pool.connect()
           ^^^^^^^^^^^^^^^^^^^
.venv/lib/python3.14/site-packages/sqlalchemy/pool/base.py:447: in connect
    return _ConnectionFairy._checkout(self)
           ^^^^^^^^^^^^^^^^^^^^^^^^^^^^^^^^
.venv/lib/python3.14/site-packages/sqlalchemy/pool/base.py:1264: in _checkout
    fairy = _ConnectionRecord.checkout(pool)
            ^^^^^^^^^^^^^^^^^^^^^^^^^^^^^^^^
.venv/lib/python3.14/site-packages/sqlalchemy/pool/base.py:711: in checkout
    rec = pool._do_get()
          ^^^^^^^^^^^^^^
.venv/lib/python3.14/site-packages/sqlalchemy/pool/impl.py:177: in _do_get
    with util.safe_reraise():
         ^^^^^^^^^^^^^^^^^^^
.venv/lib/python3.14/site-packages/sqlalchemy/util/langhelpers.py:224: in __exit__
    raise exc_value.with_traceback(exc_tb)
.venv/lib/python3.14/site-packages/sqlalchemy/pool/impl.py:175: in _do_get
    return self._create_connection()
           ^^^^^^^^^^^^^^^^^^^^^^^^^
.venv/lib/python3.14/site-packages/sqlalchemy/pool/base.py:388: in _create_connection
    return _ConnectionRecord(self)
           ^^^^^^^^^^^^^^^^^^^^^^^
.venv/lib/python3.14/site-packages/sqlalchemy/pool/base.py:673: in __init__
    self.__connect()
.venv/lib/python3.14/site-packages/sqlalchemy/pool/base.py:899: in __connect
    with util.safe_reraise():
         ^^^^^^^^^^^^^^^^^^^
.venv/lib/python3.14/site-packages/sqlalchemy/util/langhelpers.py:224: in __exit__
    raise exc_value.with_traceback(exc_tb)
.venv/lib/python3.14/site-packages/sqlalchemy/pool/base.py:895: in __connect
    self.dbapi_connection = connection = pool._invoke_creator(self)
                                         ^^^^^^^^^^^^^^^^^^^^^^^^^^
.venv/lib/python3.14/site-packages/sqlalchemy/engine/create.py:661: in connect
    return dialect.connect(*cargs, **cparams)
           ^^^^^^^^^^^^^^^^^^^^^^^^^^^^^^^^^^
.venv/lib/python3.14/site-packages/sqlalchemy/engine/default.py:630: in connect
    return self.loaded_dbapi.connect(*cargs, **cparams)  # type: ignore[no-any-return]  # NOQA: E501
           ^^^^^^^^^^^^^^^^^^^^^^^^^^^^^^^^^^^^^^^^^^^^
_ _ _ _ _ _ _ _ _ _ _ _ _ _ _ _ _ _ _ _ _ _ _ _ _ _ _ _ _ _ _ _ _ _ _ _ _ _ _ _ 

dsn = 'host=localhost dbname=postgres user=invenio password=invenio port=5432'
connection_factory = None, cursor_factory = None
kwargs = {'dbname': 'postgres', 'host': 'localhost', 'password': 'invenio', 'port': 5432, ...}
kwasync = {}

    def connect(dsn=None, connection_factory=None, cursor_factory=None, **kwargs):
        """
        Create a new database connection.
    
        The connection parameters can be specified as a string:
    
            conn = psycopg2.connect("dbname=test user=postgres password=secret")
    
        or using a set of keyword arguments:
    
            conn = psycopg2.connect(database="test", user="postgres", password="secret")
    
        Or as a mix of both. The basic connection parameters are:
    
        - *dbname*: the database name
        - *database*: the database name (only as keyword argument)
        - *user*: user name used to authenticate
        - *password*: password used to authenticate
        - *host*: database host address (defaults to UNIX socket if not provided)
        - *port*: connection port number (defaults to 5432 if not provided)
    
        Using the *connection_factory* parameter a different class or connections
        factory can be specified. It should be a callable object taking a dsn
        argument.
    
        Using the *cursor_factory* parameter, a new default cursor factory will be
        used by cursor().
    
        Using *async*=True an asynchronous connection will be created. *async_* is
        a valid alias (for Python versions where ``async`` is a keyword).
    
        Any other keyword parameter will be passed to the underlying client
        library: the list of supported parameters depends on the library version.
    
        """
        kwasync = {}
        if 'async' in kwargs:
            kwasync['async'] = kwargs.pop('async')
        if 'async_' in kwargs:
            kwasync['async_'] = kwargs.pop('async_')
    
        dsn = _ext.make_dsn(dsn, **kwargs)
>       conn = _connect(dsn, connection_factory=connection_factory, **kwasync)
               ^^^^^^^^^^^^^^^^^^^^^^^^^^^^^^^^^^^^^^^^^^^^^^^^^^^^^^^^^^^^^^^
E       sqlalchemy.exc.OperationalError: (psycopg2.OperationalError) connection to server at "localhost" (::1), port 5432 failed: Connection refused
E       	Is the server running on that host and accepting TCP/IP connections?
E       connection to server at "localhost" (127.0.0.1), port 5432 failed: FATAL:  sorry, too many clients already
E       
E       (Background on this error at: https://sqlalche.me/e/20/e3q8)

.venv/lib/python3.14/site-packages/psycopg2/__init__.py:122: OperationalError
_______ ERROR at setup of test_put_file_size_errors[None-None-200-None] ________

self = <sqlalchemy.engine.base.Connection object at 0x7fd3ae2b8f50>
engine = Engine(postgresql+psycopg2://invenio:***@localhost:5432/postgres)
connection = None, _has_events = None, _allow_revalidate = True
_allow_autobegin = True

    def __init__(
        self,
        engine: Engine,
        connection: Optional[PoolProxiedConnection] = None,
        _has_events: Optional[bool] = None,
        _allow_revalidate: bool = True,
        _allow_autobegin: bool = True,
    ):
        """Construct a new Connection."""
        self.engine = engine
        self.dialect = dialect = engine.dialect
    
        if connection is None:
            try:
>               self._dbapi_connection = engine.raw_connection()
                                         ^^^^^^^^^^^^^^^^^^^^^^^

.venv/lib/python3.14/site-packages/sqlalchemy/engine/base.py:143: 
_ _ _ _ _ _ _ _ _ _ _ _ _ _ _ _ _ _ _ _ _ _ _ _ _ _ _ _ _ _ _ _ _ _ _ _ _ _ _ _ 
.venv/lib/python3.14/site-packages/sqlalchemy/engine/base.py:3309: in raw_connection
    return self.pool.connect()
           ^^^^^^^^^^^^^^^^^^^
.venv/lib/python3.14/site-packages/sqlalchemy/pool/base.py:447: in connect
    return _ConnectionFairy._checkout(self)
           ^^^^^^^^^^^^^^^^^^^^^^^^^^^^^^^^
.venv/lib/python3.14/site-packages/sqlalchemy/pool/base.py:1264: in _checkout
    fairy = _ConnectionRecord.checkout(pool)
            ^^^^^^^^^^^^^^^^^^^^^^^^^^^^^^^^
.venv/lib/python3.14/site-packages/sqlalchemy/pool/base.py:711: in checkout
    rec = pool._do_get()
          ^^^^^^^^^^^^^^
.venv/lib/python3.14/site-packages/sqlalchemy/pool/impl.py:177: in _do_get
    with util.safe_reraise():
         ^^^^^^^^^^^^^^^^^^^
.venv/lib/python3.14/site-packages/sqlalchemy/util/langhelpers.py:224: in __exit__
    raise exc_value.with_traceback(exc_tb)
.venv/lib/python3.14/site-packages/sqlalchemy/pool/impl.py:175: in _do_get
    return self._create_connection()
           ^^^^^^^^^^^^^^^^^^^^^^^^^
.venv/lib/python3.14/site-packages/sqlalchemy/pool/base.py:388: in _create_connection
    return _ConnectionRecord(self)
           ^^^^^^^^^^^^^^^^^^^^^^^
.venv/lib/python3.14/site-packages/sqlalchemy/pool/base.py:673: in __init__
    self.__connect()
.venv/lib/python3.14/site-packages/sqlalchemy/pool/base.py:899: in __connect
    with util.safe_reraise():
         ^^^^^^^^^^^^^^^^^^^
.venv/lib/python3.14/site-packages/sqlalchemy/util/langhelpers.py:224: in __exit__
    raise exc_value.with_traceback(exc_tb)
.venv/lib/python3.14/site-packages/sqlalchemy/pool/base.py:895: in __connect
    self.dbapi_connection = connection = pool._invoke_creator(self)
                                         ^^^^^^^^^^^^^^^^^^^^^^^^^^
.venv/lib/python3.14/site-packages/sqlalchemy/engine/create.py:661: in connect
    return dialect.connect(*cargs, **cparams)
           ^^^^^^^^^^^^^^^^^^^^^^^^^^^^^^^^^^
.venv/lib/python3.14/site-packages/sqlalchemy/engine/default.py:630: in connect
    return self.loaded_dbapi.connect(*cargs, **cparams)  # type: ignore[no-any-return]  # NOQA: E501
           ^^^^^^^^^^^^^^^^^^^^^^^^^^^^^^^^^^^^^^^^^^^^
_ _ _ _ _ _ _ _ _ _ _ _ _ _ _ _ _ _ _ _ _ _ _ _ _ _ _ _ _ _ _ _ _ _ _ _ _ _ _ _ 

dsn = 'host=localhost dbname=postgres user=invenio password=invenio port=5432'
connection_factory = None, cursor_factory = None
kwargs = {'dbname': 'postgres', 'host': 'localhost', 'password': 'invenio', 'port': 5432, ...}
kwasync = {}

    def connect(dsn=None, connection_factory=None, cursor_factory=None, **kwargs):
        """
        Create a new database connection.
    
        The connection parameters can be specified as a string:
    
            conn = psycopg2.connect("dbname=test user=postgres password=secret")
    
        or using a set of keyword arguments:
    
            conn = psycopg2.connect(database="test", user="postgres", password="secret")
    
        Or as a mix of both. The basic connection parameters are:
    
        - *dbname*: the database name
        - *database*: the database name (only as keyword argument)
        - *user*: user name used to authenticate
        - *password*: password used to authenticate
        - *host*: database host address (defaults to UNIX socket if not provided)
        - *port*: connection port number (defaults to 5432 if not provided)
    
        Using the *connection_factory* parameter a different class or connections
        factory can be specified. It should be a callable object taking a dsn
        argument.
    
        Using the *cursor_factory* parameter, a new default cursor factory will be
        used by cursor().
    
        Using *async*=True an asynchronous connection will be created. *async_* is
        a valid alias (for Python versions where ``async`` is a keyword).
    
        Any other keyword parameter will be passed to the underlying client
        library: the list of supported parameters depends on the library version.
    
        """
        kwasync = {}
        if 'async' in kwargs:
            kwasync['async'] = kwargs.pop('async')
        if 'async_' in kwargs:
            kwasync['async_'] = kwargs.pop('async_')
    
        dsn = _ext.make_dsn(dsn, **kwargs)
>       conn = _connect(dsn, connection_factory=connection_factory, **kwasync)
               ^^^^^^^^^^^^^^^^^^^^^^^^^^^^^^^^^^^^^^^^^^^^^^^^^^^^^^^^^^^^^^^
E       psycopg2.OperationalError: connection to server at "localhost" (::1), port 5432 failed: Connection refused
E       	Is the server running on that host and accepting TCP/IP connections?
E       connection to server at "localhost" (127.0.0.1), port 5432 failed: FATAL:  sorry, too many clients already

.venv/lib/python3.14/site-packages/psycopg2/__init__.py:122: OperationalError

The above exception was the direct cause of the following exception:

app = <Flask 'testapp'>

    @pytest.yield_fixture()
    def db(app):
        """Get setup database."""
        if not database_exists(str(db_.engine.url.render_as_string(hide_password=False))):
>           create_database(str(db_.engine.url.render_as_string(hide_password=False)))

tests/conftest.py:130: 
_ _ _ _ _ _ _ _ _ _ _ _ _ _ _ _ _ _ _ _ _ _ _ _ _ _ _ _ _ _ _ _ _ _ _ _ _ _ _ _ 
.venv/lib/python3.14/site-packages/sqlalchemy_utils/functions/database.py:568: in create_database
    with engine.begin() as conn:
         ^^^^^^^^^^^^^^
/opt/hostedtoolcache/Python/3.14.2/x64/lib/python3.14/contextlib.py:141: in __enter__
    return next(self.gen)
           ^^^^^^^^^^^^^^
.venv/lib/python3.14/site-packages/sqlalchemy/engine/base.py:3249: in begin
    with self.connect() as conn:
         ^^^^^^^^^^^^^^
.venv/lib/python3.14/site-packages/sqlalchemy/engine/base.py:3285: in connect
    return self._connection_cls(self)
           ^^^^^^^^^^^^^^^^^^^^^^^^^^
.venv/lib/python3.14/site-packages/sqlalchemy/engine/base.py:145: in __init__
    Connection._handle_dbapi_exception_noconnection(
.venv/lib/python3.14/site-packages/sqlalchemy/engine/base.py:2448: in _handle_dbapi_exception_noconnection
    raise sqlalchemy_exception.with_traceback(exc_info[2]) from e
.venv/lib/python3.14/site-packages/sqlalchemy/engine/base.py:143: in __init__
    self._dbapi_connection = engine.raw_connection()
                             ^^^^^^^^^^^^^^^^^^^^^^^
.venv/lib/python3.14/site-packages/sqlalchemy/engine/base.py:3309: in raw_connection
    return self.pool.connect()
           ^^^^^^^^^^^^^^^^^^^
.venv/lib/python3.14/site-packages/sqlalchemy/pool/base.py:447: in connect
    return _ConnectionFairy._checkout(self)
           ^^^^^^^^^^^^^^^^^^^^^^^^^^^^^^^^
.venv/lib/python3.14/site-packages/sqlalchemy/pool/base.py:1264: in _checkout
    fairy = _ConnectionRecord.checkout(pool)
            ^^^^^^^^^^^^^^^^^^^^^^^^^^^^^^^^
.venv/lib/python3.14/site-packages/sqlalchemy/pool/base.py:711: in checkout
    rec = pool._do_get()
          ^^^^^^^^^^^^^^
.venv/lib/python3.14/site-packages/sqlalchemy/pool/impl.py:177: in _do_get
    with util.safe_reraise():
         ^^^^^^^^^^^^^^^^^^^
.venv/lib/python3.14/site-packages/sqlalchemy/util/langhelpers.py:224: in __exit__
    raise exc_value.with_traceback(exc_tb)
.venv/lib/python3.14/site-packages/sqlalchemy/pool/impl.py:175: in _do_get
    return self._create_connection()
           ^^^^^^^^^^^^^^^^^^^^^^^^^
.venv/lib/python3.14/site-packages/sqlalchemy/pool/base.py:388: in _create_connection
    return _ConnectionRecord(self)
           ^^^^^^^^^^^^^^^^^^^^^^^
.venv/lib/python3.14/site-packages/sqlalchemy/pool/base.py:673: in __init__
    self.__connect()
.venv/lib/python3.14/site-packages/sqlalchemy/pool/base.py:899: in __connect
    with util.safe_reraise():
         ^^^^^^^^^^^^^^^^^^^
.venv/lib/python3.14/site-packages/sqlalchemy/util/langhelpers.py:224: in __exit__
    raise exc_value.with_traceback(exc_tb)
.venv/lib/python3.14/site-packages/sqlalchemy/pool/base.py:895: in __connect
    self.dbapi_connection = connection = pool._invoke_creator(self)
                                         ^^^^^^^^^^^^^^^^^^^^^^^^^^
.venv/lib/python3.14/site-packages/sqlalchemy/engine/create.py:661: in connect
    return dialect.connect(*cargs, **cparams)
           ^^^^^^^^^^^^^^^^^^^^^^^^^^^^^^^^^^
.venv/lib/python3.14/site-packages/sqlalchemy/engine/default.py:630: in connect
    return self.loaded_dbapi.connect(*cargs, **cparams)  # type: ignore[no-any-return]  # NOQA: E501
           ^^^^^^^^^^^^^^^^^^^^^^^^^^^^^^^^^^^^^^^^^^^^
_ _ _ _ _ _ _ _ _ _ _ _ _ _ _ _ _ _ _ _ _ _ _ _ _ _ _ _ _ _ _ _ _ _ _ _ _ _ _ _ 

dsn = 'host=localhost dbname=postgres user=invenio password=invenio port=5432'
connection_factory = None, cursor_factory = None
kwargs = {'dbname': 'postgres', 'host': 'localhost', 'password': 'invenio', 'port': 5432, ...}
kwasync = {}

    def connect(dsn=None, connection_factory=None, cursor_factory=None, **kwargs):
        """
        Create a new database connection.
    
        The connection parameters can be specified as a string:
    
            conn = psycopg2.connect("dbname=test user=postgres password=secret")
    
        or using a set of keyword arguments:
    
            conn = psycopg2.connect(database="test", user="postgres", password="secret")
    
        Or as a mix of both. The basic connection parameters are:
    
        - *dbname*: the database name
        - *database*: the database name (only as keyword argument)
        - *user*: user name used to authenticate
        - *password*: password used to authenticate
        - *host*: database host address (defaults to UNIX socket if not provided)
        - *port*: connection port number (defaults to 5432 if not provided)
    
        Using the *connection_factory* parameter a different class or connections
        factory can be specified. It should be a callable object taking a dsn
        argument.
    
        Using the *cursor_factory* parameter, a new default cursor factory will be
        used by cursor().
    
        Using *async*=True an asynchronous connection will be created. *async_* is
        a valid alias (for Python versions where ``async`` is a keyword).
    
        Any other keyword parameter will be passed to the underlying client
        library: the list of supported parameters depends on the library version.
    
        """
        kwasync = {}
        if 'async' in kwargs:
            kwasync['async'] = kwargs.pop('async')
        if 'async_' in kwargs:
            kwasync['async_'] = kwargs.pop('async_')
    
        dsn = _ext.make_dsn(dsn, **kwargs)
>       conn = _connect(dsn, connection_factory=connection_factory, **kwasync)
               ^^^^^^^^^^^^^^^^^^^^^^^^^^^^^^^^^^^^^^^^^^^^^^^^^^^^^^^^^^^^^^^
E       sqlalchemy.exc.OperationalError: (psycopg2.OperationalError) connection to server at "localhost" (::1), port 5432 failed: Connection refused
E       	Is the server running on that host and accepting TCP/IP connections?
E       connection to server at "localhost" (127.0.0.1), port 5432 failed: FATAL:  sorry, too many clients already
E       
E       (Background on this error at: https://sqlalche.me/e/20/e3q8)

.venv/lib/python3.14/site-packages/psycopg2/__init__.py:122: OperationalError
____________________ ERROR at setup of test_put_invalid_key ____________________

self = <sqlalchemy.engine.base.Connection object at 0x7fd3ae244d70>
engine = Engine(postgresql+psycopg2://invenio:***@localhost:5432/postgres)
connection = None, _has_events = None, _allow_revalidate = True
_allow_autobegin = True

    def __init__(
        self,
        engine: Engine,
        connection: Optional[PoolProxiedConnection] = None,
        _has_events: Optional[bool] = None,
        _allow_revalidate: bool = True,
        _allow_autobegin: bool = True,
    ):
        """Construct a new Connection."""
        self.engine = engine
        self.dialect = dialect = engine.dialect
    
        if connection is None:
            try:
>               self._dbapi_connection = engine.raw_connection()
                                         ^^^^^^^^^^^^^^^^^^^^^^^

.venv/lib/python3.14/site-packages/sqlalchemy/engine/base.py:143: 
_ _ _ _ _ _ _ _ _ _ _ _ _ _ _ _ _ _ _ _ _ _ _ _ _ _ _ _ _ _ _ _ _ _ _ _ _ _ _ _ 
.venv/lib/python3.14/site-packages/sqlalchemy/engine/base.py:3309: in raw_connection
    return self.pool.connect()
           ^^^^^^^^^^^^^^^^^^^
.venv/lib/python3.14/site-packages/sqlalchemy/pool/base.py:447: in connect
    return _ConnectionFairy._checkout(self)
           ^^^^^^^^^^^^^^^^^^^^^^^^^^^^^^^^
.venv/lib/python3.14/site-packages/sqlalchemy/pool/base.py:1264: in _checkout
    fairy = _ConnectionRecord.checkout(pool)
            ^^^^^^^^^^^^^^^^^^^^^^^^^^^^^^^^
.venv/lib/python3.14/site-packages/sqlalchemy/pool/base.py:711: in checkout
    rec = pool._do_get()
          ^^^^^^^^^^^^^^
.venv/lib/python3.14/site-packages/sqlalchemy/pool/impl.py:177: in _do_get
    with util.safe_reraise():
         ^^^^^^^^^^^^^^^^^^^
.venv/lib/python3.14/site-packages/sqlalchemy/util/langhelpers.py:224: in __exit__
    raise exc_value.with_traceback(exc_tb)
.venv/lib/python3.14/site-packages/sqlalchemy/pool/impl.py:175: in _do_get
    return self._create_connection()
           ^^^^^^^^^^^^^^^^^^^^^^^^^
.venv/lib/python3.14/site-packages/sqlalchemy/pool/base.py:388: in _create_connection
    return _ConnectionRecord(self)
           ^^^^^^^^^^^^^^^^^^^^^^^
.venv/lib/python3.14/site-packages/sqlalchemy/pool/base.py:673: in __init__
    self.__connect()
.venv/lib/python3.14/site-packages/sqlalchemy/pool/base.py:899: in __connect
    with util.safe_reraise():
         ^^^^^^^^^^^^^^^^^^^
.venv/lib/python3.14/site-packages/sqlalchemy/util/langhelpers.py:224: in __exit__
    raise exc_value.with_traceback(exc_tb)
.venv/lib/python3.14/site-packages/sqlalchemy/pool/base.py:895: in __connect
    self.dbapi_connection = connection = pool._invoke_creator(self)
                                         ^^^^^^^^^^^^^^^^^^^^^^^^^^
.venv/lib/python3.14/site-packages/sqlalchemy/engine/create.py:661: in connect
    return dialect.connect(*cargs, **cparams)
           ^^^^^^^^^^^^^^^^^^^^^^^^^^^^^^^^^^
.venv/lib/python3.14/site-packages/sqlalchemy/engine/default.py:630: in connect
    return self.loaded_dbapi.connect(*cargs, **cparams)  # type: ignore[no-any-return]  # NOQA: E501
           ^^^^^^^^^^^^^^^^^^^^^^^^^^^^^^^^^^^^^^^^^^^^
_ _ _ _ _ _ _ _ _ _ _ _ _ _ _ _ _ _ _ _ _ _ _ _ _ _ _ _ _ _ _ _ _ _ _ _ _ _ _ _ 

dsn = 'host=localhost dbname=postgres user=invenio password=invenio port=5432'
connection_factory = None, cursor_factory = None
kwargs = {'dbname': 'postgres', 'host': 'localhost', 'password': 'invenio', 'port': 5432, ...}
kwasync = {}

    def connect(dsn=None, connection_factory=None, cursor_factory=None, **kwargs):
        """
        Create a new database connection.
    
        The connection parameters can be specified as a string:
    
            conn = psycopg2.connect("dbname=test user=postgres password=secret")
    
        or using a set of keyword arguments:
    
            conn = psycopg2.connect(database="test", user="postgres", password="secret")
    
        Or as a mix of both. The basic connection parameters are:
    
        - *dbname*: the database name
        - *database*: the database name (only as keyword argument)
        - *user*: user name used to authenticate
        - *password*: password used to authenticate
        - *host*: database host address (defaults to UNIX socket if not provided)
        - *port*: connection port number (defaults to 5432 if not provided)
    
        Using the *connection_factory* parameter a different class or connections
        factory can be specified. It should be a callable object taking a dsn
        argument.
    
        Using the *cursor_factory* parameter, a new default cursor factory will be
        used by cursor().
    
        Using *async*=True an asynchronous connection will be created. *async_* is
        a valid alias (for Python versions where ``async`` is a keyword).
    
        Any other keyword parameter will be passed to the underlying client
        library: the list of supported parameters depends on the library version.
    
        """
        kwasync = {}
        if 'async' in kwargs:
            kwasync['async'] = kwargs.pop('async')
        if 'async_' in kwargs:
            kwasync['async_'] = kwargs.pop('async_')
    
        dsn = _ext.make_dsn(dsn, **kwargs)
>       conn = _connect(dsn, connection_factory=connection_factory, **kwasync)
               ^^^^^^^^^^^^^^^^^^^^^^^^^^^^^^^^^^^^^^^^^^^^^^^^^^^^^^^^^^^^^^^
E       psycopg2.OperationalError: connection to server at "localhost" (::1), port 5432 failed: Connection refused
E       	Is the server running on that host and accepting TCP/IP connections?
E       connection to server at "localhost" (127.0.0.1), port 5432 failed: FATAL:  sorry, too many clients already

.venv/lib/python3.14/site-packages/psycopg2/__init__.py:122: OperationalError

The above exception was the direct cause of the following exception:

app = <Flask 'testapp'>

    @pytest.yield_fixture()
    def db(app):
        """Get setup database."""
        if not database_exists(str(db_.engine.url.render_as_string(hide_password=False))):
>           create_database(str(db_.engine.url.render_as_string(hide_password=False)))

tests/conftest.py:130: 
_ _ _ _ _ _ _ _ _ _ _ _ _ _ _ _ _ _ _ _ _ _ _ _ _ _ _ _ _ _ _ _ _ _ _ _ _ _ _ _ 
.venv/lib/python3.14/site-packages/sqlalchemy_utils/functions/database.py:568: in create_database
    with engine.begin() as conn:
         ^^^^^^^^^^^^^^
/opt/hostedtoolcache/Python/3.14.2/x64/lib/python3.14/contextlib.py:141: in __enter__
    return next(self.gen)
           ^^^^^^^^^^^^^^
.venv/lib/python3.14/site-packages/sqlalchemy/engine/base.py:3249: in begin
    with self.connect() as conn:
         ^^^^^^^^^^^^^^
.venv/lib/python3.14/site-packages/sqlalchemy/engine/base.py:3285: in connect
    return self._connection_cls(self)
           ^^^^^^^^^^^^^^^^^^^^^^^^^^
.venv/lib/python3.14/site-packages/sqlalchemy/engine/base.py:145: in __init__
    Connection._handle_dbapi_exception_noconnection(
.venv/lib/python3.14/site-packages/sqlalchemy/engine/base.py:2448: in _handle_dbapi_exception_noconnection
    raise sqlalchemy_exception.with_traceback(exc_info[2]) from e
.venv/lib/python3.14/site-packages/sqlalchemy/engine/base.py:143: in __init__
    self._dbapi_connection = engine.raw_connection()
                             ^^^^^^^^^^^^^^^^^^^^^^^
.venv/lib/python3.14/site-packages/sqlalchemy/engine/base.py:3309: in raw_connection
    return self.pool.connect()
           ^^^^^^^^^^^^^^^^^^^
.venv/lib/python3.14/site-packages/sqlalchemy/pool/base.py:447: in connect
    return _ConnectionFairy._checkout(self)
           ^^^^^^^^^^^^^^^^^^^^^^^^^^^^^^^^
.venv/lib/python3.14/site-packages/sqlalchemy/pool/base.py:1264: in _checkout
    fairy = _ConnectionRecord.checkout(pool)
            ^^^^^^^^^^^^^^^^^^^^^^^^^^^^^^^^
.venv/lib/python3.14/site-packages/sqlalchemy/pool/base.py:711: in checkout
    rec = pool._do_get()
          ^^^^^^^^^^^^^^
.venv/lib/python3.14/site-packages/sqlalchemy/pool/impl.py:177: in _do_get
    with util.safe_reraise():
         ^^^^^^^^^^^^^^^^^^^
.venv/lib/python3.14/site-packages/sqlalchemy/util/langhelpers.py:224: in __exit__
    raise exc_value.with_traceback(exc_tb)
.venv/lib/python3.14/site-packages/sqlalchemy/pool/impl.py:175: in _do_get
    return self._create_connection()
           ^^^^^^^^^^^^^^^^^^^^^^^^^
.venv/lib/python3.14/site-packages/sqlalchemy/pool/base.py:388: in _create_connection
    return _ConnectionRecord(self)
           ^^^^^^^^^^^^^^^^^^^^^^^
.venv/lib/python3.14/site-packages/sqlalchemy/pool/base.py:673: in __init__
    self.__connect()
.venv/lib/python3.14/site-packages/sqlalchemy/pool/base.py:899: in __connect
    with util.safe_reraise():
         ^^^^^^^^^^^^^^^^^^^
.venv/lib/python3.14/site-packages/sqlalchemy/util/langhelpers.py:224: in __exit__
    raise exc_value.with_traceback(exc_tb)
.venv/lib/python3.14/site-packages/sqlalchemy/pool/base.py:895: in __connect
    self.dbapi_connection = connection = pool._invoke_creator(self)
                                         ^^^^^^^^^^^^^^^^^^^^^^^^^^
.venv/lib/python3.14/site-packages/sqlalchemy/engine/create.py:661: in connect
    return dialect.connect(*cargs, **cparams)
           ^^^^^^^^^^^^^^^^^^^^^^^^^^^^^^^^^^
.venv/lib/python3.14/site-packages/sqlalchemy/engine/default.py:630: in connect
    return self.loaded_dbapi.connect(*cargs, **cparams)  # type: ignore[no-any-return]  # NOQA: E501
           ^^^^^^^^^^^^^^^^^^^^^^^^^^^^^^^^^^^^^^^^^^^^
_ _ _ _ _ _ _ _ _ _ _ _ _ _ _ _ _ _ _ _ _ _ _ _ _ _ _ _ _ _ _ _ _ _ _ _ _ _ _ _ 

dsn = 'host=localhost dbname=postgres user=invenio password=invenio port=5432'
connection_factory = None, cursor_factory = None
kwargs = {'dbname': 'postgres', 'host': 'localhost', 'password': 'invenio', 'port': 5432, ...}
kwasync = {}

    def connect(dsn=None, connection_factory=None, cursor_factory=None, **kwargs):
        """
        Create a new database connection.
    
        The connection parameters can be specified as a string:
    
            conn = psycopg2.connect("dbname=test user=postgres password=secret")
    
        or using a set of keyword arguments:
    
            conn = psycopg2.connect(database="test", user="postgres", password="secret")
    
        Or as a mix of both. The basic connection parameters are:
    
        - *dbname*: the database name
        - *database*: the database name (only as keyword argument)
        - *user*: user name used to authenticate
        - *password*: password used to authenticate
        - *host*: database host address (defaults to UNIX socket if not provided)
        - *port*: connection port number (defaults to 5432 if not provided)
    
        Using the *connection_factory* parameter a different class or connections
        factory can be specified. It should be a callable object taking a dsn
        argument.
    
        Using the *cursor_factory* parameter, a new default cursor factory will be
        used by cursor().
    
        Using *async*=True an asynchronous connection will be created. *async_* is
        a valid alias (for Python versions where ``async`` is a keyword).
    
        Any other keyword parameter will be passed to the underlying client
        library: the list of supported parameters depends on the library version.
    
        """
        kwasync = {}
        if 'async' in kwargs:
            kwasync['async'] = kwargs.pop('async')
        if 'async_' in kwargs:
            kwasync['async_'] = kwargs.pop('async_')
    
        dsn = _ext.make_dsn(dsn, **kwargs)
>       conn = _connect(dsn, connection_factory=connection_factory, **kwasync)
               ^^^^^^^^^^^^^^^^^^^^^^^^^^^^^^^^^^^^^^^^^^^^^^^^^^^^^^^^^^^^^^^
E       sqlalchemy.exc.OperationalError: (psycopg2.OperationalError) connection to server at "localhost" (::1), port 5432 failed: Connection refused
E       	Is the server running on that host and accepting TCP/IP connections?
E       connection to server at "localhost" (127.0.0.1), port 5432 failed: FATAL:  sorry, too many clients already
E       
E       (Background on this error at: https://sqlalche.me/e/20/e3q8)

.venv/lib/python3.14/site-packages/psycopg2/__init__.py:122: OperationalError
_____________________ ERROR at setup of test_put_zero_size _____________________

self = <sqlalchemy.engine.base.Connection object at 0x7fd3ae1c4aa0>
engine = Engine(postgresql+psycopg2://invenio:***@localhost:5432/postgres)
connection = None, _has_events = None, _allow_revalidate = True
_allow_autobegin = True

    def __init__(
        self,
        engine: Engine,
        connection: Optional[PoolProxiedConnection] = None,
        _has_events: Optional[bool] = None,
        _allow_revalidate: bool = True,
        _allow_autobegin: bool = True,
    ):
        """Construct a new Connection."""
        self.engine = engine
        self.dialect = dialect = engine.dialect
    
        if connection is None:
            try:
>               self._dbapi_connection = engine.raw_connection()
                                         ^^^^^^^^^^^^^^^^^^^^^^^

.venv/lib/python3.14/site-packages/sqlalchemy/engine/base.py:143: 
_ _ _ _ _ _ _ _ _ _ _ _ _ _ _ _ _ _ _ _ _ _ _ _ _ _ _ _ _ _ _ _ _ _ _ _ _ _ _ _ 
.venv/lib/python3.14/site-packages/sqlalchemy/engine/base.py:3309: in raw_connection
    return self.pool.connect()
           ^^^^^^^^^^^^^^^^^^^
.venv/lib/python3.14/site-packages/sqlalchemy/pool/base.py:447: in connect
    return _ConnectionFairy._checkout(self)
           ^^^^^^^^^^^^^^^^^^^^^^^^^^^^^^^^
.venv/lib/python3.14/site-packages/sqlalchemy/pool/base.py:1264: in _checkout
    fairy = _ConnectionRecord.checkout(pool)
            ^^^^^^^^^^^^^^^^^^^^^^^^^^^^^^^^
.venv/lib/python3.14/site-packages/sqlalchemy/pool/base.py:711: in checkout
    rec = pool._do_get()
          ^^^^^^^^^^^^^^
.venv/lib/python3.14/site-packages/sqlalchemy/pool/impl.py:177: in _do_get
    with util.safe_reraise():
         ^^^^^^^^^^^^^^^^^^^
.venv/lib/python3.14/site-packages/sqlalchemy/util/langhelpers.py:224: in __exit__
    raise exc_value.with_traceback(exc_tb)
.venv/lib/python3.14/site-packages/sqlalchemy/pool/impl.py:175: in _do_get
    return self._create_connection()
           ^^^^^^^^^^^^^^^^^^^^^^^^^
.venv/lib/python3.14/site-packages/sqlalchemy/pool/base.py:388: in _create_connection
    return _ConnectionRecord(self)
           ^^^^^^^^^^^^^^^^^^^^^^^
.venv/lib/python3.14/site-packages/sqlalchemy/pool/base.py:673: in __init__
    self.__connect()
.venv/lib/python3.14/site-packages/sqlalchemy/pool/base.py:899: in __connect
    with util.safe_reraise():
         ^^^^^^^^^^^^^^^^^^^
.venv/lib/python3.14/site-packages/sqlalchemy/util/langhelpers.py:224: in __exit__
    raise exc_value.with_traceback(exc_tb)
.venv/lib/python3.14/site-packages/sqlalchemy/pool/base.py:895: in __connect
    self.dbapi_connection = connection = pool._invoke_creator(self)
                                         ^^^^^^^^^^^^^^^^^^^^^^^^^^
.venv/lib/python3.14/site-packages/sqlalchemy/engine/create.py:661: in connect
    return dialect.connect(*cargs, **cparams)
           ^^^^^^^^^^^^^^^^^^^^^^^^^^^^^^^^^^
.venv/lib/python3.14/site-packages/sqlalchemy/engine/default.py:630: in connect
    return self.loaded_dbapi.connect(*cargs, **cparams)  # type: ignore[no-any-return]  # NOQA: E501
           ^^^^^^^^^^^^^^^^^^^^^^^^^^^^^^^^^^^^^^^^^^^^
_ _ _ _ _ _ _ _ _ _ _ _ _ _ _ _ _ _ _ _ _ _ _ _ _ _ _ _ _ _ _ _ _ _ _ _ _ _ _ _ 

dsn = 'host=localhost dbname=postgres user=invenio password=invenio port=5432'
connection_factory = None, cursor_factory = None
kwargs = {'dbname': 'postgres', 'host': 'localhost', 'password': 'invenio', 'port': 5432, ...}
kwasync = {}

    def connect(dsn=None, connection_factory=None, cursor_factory=None, **kwargs):
        """
        Create a new database connection.
    
        The connection parameters can be specified as a string:
    
            conn = psycopg2.connect("dbname=test user=postgres password=secret")
    
        or using a set of keyword arguments:
    
            conn = psycopg2.connect(database="test", user="postgres", password="secret")
    
        Or as a mix of both. The basic connection parameters are:
    
        - *dbname*: the database name
        - *database*: the database name (only as keyword argument)
        - *user*: user name used to authenticate
        - *password*: password used to authenticate
        - *host*: database host address (defaults to UNIX socket if not provided)
        - *port*: connection port number (defaults to 5432 if not provided)
    
        Using the *connection_factory* parameter a different class or connections
        factory can be specified. It should be a callable object taking a dsn
        argument.
    
        Using the *cursor_factory* parameter, a new default cursor factory will be
        used by cursor().
    
        Using *async*=True an asynchronous connection will be created. *async_* is
        a valid alias (for Python versions where ``async`` is a keyword).
    
        Any other keyword parameter will be passed to the underlying client
        library: the list of supported parameters depends on the library version.
    
        """
        kwasync = {}
        if 'async' in kwargs:
            kwasync['async'] = kwargs.pop('async')
        if 'async_' in kwargs:
            kwasync['async_'] = kwargs.pop('async_')
    
        dsn = _ext.make_dsn(dsn, **kwargs)
>       conn = _connect(dsn, connection_factory=connection_factory, **kwasync)
               ^^^^^^^^^^^^^^^^^^^^^^^^^^^^^^^^^^^^^^^^^^^^^^^^^^^^^^^^^^^^^^^
E       psycopg2.OperationalError: connection to server at "localhost" (::1), port 5432 failed: Connection refused
E       	Is the server running on that host and accepting TCP/IP connections?
E       connection to server at "localhost" (127.0.0.1), port 5432 failed: FATAL:  sorry, too many clients already

.venv/lib/python3.14/site-packages/psycopg2/__init__.py:122: OperationalError

The above exception was the direct cause of the following exception:

app = <Flask 'testapp'>

    @pytest.yield_fixture()
    def db(app):
        """Get setup database."""
        if not database_exists(str(db_.engine.url.render_as_string(hide_password=False))):
>           create_database(str(db_.engine.url.render_as_string(hide_password=False)))

tests/conftest.py:130: 
_ _ _ _ _ _ _ _ _ _ _ _ _ _ _ _ _ _ _ _ _ _ _ _ _ _ _ _ _ _ _ _ _ _ _ _ _ _ _ _ 
.venv/lib/python3.14/site-packages/sqlalchemy_utils/functions/database.py:568: in create_database
    with engine.begin() as conn:
         ^^^^^^^^^^^^^^
/opt/hostedtoolcache/Python/3.14.2/x64/lib/python3.14/contextlib.py:141: in __enter__
    return next(self.gen)
           ^^^^^^^^^^^^^^
.venv/lib/python3.14/site-packages/sqlalchemy/engine/base.py:3249: in begin
    with self.connect() as conn:
         ^^^^^^^^^^^^^^
.venv/lib/python3.14/site-packages/sqlalchemy/engine/base.py:3285: in connect
    return self._connection_cls(self)
           ^^^^^^^^^^^^^^^^^^^^^^^^^^
.venv/lib/python3.14/site-packages/sqlalchemy/engine/base.py:145: in __init__
    Connection._handle_dbapi_exception_noconnection(
.venv/lib/python3.14/site-packages/sqlalchemy/engine/base.py:2448: in _handle_dbapi_exception_noconnection
    raise sqlalchemy_exception.with_traceback(exc_info[2]) from e
.venv/lib/python3.14/site-packages/sqlalchemy/engine/base.py:143: in __init__
    self._dbapi_connection = engine.raw_connection()
                             ^^^^^^^^^^^^^^^^^^^^^^^
.venv/lib/python3.14/site-packages/sqlalchemy/engine/base.py:3309: in raw_connection
    return self.pool.connect()
           ^^^^^^^^^^^^^^^^^^^
.venv/lib/python3.14/site-packages/sqlalchemy/pool/base.py:447: in connect
    return _ConnectionFairy._checkout(self)
           ^^^^^^^^^^^^^^^^^^^^^^^^^^^^^^^^
.venv/lib/python3.14/site-packages/sqlalchemy/pool/base.py:1264: in _checkout
    fairy = _ConnectionRecord.checkout(pool)
            ^^^^^^^^^^^^^^^^^^^^^^^^^^^^^^^^
.venv/lib/python3.14/site-packages/sqlalchemy/pool/base.py:711: in checkout
    rec = pool._do_get()
          ^^^^^^^^^^^^^^
.venv/lib/python3.14/site-packages/sqlalchemy/pool/impl.py:177: in _do_get
    with util.safe_reraise():
         ^^^^^^^^^^^^^^^^^^^
.venv/lib/python3.14/site-packages/sqlalchemy/util/langhelpers.py:224: in __exit__
    raise exc_value.with_traceback(exc_tb)
.venv/lib/python3.14/site-packages/sqlalchemy/pool/impl.py:175: in _do_get
    return self._create_connection()
           ^^^^^^^^^^^^^^^^^^^^^^^^^
.venv/lib/python3.14/site-packages/sqlalchemy/pool/base.py:388: in _create_connection
    return _ConnectionRecord(self)
           ^^^^^^^^^^^^^^^^^^^^^^^
.venv/lib/python3.14/site-packages/sqlalchemy/pool/base.py:673: in __init__
    self.__connect()
.venv/lib/python3.14/site-packages/sqlalchemy/pool/base.py:899: in __connect
    with util.safe_reraise():
         ^^^^^^^^^^^^^^^^^^^
.venv/lib/python3.14/site-packages/sqlalchemy/util/langhelpers.py:224: in __exit__
    raise exc_value.with_traceback(exc_tb)
.venv/lib/python3.14/site-packages/sqlalchemy/pool/base.py:895: in __connect
    self.dbapi_connection = connection = pool._invoke_creator(self)
                                         ^^^^^^^^^^^^^^^^^^^^^^^^^^
.venv/lib/python3.14/site-packages/sqlalchemy/engine/create.py:661: in connect
    return dialect.connect(*cargs, **cparams)
           ^^^^^^^^^^^^^^^^^^^^^^^^^^^^^^^^^^
.venv/lib/python3.14/site-packages/sqlalchemy/engine/default.py:630: in connect
    return self.loaded_dbapi.connect(*cargs, **cparams)  # type: ignore[no-any-return]  # NOQA: E501
           ^^^^^^^^^^^^^^^^^^^^^^^^^^^^^^^^^^^^^^^^^^^^
_ _ _ _ _ _ _ _ _ _ _ _ _ _ _ _ _ _ _ _ _ _ _ _ _ _ _ _ _ _ _ _ _ _ _ _ _ _ _ _ 

dsn = 'host=localhost dbname=postgres user=invenio password=invenio port=5432'
connection_factory = None, cursor_factory = None
kwargs = {'dbname': 'postgres', 'host': 'localhost', 'password': 'invenio', 'port': 5432, ...}
kwasync = {}

    def connect(dsn=None, connection_factory=None, cursor_factory=None, **kwargs):
        """
        Create a new database connection.
    
        The connection parameters can be specified as a string:
    
            conn = psycopg2.connect("dbname=test user=postgres password=secret")
    
        or using a set of keyword arguments:
    
            conn = psycopg2.connect(database="test", user="postgres", password="secret")
    
        Or as a mix of both. The basic connection parameters are:
    
        - *dbname*: the database name
        - *database*: the database name (only as keyword argument)
        - *user*: user name used to authenticate
        - *password*: password used to authenticate
        - *host*: database host address (defaults to UNIX socket if not provided)
        - *port*: connection port number (defaults to 5432 if not provided)
    
        Using the *connection_factory* parameter a different class or connections
        factory can be specified. It should be a callable object taking a dsn
        argument.
    
        Using the *cursor_factory* parameter, a new default cursor factory will be
        used by cursor().
    
        Using *async*=True an asynchronous connection will be created. *async_* is
        a valid alias (for Python versions where ``async`` is a keyword).
    
        Any other keyword parameter will be passed to the underlying client
        library: the list of supported parameters depends on the library version.
    
        """
        kwasync = {}
        if 'async' in kwargs:
            kwasync['async'] = kwargs.pop('async')
        if 'async_' in kwargs:
            kwasync['async_'] = kwargs.pop('async_')
    
        dsn = _ext.make_dsn(dsn, **kwargs)
>       conn = _connect(dsn, connection_factory=connection_factory, **kwasync)
               ^^^^^^^^^^^^^^^^^^^^^^^^^^^^^^^^^^^^^^^^^^^^^^^^^^^^^^^^^^^^^^^
E       sqlalchemy.exc.OperationalError: (psycopg2.OperationalError) connection to server at "localhost" (::1), port 5432 failed: Connection refused
E       	Is the server running on that host and accepting TCP/IP connections?
E       connection to server at "localhost" (127.0.0.1), port 5432 failed: FATAL:  sorry, too many clients already
E       
E       (Background on this error at: https://sqlalche.me/e/20/e3q8)

.venv/lib/python3.14/site-packages/psycopg2/__init__.py:122: OperationalError
__________________ ERROR at setup of test_put_deleted_locked ___________________

self = <sqlalchemy.engine.base.Connection object at 0x7fd3ae1787d0>
engine = Engine(postgresql+psycopg2://invenio:***@localhost:5432/postgres)
connection = None, _has_events = None, _allow_revalidate = True
_allow_autobegin = True

    def __init__(
        self,
        engine: Engine,
        connection: Optional[PoolProxiedConnection] = None,
        _has_events: Optional[bool] = None,
        _allow_revalidate: bool = True,
        _allow_autobegin: bool = True,
    ):
        """Construct a new Connection."""
        self.engine = engine
        self.dialect = dialect = engine.dialect
    
        if connection is None:
            try:
>               self._dbapi_connection = engine.raw_connection()
                                         ^^^^^^^^^^^^^^^^^^^^^^^

.venv/lib/python3.14/site-packages/sqlalchemy/engine/base.py:143: 
_ _ _ _ _ _ _ _ _ _ _ _ _ _ _ _ _ _ _ _ _ _ _ _ _ _ _ _ _ _ _ _ _ _ _ _ _ _ _ _ 
.venv/lib/python3.14/site-packages/sqlalchemy/engine/base.py:3309: in raw_connection
    return self.pool.connect()
           ^^^^^^^^^^^^^^^^^^^
.venv/lib/python3.14/site-packages/sqlalchemy/pool/base.py:447: in connect
    return _ConnectionFairy._checkout(self)
           ^^^^^^^^^^^^^^^^^^^^^^^^^^^^^^^^
.venv/lib/python3.14/site-packages/sqlalchemy/pool/base.py:1264: in _checkout
    fairy = _ConnectionRecord.checkout(pool)
            ^^^^^^^^^^^^^^^^^^^^^^^^^^^^^^^^
.venv/lib/python3.14/site-packages/sqlalchemy/pool/base.py:711: in checkout
    rec = pool._do_get()
          ^^^^^^^^^^^^^^
.venv/lib/python3.14/site-packages/sqlalchemy/pool/impl.py:177: in _do_get
    with util.safe_reraise():
         ^^^^^^^^^^^^^^^^^^^
.venv/lib/python3.14/site-packages/sqlalchemy/util/langhelpers.py:224: in __exit__
    raise exc_value.with_traceback(exc_tb)
.venv/lib/python3.14/site-packages/sqlalchemy/pool/impl.py:175: in _do_get
    return self._create_connection()
           ^^^^^^^^^^^^^^^^^^^^^^^^^
.venv/lib/python3.14/site-packages/sqlalchemy/pool/base.py:388: in _create_connection
    return _ConnectionRecord(self)
           ^^^^^^^^^^^^^^^^^^^^^^^
.venv/lib/python3.14/site-packages/sqlalchemy/pool/base.py:673: in __init__
    self.__connect()
.venv/lib/python3.14/site-packages/sqlalchemy/pool/base.py:899: in __connect
    with util.safe_reraise():
         ^^^^^^^^^^^^^^^^^^^
.venv/lib/python3.14/site-packages/sqlalchemy/util/langhelpers.py:224: in __exit__
    raise exc_value.with_traceback(exc_tb)
.venv/lib/python3.14/site-packages/sqlalchemy/pool/base.py:895: in __connect
    self.dbapi_connection = connection = pool._invoke_creator(self)
                                         ^^^^^^^^^^^^^^^^^^^^^^^^^^
.venv/lib/python3.14/site-packages/sqlalchemy/engine/create.py:661: in connect
    return dialect.connect(*cargs, **cparams)
           ^^^^^^^^^^^^^^^^^^^^^^^^^^^^^^^^^^
.venv/lib/python3.14/site-packages/sqlalchemy/engine/default.py:630: in connect
    return self.loaded_dbapi.connect(*cargs, **cparams)  # type: ignore[no-any-return]  # NOQA: E501
           ^^^^^^^^^^^^^^^^^^^^^^^^^^^^^^^^^^^^^^^^^^^^
_ _ _ _ _ _ _ _ _ _ _ _ _ _ _ _ _ _ _ _ _ _ _ _ _ _ _ _ _ _ _ _ _ _ _ _ _ _ _ _ 

dsn = 'host=localhost dbname=postgres user=invenio password=invenio port=5432'
connection_factory = None, cursor_factory = None
kwargs = {'dbname': 'postgres', 'host': 'localhost', 'password': 'invenio', 'port': 5432, ...}
kwasync = {}

    def connect(dsn=None, connection_factory=None, cursor_factory=None, **kwargs):
        """
        Create a new database connection.
    
        The connection parameters can be specified as a string:
    
            conn = psycopg2.connect("dbname=test user=postgres password=secret")
    
        or using a set of keyword arguments:
    
            conn = psycopg2.connect(database="test", user="postgres", password="secret")
    
        Or as a mix of both. The basic connection parameters are:
    
        - *dbname*: the database name
        - *database*: the database name (only as keyword argument)
        - *user*: user name used to authenticate
        - *password*: password used to authenticate
        - *host*: database host address (defaults to UNIX socket if not provided)
        - *port*: connection port number (defaults to 5432 if not provided)
    
        Using the *connection_factory* parameter a different class or connections
        factory can be specified. It should be a callable object taking a dsn
        argument.
    
        Using the *cursor_factory* parameter, a new default cursor factory will be
        used by cursor().
    
        Using *async*=True an asynchronous connection will be created. *async_* is
        a valid alias (for Python versions where ``async`` is a keyword).
    
        Any other keyword parameter will be passed to the underlying client
        library: the list of supported parameters depends on the library version.
    
        """
        kwasync = {}
        if 'async' in kwargs:
            kwasync['async'] = kwargs.pop('async')
        if 'async_' in kwargs:
            kwasync['async_'] = kwargs.pop('async_')
    
        dsn = _ext.make_dsn(dsn, **kwargs)
>       conn = _connect(dsn, connection_factory=connection_factory, **kwasync)
               ^^^^^^^^^^^^^^^^^^^^^^^^^^^^^^^^^^^^^^^^^^^^^^^^^^^^^^^^^^^^^^^
E       psycopg2.OperationalError: connection to server at "localhost" (::1), port 5432 failed: Connection refused
E       	Is the server running on that host and accepting TCP/IP connections?
E       connection to server at "localhost" (127.0.0.1), port 5432 failed: FATAL:  sorry, too many clients already

.venv/lib/python3.14/site-packages/psycopg2/__init__.py:122: OperationalError

The above exception was the direct cause of the following exception:

app = <Flask 'testapp'>

    @pytest.yield_fixture()
    def db(app):
        """Get setup database."""
        if not database_exists(str(db_.engine.url.render_as_string(hide_password=False))):
>           create_database(str(db_.engine.url.render_as_string(hide_password=False)))

tests/conftest.py:130: 
_ _ _ _ _ _ _ _ _ _ _ _ _ _ _ _ _ _ _ _ _ _ _ _ _ _ _ _ _ _ _ _ _ _ _ _ _ _ _ _ 
.venv/lib/python3.14/site-packages/sqlalchemy_utils/functions/database.py:568: in create_database
    with engine.begin() as conn:
         ^^^^^^^^^^^^^^
/opt/hostedtoolcache/Python/3.14.2/x64/lib/python3.14/contextlib.py:141: in __enter__
    return next(self.gen)
           ^^^^^^^^^^^^^^
.venv/lib/python3.14/site-packages/sqlalchemy/engine/base.py:3249: in begin
    with self.connect() as conn:
         ^^^^^^^^^^^^^^
.venv/lib/python3.14/site-packages/sqlalchemy/engine/base.py:3285: in connect
    return self._connection_cls(self)
           ^^^^^^^^^^^^^^^^^^^^^^^^^^
.venv/lib/python3.14/site-packages/sqlalchemy/engine/base.py:145: in __init__
    Connection._handle_dbapi_exception_noconnection(
.venv/lib/python3.14/site-packages/sqlalchemy/engine/base.py:2448: in _handle_dbapi_exception_noconnection
    raise sqlalchemy_exception.with_traceback(exc_info[2]) from e
.venv/lib/python3.14/site-packages/sqlalchemy/engine/base.py:143: in __init__
    self._dbapi_connection = engine.raw_connection()
                             ^^^^^^^^^^^^^^^^^^^^^^^
.venv/lib/python3.14/site-packages/sqlalchemy/engine/base.py:3309: in raw_connection
    return self.pool.connect()
           ^^^^^^^^^^^^^^^^^^^
.venv/lib/python3.14/site-packages/sqlalchemy/pool/base.py:447: in connect
    return _ConnectionFairy._checkout(self)
           ^^^^^^^^^^^^^^^^^^^^^^^^^^^^^^^^
.venv/lib/python3.14/site-packages/sqlalchemy/pool/base.py:1264: in _checkout
    fairy = _ConnectionRecord.checkout(pool)
            ^^^^^^^^^^^^^^^^^^^^^^^^^^^^^^^^
.venv/lib/python3.14/site-packages/sqlalchemy/pool/base.py:711: in checkout
    rec = pool._do_get()
          ^^^^^^^^^^^^^^
.venv/lib/python3.14/site-packages/sqlalchemy/pool/impl.py:177: in _do_get
    with util.safe_reraise():
         ^^^^^^^^^^^^^^^^^^^
.venv/lib/python3.14/site-packages/sqlalchemy/util/langhelpers.py:224: in __exit__
    raise exc_value.with_traceback(exc_tb)
.venv/lib/python3.14/site-packages/sqlalchemy/pool/impl.py:175: in _do_get
    return self._create_connection()
           ^^^^^^^^^^^^^^^^^^^^^^^^^
.venv/lib/python3.14/site-packages/sqlalchemy/pool/base.py:388: in _create_connection
    return _ConnectionRecord(self)
           ^^^^^^^^^^^^^^^^^^^^^^^
.venv/lib/python3.14/site-packages/sqlalchemy/pool/base.py:673: in __init__
    self.__connect()
.venv/lib/python3.14/site-packages/sqlalchemy/pool/base.py:899: in __connect
    with util.safe_reraise():
         ^^^^^^^^^^^^^^^^^^^
.venv/lib/python3.14/site-packages/sqlalchemy/util/langhelpers.py:224: in __exit__
    raise exc_value.with_traceback(exc_tb)
.venv/lib/python3.14/site-packages/sqlalchemy/pool/base.py:895: in __connect
    self.dbapi_connection = connection = pool._invoke_creator(self)
                                         ^^^^^^^^^^^^^^^^^^^^^^^^^^
.venv/lib/python3.14/site-packages/sqlalchemy/engine/create.py:661: in connect
    return dialect.connect(*cargs, **cparams)
           ^^^^^^^^^^^^^^^^^^^^^^^^^^^^^^^^^^
.venv/lib/python3.14/site-packages/sqlalchemy/engine/default.py:630: in connect
    return self.loaded_dbapi.connect(*cargs, **cparams)  # type: ignore[no-any-return]  # NOQA: E501
           ^^^^^^^^^^^^^^^^^^^^^^^^^^^^^^^^^^^^^^^^^^^^
_ _ _ _ _ _ _ _ _ _ _ _ _ _ _ _ _ _ _ _ _ _ _ _ _ _ _ _ _ _ _ _ _ _ _ _ _ _ _ _ 

dsn = 'host=localhost dbname=postgres user=invenio password=invenio port=5432'
connection_factory = None, cursor_factory = None
kwargs = {'dbname': 'postgres', 'host': 'localhost', 'password': 'invenio', 'port': 5432, ...}
kwasync = {}

    def connect(dsn=None, connection_factory=None, cursor_factory=None, **kwargs):
        """
        Create a new database connection.
    
        The connection parameters can be specified as a string:
    
            conn = psycopg2.connect("dbname=test user=postgres password=secret")
    
        or using a set of keyword arguments:
    
            conn = psycopg2.connect(database="test", user="postgres", password="secret")
    
        Or as a mix of both. The basic connection parameters are:
    
        - *dbname*: the database name
        - *database*: the database name (only as keyword argument)
        - *user*: user name used to authenticate
        - *password*: password used to authenticate
        - *host*: database host address (defaults to UNIX socket if not provided)
        - *port*: connection port number (defaults to 5432 if not provided)
    
        Using the *connection_factory* parameter a different class or connections
        factory can be specified. It should be a callable object taking a dsn
        argument.
    
        Using the *cursor_factory* parameter, a new default cursor factory will be
        used by cursor().
    
        Using *async*=True an asynchronous connection will be created. *async_* is
        a valid alias (for Python versions where ``async`` is a keyword).
    
        Any other keyword parameter will be passed to the underlying client
        library: the list of supported parameters depends on the library version.
    
        """
        kwasync = {}
        if 'async' in kwargs:
            kwasync['async'] = kwargs.pop('async')
        if 'async_' in kwargs:
            kwasync['async_'] = kwargs.pop('async_')
    
        dsn = _ext.make_dsn(dsn, **kwargs)
>       conn = _connect(dsn, connection_factory=connection_factory, **kwasync)
               ^^^^^^^^^^^^^^^^^^^^^^^^^^^^^^^^^^^^^^^^^^^^^^^^^^^^^^^^^^^^^^^
E       sqlalchemy.exc.OperationalError: (psycopg2.OperationalError) connection to server at "localhost" (::1), port 5432 failed: Connection refused
E       	Is the server running on that host and accepting TCP/IP connections?
E       connection to server at "localhost" (127.0.0.1), port 5432 failed: FATAL:  sorry, too many clients already
E       
E       (Background on this error at: https://sqlalche.me/e/20/e3q8)

.venv/lib/python3.14/site-packages/psycopg2/__init__.py:122: OperationalError
_______________________ ERROR at setup of test_put_error _______________________

self = <sqlalchemy.engine.base.Connection object at 0x7fd3adc14500>
engine = Engine(postgresql+psycopg2://invenio:***@localhost:5432/postgres)
connection = None, _has_events = None, _allow_revalidate = True
_allow_autobegin = True

    def __init__(
        self,
        engine: Engine,
        connection: Optional[PoolProxiedConnection] = None,
        _has_events: Optional[bool] = None,
        _allow_revalidate: bool = True,
        _allow_autobegin: bool = True,
    ):
        """Construct a new Connection."""
        self.engine = engine
        self.dialect = dialect = engine.dialect
    
        if connection is None:
            try:
>               self._dbapi_connection = engine.raw_connection()
                                         ^^^^^^^^^^^^^^^^^^^^^^^

.venv/lib/python3.14/site-packages/sqlalchemy/engine/base.py:143: 
_ _ _ _ _ _ _ _ _ _ _ _ _ _ _ _ _ _ _ _ _ _ _ _ _ _ _ _ _ _ _ _ _ _ _ _ _ _ _ _ 
.venv/lib/python3.14/site-packages/sqlalchemy/engine/base.py:3309: in raw_connection
    return self.pool.connect()
           ^^^^^^^^^^^^^^^^^^^
.venv/lib/python3.14/site-packages/sqlalchemy/pool/base.py:447: in connect
    return _ConnectionFairy._checkout(self)
           ^^^^^^^^^^^^^^^^^^^^^^^^^^^^^^^^
.venv/lib/python3.14/site-packages/sqlalchemy/pool/base.py:1264: in _checkout
    fairy = _ConnectionRecord.checkout(pool)
            ^^^^^^^^^^^^^^^^^^^^^^^^^^^^^^^^
.venv/lib/python3.14/site-packages/sqlalchemy/pool/base.py:711: in checkout
    rec = pool._do_get()
          ^^^^^^^^^^^^^^
.venv/lib/python3.14/site-packages/sqlalchemy/pool/impl.py:177: in _do_get
    with util.safe_reraise():
         ^^^^^^^^^^^^^^^^^^^
.venv/lib/python3.14/site-packages/sqlalchemy/util/langhelpers.py:224: in __exit__
    raise exc_value.with_traceback(exc_tb)
.venv/lib/python3.14/site-packages/sqlalchemy/pool/impl.py:175: in _do_get
    return self._create_connection()
           ^^^^^^^^^^^^^^^^^^^^^^^^^
.venv/lib/python3.14/site-packages/sqlalchemy/pool/base.py:388: in _create_connection
    return _ConnectionRecord(self)
           ^^^^^^^^^^^^^^^^^^^^^^^
.venv/lib/python3.14/site-packages/sqlalchemy/pool/base.py:673: in __init__
    self.__connect()
.venv/lib/python3.14/site-packages/sqlalchemy/pool/base.py:899: in __connect
    with util.safe_reraise():
         ^^^^^^^^^^^^^^^^^^^
.venv/lib/python3.14/site-packages/sqlalchemy/util/langhelpers.py:224: in __exit__
    raise exc_value.with_traceback(exc_tb)
.venv/lib/python3.14/site-packages/sqlalchemy/pool/base.py:895: in __connect
    self.dbapi_connection = connection = pool._invoke_creator(self)
                                         ^^^^^^^^^^^^^^^^^^^^^^^^^^
.venv/lib/python3.14/site-packages/sqlalchemy/engine/create.py:661: in connect
    return dialect.connect(*cargs, **cparams)
           ^^^^^^^^^^^^^^^^^^^^^^^^^^^^^^^^^^
.venv/lib/python3.14/site-packages/sqlalchemy/engine/default.py:630: in connect
    return self.loaded_dbapi.connect(*cargs, **cparams)  # type: ignore[no-any-return]  # NOQA: E501
           ^^^^^^^^^^^^^^^^^^^^^^^^^^^^^^^^^^^^^^^^^^^^
_ _ _ _ _ _ _ _ _ _ _ _ _ _ _ _ _ _ _ _ _ _ _ _ _ _ _ _ _ _ _ _ _ _ _ _ _ _ _ _ 

dsn = 'host=localhost dbname=postgres user=invenio password=invenio port=5432'
connection_factory = None, cursor_factory = None
kwargs = {'dbname': 'postgres', 'host': 'localhost', 'password': 'invenio', 'port': 5432, ...}
kwasync = {}

    def connect(dsn=None, connection_factory=None, cursor_factory=None, **kwargs):
        """
        Create a new database connection.
    
        The connection parameters can be specified as a string:
    
            conn = psycopg2.connect("dbname=test user=postgres password=secret")
    
        or using a set of keyword arguments:
    
            conn = psycopg2.connect(database="test", user="postgres", password="secret")
    
        Or as a mix of both. The basic connection parameters are:
    
        - *dbname*: the database name
        - *database*: the database name (only as keyword argument)
        - *user*: user name used to authenticate
        - *password*: password used to authenticate
        - *host*: database host address (defaults to UNIX socket if not provided)
        - *port*: connection port number (defaults to 5432 if not provided)
    
        Using the *connection_factory* parameter a different class or connections
        factory can be specified. It should be a callable object taking a dsn
        argument.
    
        Using the *cursor_factory* parameter, a new default cursor factory will be
        used by cursor().
    
        Using *async*=True an asynchronous connection will be created. *async_* is
        a valid alias (for Python versions where ``async`` is a keyword).
    
        Any other keyword parameter will be passed to the underlying client
        library: the list of supported parameters depends on the library version.
    
        """
        kwasync = {}
        if 'async' in kwargs:
            kwasync['async'] = kwargs.pop('async')
        if 'async_' in kwargs:
            kwasync['async_'] = kwargs.pop('async_')
    
        dsn = _ext.make_dsn(dsn, **kwargs)
>       conn = _connect(dsn, connection_factory=connection_factory, **kwasync)
               ^^^^^^^^^^^^^^^^^^^^^^^^^^^^^^^^^^^^^^^^^^^^^^^^^^^^^^^^^^^^^^^
E       psycopg2.OperationalError: connection to server at "localhost" (::1), port 5432 failed: Connection refused
E       	Is the server running on that host and accepting TCP/IP connections?
E       connection to server at "localhost" (127.0.0.1), port 5432 failed: FATAL:  sorry, too many clients already

.venv/lib/python3.14/site-packages/psycopg2/__init__.py:122: OperationalError

The above exception was the direct cause of the following exception:

app = <Flask 'testapp'>

    @pytest.yield_fixture()
    def db(app):
        """Get setup database."""
        if not database_exists(str(db_.engine.url.render_as_string(hide_password=False))):
>           create_database(str(db_.engine.url.render_as_string(hide_password=False)))

tests/conftest.py:130: 
_ _ _ _ _ _ _ _ _ _ _ _ _ _ _ _ _ _ _ _ _ _ _ _ _ _ _ _ _ _ _ _ _ _ _ _ _ _ _ _ 
.venv/lib/python3.14/site-packages/sqlalchemy_utils/functions/database.py:568: in create_database
    with engine.begin() as conn:
         ^^^^^^^^^^^^^^
/opt/hostedtoolcache/Python/3.14.2/x64/lib/python3.14/contextlib.py:141: in __enter__
    return next(self.gen)
           ^^^^^^^^^^^^^^
.venv/lib/python3.14/site-packages/sqlalchemy/engine/base.py:3249: in begin
    with self.connect() as conn:
         ^^^^^^^^^^^^^^
.venv/lib/python3.14/site-packages/sqlalchemy/engine/base.py:3285: in connect
    return self._connection_cls(self)
           ^^^^^^^^^^^^^^^^^^^^^^^^^^
.venv/lib/python3.14/site-packages/sqlalchemy/engine/base.py:145: in __init__
    Connection._handle_dbapi_exception_noconnection(
.venv/lib/python3.14/site-packages/sqlalchemy/engine/base.py:2448: in _handle_dbapi_exception_noconnection
    raise sqlalchemy_exception.with_traceback(exc_info[2]) from e
.venv/lib/python3.14/site-packages/sqlalchemy/engine/base.py:143: in __init__
    self._dbapi_connection = engine.raw_connection()
                             ^^^^^^^^^^^^^^^^^^^^^^^
.venv/lib/python3.14/site-packages/sqlalchemy/engine/base.py:3309: in raw_connection
    return self.pool.connect()
           ^^^^^^^^^^^^^^^^^^^
.venv/lib/python3.14/site-packages/sqlalchemy/pool/base.py:447: in connect
    return _ConnectionFairy._checkout(self)
           ^^^^^^^^^^^^^^^^^^^^^^^^^^^^^^^^
.venv/lib/python3.14/site-packages/sqlalchemy/pool/base.py:1264: in _checkout
    fairy = _ConnectionRecord.checkout(pool)
            ^^^^^^^^^^^^^^^^^^^^^^^^^^^^^^^^
.venv/lib/python3.14/site-packages/sqlalchemy/pool/base.py:711: in checkout
    rec = pool._do_get()
          ^^^^^^^^^^^^^^
.venv/lib/python3.14/site-packages/sqlalchemy/pool/impl.py:177: in _do_get
    with util.safe_reraise():
         ^^^^^^^^^^^^^^^^^^^
.venv/lib/python3.14/site-packages/sqlalchemy/util/langhelpers.py:224: in __exit__
    raise exc_value.with_traceback(exc_tb)
.venv/lib/python3.14/site-packages/sqlalchemy/pool/impl.py:175: in _do_get
    return self._create_connection()
           ^^^^^^^^^^^^^^^^^^^^^^^^^
.venv/lib/python3.14/site-packages/sqlalchemy/pool/base.py:388: in _create_connection
    return _ConnectionRecord(self)
           ^^^^^^^^^^^^^^^^^^^^^^^
.venv/lib/python3.14/site-packages/sqlalchemy/pool/base.py:673: in __init__
    self.__connect()
.venv/lib/python3.14/site-packages/sqlalchemy/pool/base.py:899: in __connect
    with util.safe_reraise():
         ^^^^^^^^^^^^^^^^^^^
.venv/lib/python3.14/site-packages/sqlalchemy/util/langhelpers.py:224: in __exit__
    raise exc_value.with_traceback(exc_tb)
.venv/lib/python3.14/site-packages/sqlalchemy/pool/base.py:895: in __connect
    self.dbapi_connection = connection = pool._invoke_creator(self)
                                         ^^^^^^^^^^^^^^^^^^^^^^^^^^
.venv/lib/python3.14/site-packages/sqlalchemy/engine/create.py:661: in connect
    return dialect.connect(*cargs, **cparams)
           ^^^^^^^^^^^^^^^^^^^^^^^^^^^^^^^^^^
.venv/lib/python3.14/site-packages/sqlalchemy/engine/default.py:630: in connect
    return self.loaded_dbapi.connect(*cargs, **cparams)  # type: ignore[no-any-return]  # NOQA: E501
           ^^^^^^^^^^^^^^^^^^^^^^^^^^^^^^^^^^^^^^^^^^^^
_ _ _ _ _ _ _ _ _ _ _ _ _ _ _ _ _ _ _ _ _ _ _ _ _ _ _ _ _ _ _ _ _ _ _ _ _ _ _ _ 

dsn = 'host=localhost dbname=postgres user=invenio password=invenio port=5432'
connection_factory = None, cursor_factory = None
kwargs = {'dbname': 'postgres', 'host': 'localhost', 'password': 'invenio', 'port': 5432, ...}
kwasync = {}

    def connect(dsn=None, connection_factory=None, cursor_factory=None, **kwargs):
        """
        Create a new database connection.
    
        The connection parameters can be specified as a string:
    
            conn = psycopg2.connect("dbname=test user=postgres password=secret")
    
        or using a set of keyword arguments:
    
            conn = psycopg2.connect(database="test", user="postgres", password="secret")
    
        Or as a mix of both. The basic connection parameters are:
    
        - *dbname*: the database name
        - *database*: the database name (only as keyword argument)
        - *user*: user name used to authenticate
        - *password*: password used to authenticate
        - *host*: database host address (defaults to UNIX socket if not provided)
        - *port*: connection port number (defaults to 5432 if not provided)
    
        Using the *connection_factory* parameter a different class or connections
        factory can be specified. It should be a callable object taking a dsn
        argument.
    
        Using the *cursor_factory* parameter, a new default cursor factory will be
        used by cursor().
    
        Using *async*=True an asynchronous connection will be created. *async_* is
        a valid alias (for Python versions where ``async`` is a keyword).
    
        Any other keyword parameter will be passed to the underlying client
        library: the list of supported parameters depends on the library version.
    
        """
        kwasync = {}
        if 'async' in kwargs:
            kwasync['async'] = kwargs.pop('async')
        if 'async_' in kwargs:
            kwasync['async_'] = kwargs.pop('async_')
    
        dsn = _ext.make_dsn(dsn, **kwargs)
>       conn = _connect(dsn, connection_factory=connection_factory, **kwasync)
               ^^^^^^^^^^^^^^^^^^^^^^^^^^^^^^^^^^^^^^^^^^^^^^^^^^^^^^^^^^^^^^^
E       sqlalchemy.exc.OperationalError: (psycopg2.OperationalError) connection to server at "localhost" (::1), port 5432 failed: Connection refused
E       	Is the server running on that host and accepting TCP/IP connections?
E       connection to server at "localhost" (127.0.0.1), port 5432 failed: FATAL:  sorry, too many clients already
E       
E       (Background on this error at: https://sqlalche.me/e/20/e3q8)

.venv/lib/python3.14/site-packages/psycopg2/__init__.py:122: OperationalError
___________________ ERROR at setup of test_put_multipartform ___________________

self = <sqlalchemy.engine.base.Connection object at 0x7fd3ae1c7890>
engine = Engine(postgresql+psycopg2://invenio:***@localhost:5432/postgres)
connection = None, _has_events = None, _allow_revalidate = True
_allow_autobegin = True

    def __init__(
        self,
        engine: Engine,
        connection: Optional[PoolProxiedConnection] = None,
        _has_events: Optional[bool] = None,
        _allow_revalidate: bool = True,
        _allow_autobegin: bool = True,
    ):
        """Construct a new Connection."""
        self.engine = engine
        self.dialect = dialect = engine.dialect
    
        if connection is None:
            try:
>               self._dbapi_connection = engine.raw_connection()
                                         ^^^^^^^^^^^^^^^^^^^^^^^

.venv/lib/python3.14/site-packages/sqlalchemy/engine/base.py:143: 
_ _ _ _ _ _ _ _ _ _ _ _ _ _ _ _ _ _ _ _ _ _ _ _ _ _ _ _ _ _ _ _ _ _ _ _ _ _ _ _ 
.venv/lib/python3.14/site-packages/sqlalchemy/engine/base.py:3309: in raw_connection
    return self.pool.connect()
           ^^^^^^^^^^^^^^^^^^^
.venv/lib/python3.14/site-packages/sqlalchemy/pool/base.py:447: in connect
    return _ConnectionFairy._checkout(self)
           ^^^^^^^^^^^^^^^^^^^^^^^^^^^^^^^^
.venv/lib/python3.14/site-packages/sqlalchemy/pool/base.py:1264: in _checkout
    fairy = _ConnectionRecord.checkout(pool)
            ^^^^^^^^^^^^^^^^^^^^^^^^^^^^^^^^
.venv/lib/python3.14/site-packages/sqlalchemy/pool/base.py:711: in checkout
    rec = pool._do_get()
          ^^^^^^^^^^^^^^
.venv/lib/python3.14/site-packages/sqlalchemy/pool/impl.py:177: in _do_get
    with util.safe_reraise():
         ^^^^^^^^^^^^^^^^^^^
.venv/lib/python3.14/site-packages/sqlalchemy/util/langhelpers.py:224: in __exit__
    raise exc_value.with_traceback(exc_tb)
.venv/lib/python3.14/site-packages/sqlalchemy/pool/impl.py:175: in _do_get
    return self._create_connection()
           ^^^^^^^^^^^^^^^^^^^^^^^^^
.venv/lib/python3.14/site-packages/sqlalchemy/pool/base.py:388: in _create_connection
    return _ConnectionRecord(self)
           ^^^^^^^^^^^^^^^^^^^^^^^
.venv/lib/python3.14/site-packages/sqlalchemy/pool/base.py:673: in __init__
    self.__connect()
.venv/lib/python3.14/site-packages/sqlalchemy/pool/base.py:899: in __connect
    with util.safe_reraise():
         ^^^^^^^^^^^^^^^^^^^
.venv/lib/python3.14/site-packages/sqlalchemy/util/langhelpers.py:224: in __exit__
    raise exc_value.with_traceback(exc_tb)
.venv/lib/python3.14/site-packages/sqlalchemy/pool/base.py:895: in __connect
    self.dbapi_connection = connection = pool._invoke_creator(self)
                                         ^^^^^^^^^^^^^^^^^^^^^^^^^^
.venv/lib/python3.14/site-packages/sqlalchemy/engine/create.py:661: in connect
    return dialect.connect(*cargs, **cparams)
           ^^^^^^^^^^^^^^^^^^^^^^^^^^^^^^^^^^
.venv/lib/python3.14/site-packages/sqlalchemy/engine/default.py:630: in connect
    return self.loaded_dbapi.connect(*cargs, **cparams)  # type: ignore[no-any-return]  # NOQA: E501
           ^^^^^^^^^^^^^^^^^^^^^^^^^^^^^^^^^^^^^^^^^^^^
_ _ _ _ _ _ _ _ _ _ _ _ _ _ _ _ _ _ _ _ _ _ _ _ _ _ _ _ _ _ _ _ _ _ _ _ _ _ _ _ 

dsn = 'host=localhost dbname=postgres user=invenio password=invenio port=5432'
connection_factory = None, cursor_factory = None
kwargs = {'dbname': 'postgres', 'host': 'localhost', 'password': 'invenio', 'port': 5432, ...}
kwasync = {}

    def connect(dsn=None, connection_factory=None, cursor_factory=None, **kwargs):
        """
        Create a new database connection.
    
        The connection parameters can be specified as a string:
    
            conn = psycopg2.connect("dbname=test user=postgres password=secret")
    
        or using a set of keyword arguments:
    
            conn = psycopg2.connect(database="test", user="postgres", password="secret")
    
        Or as a mix of both. The basic connection parameters are:
    
        - *dbname*: the database name
        - *database*: the database name (only as keyword argument)
        - *user*: user name used to authenticate
        - *password*: password used to authenticate
        - *host*: database host address (defaults to UNIX socket if not provided)
        - *port*: connection port number (defaults to 5432 if not provided)
    
        Using the *connection_factory* parameter a different class or connections
        factory can be specified. It should be a callable object taking a dsn
        argument.
    
        Using the *cursor_factory* parameter, a new default cursor factory will be
        used by cursor().
    
        Using *async*=True an asynchronous connection will be created. *async_* is
        a valid alias (for Python versions where ``async`` is a keyword).
    
        Any other keyword parameter will be passed to the underlying client
        library: the list of supported parameters depends on the library version.
    
        """
        kwasync = {}
        if 'async' in kwargs:
            kwasync['async'] = kwargs.pop('async')
        if 'async_' in kwargs:
            kwasync['async_'] = kwargs.pop('async_')
    
        dsn = _ext.make_dsn(dsn, **kwargs)
>       conn = _connect(dsn, connection_factory=connection_factory, **kwasync)
               ^^^^^^^^^^^^^^^^^^^^^^^^^^^^^^^^^^^^^^^^^^^^^^^^^^^^^^^^^^^^^^^
E       psycopg2.OperationalError: connection to server at "localhost" (::1), port 5432 failed: Connection refused
E       	Is the server running on that host and accepting TCP/IP connections?
E       connection to server at "localhost" (127.0.0.1), port 5432 failed: FATAL:  sorry, too many clients already

.venv/lib/python3.14/site-packages/psycopg2/__init__.py:122: OperationalError

The above exception was the direct cause of the following exception:

app = <Flask 'testapp'>

    @pytest.yield_fixture()
    def db(app):
        """Get setup database."""
        if not database_exists(str(db_.engine.url.render_as_string(hide_password=False))):
>           create_database(str(db_.engine.url.render_as_string(hide_password=False)))

tests/conftest.py:130: 
_ _ _ _ _ _ _ _ _ _ _ _ _ _ _ _ _ _ _ _ _ _ _ _ _ _ _ _ _ _ _ _ _ _ _ _ _ _ _ _ 
.venv/lib/python3.14/site-packages/sqlalchemy_utils/functions/database.py:568: in create_database
    with engine.begin() as conn:
         ^^^^^^^^^^^^^^
/opt/hostedtoolcache/Python/3.14.2/x64/lib/python3.14/contextlib.py:141: in __enter__
    return next(self.gen)
           ^^^^^^^^^^^^^^
.venv/lib/python3.14/site-packages/sqlalchemy/engine/base.py:3249: in begin
    with self.connect() as conn:
         ^^^^^^^^^^^^^^
.venv/lib/python3.14/site-packages/sqlalchemy/engine/base.py:3285: in connect
    return self._connection_cls(self)
           ^^^^^^^^^^^^^^^^^^^^^^^^^^
.venv/lib/python3.14/site-packages/sqlalchemy/engine/base.py:145: in __init__
    Connection._handle_dbapi_exception_noconnection(
.venv/lib/python3.14/site-packages/sqlalchemy/engine/base.py:2448: in _handle_dbapi_exception_noconnection
    raise sqlalchemy_exception.with_traceback(exc_info[2]) from e
.venv/lib/python3.14/site-packages/sqlalchemy/engine/base.py:143: in __init__
    self._dbapi_connection = engine.raw_connection()
                             ^^^^^^^^^^^^^^^^^^^^^^^
.venv/lib/python3.14/site-packages/sqlalchemy/engine/base.py:3309: in raw_connection
    return self.pool.connect()
           ^^^^^^^^^^^^^^^^^^^
.venv/lib/python3.14/site-packages/sqlalchemy/pool/base.py:447: in connect
    return _ConnectionFairy._checkout(self)
           ^^^^^^^^^^^^^^^^^^^^^^^^^^^^^^^^
.venv/lib/python3.14/site-packages/sqlalchemy/pool/base.py:1264: in _checkout
    fairy = _ConnectionRecord.checkout(pool)
            ^^^^^^^^^^^^^^^^^^^^^^^^^^^^^^^^
.venv/lib/python3.14/site-packages/sqlalchemy/pool/base.py:711: in checkout
    rec = pool._do_get()
          ^^^^^^^^^^^^^^
.venv/lib/python3.14/site-packages/sqlalchemy/pool/impl.py:177: in _do_get
    with util.safe_reraise():
         ^^^^^^^^^^^^^^^^^^^
.venv/lib/python3.14/site-packages/sqlalchemy/util/langhelpers.py:224: in __exit__
    raise exc_value.with_traceback(exc_tb)
.venv/lib/python3.14/site-packages/sqlalchemy/pool/impl.py:175: in _do_get
    return self._create_connection()
           ^^^^^^^^^^^^^^^^^^^^^^^^^
.venv/lib/python3.14/site-packages/sqlalchemy/pool/base.py:388: in _create_connection
    return _ConnectionRecord(self)
           ^^^^^^^^^^^^^^^^^^^^^^^
.venv/lib/python3.14/site-packages/sqlalchemy/pool/base.py:673: in __init__
    self.__connect()
.venv/lib/python3.14/site-packages/sqlalchemy/pool/base.py:899: in __connect
    with util.safe_reraise():
         ^^^^^^^^^^^^^^^^^^^
.venv/lib/python3.14/site-packages/sqlalchemy/util/langhelpers.py:224: in __exit__
    raise exc_value.with_traceback(exc_tb)
.venv/lib/python3.14/site-packages/sqlalchemy/pool/base.py:895: in __connect
    self.dbapi_connection = connection = pool._invoke_creator(self)
                                         ^^^^^^^^^^^^^^^^^^^^^^^^^^
.venv/lib/python3.14/site-packages/sqlalchemy/engine/create.py:661: in connect
    return dialect.connect(*cargs, **cparams)
           ^^^^^^^^^^^^^^^^^^^^^^^^^^^^^^^^^^
.venv/lib/python3.14/site-packages/sqlalchemy/engine/default.py:630: in connect
    return self.loaded_dbapi.connect(*cargs, **cparams)  # type: ignore[no-any-return]  # NOQA: E501
           ^^^^^^^^^^^^^^^^^^^^^^^^^^^^^^^^^^^^^^^^^^^^
_ _ _ _ _ _ _ _ _ _ _ _ _ _ _ _ _ _ _ _ _ _ _ _ _ _ _ _ _ _ _ _ _ _ _ _ _ _ _ _ 

dsn = 'host=localhost dbname=postgres user=invenio password=invenio port=5432'
connection_factory = None, cursor_factory = None
kwargs = {'dbname': 'postgres', 'host': 'localhost', 'password': 'invenio', 'port': 5432, ...}
kwasync = {}

    def connect(dsn=None, connection_factory=None, cursor_factory=None, **kwargs):
        """
        Create a new database connection.
    
        The connection parameters can be specified as a string:
    
            conn = psycopg2.connect("dbname=test user=postgres password=secret")
    
        or using a set of keyword arguments:
    
            conn = psycopg2.connect(database="test", user="postgres", password="secret")
    
        Or as a mix of both. The basic connection parameters are:
    
        - *dbname*: the database name
        - *database*: the database name (only as keyword argument)
        - *user*: user name used to authenticate
        - *password*: password used to authenticate
        - *host*: database host address (defaults to UNIX socket if not provided)
        - *port*: connection port number (defaults to 5432 if not provided)
    
        Using the *connection_factory* parameter a different class or connections
        factory can be specified. It should be a callable object taking a dsn
        argument.
    
        Using the *cursor_factory* parameter, a new default cursor factory will be
        used by cursor().
    
        Using *async*=True an asynchronous connection will be created. *async_* is
        a valid alias (for Python versions where ``async`` is a keyword).
    
        Any other keyword parameter will be passed to the underlying client
        library: the list of supported parameters depends on the library version.
    
        """
        kwasync = {}
        if 'async' in kwargs:
            kwasync['async'] = kwargs.pop('async')
        if 'async_' in kwargs:
            kwasync['async_'] = kwargs.pop('async_')
    
        dsn = _ext.make_dsn(dsn, **kwargs)
>       conn = _connect(dsn, connection_factory=connection_factory, **kwasync)
               ^^^^^^^^^^^^^^^^^^^^^^^^^^^^^^^^^^^^^^^^^^^^^^^^^^^^^^^^^^^^^^^
E       sqlalchemy.exc.OperationalError: (psycopg2.OperationalError) connection to server at "localhost" (::1), port 5432 failed: Connection refused
E       	Is the server running on that host and accepting TCP/IP connections?
E       connection to server at "localhost" (127.0.0.1), port 5432 failed: FATAL:  sorry, too many clients already
E       
E       (Background on this error at: https://sqlalche.me/e/20/e3q8)

.venv/lib/python3.14/site-packages/psycopg2/__init__.py:122: OperationalError
___________________ ERROR at setup of test_delete[None-404] ____________________

self = <sqlalchemy.engine.base.Connection object at 0x7fd3ae1c5310>
engine = Engine(postgresql+psycopg2://invenio:***@localhost:5432/postgres)
connection = None, _has_events = None, _allow_revalidate = True
_allow_autobegin = True

    def __init__(
        self,
        engine: Engine,
        connection: Optional[PoolProxiedConnection] = None,
        _has_events: Optional[bool] = None,
        _allow_revalidate: bool = True,
        _allow_autobegin: bool = True,
    ):
        """Construct a new Connection."""
        self.engine = engine
        self.dialect = dialect = engine.dialect
    
        if connection is None:
            try:
>               self._dbapi_connection = engine.raw_connection()
                                         ^^^^^^^^^^^^^^^^^^^^^^^

.venv/lib/python3.14/site-packages/sqlalchemy/engine/base.py:143: 
_ _ _ _ _ _ _ _ _ _ _ _ _ _ _ _ _ _ _ _ _ _ _ _ _ _ _ _ _ _ _ _ _ _ _ _ _ _ _ _ 
.venv/lib/python3.14/site-packages/sqlalchemy/engine/base.py:3309: in raw_connection
    return self.pool.connect()
           ^^^^^^^^^^^^^^^^^^^
.venv/lib/python3.14/site-packages/sqlalchemy/pool/base.py:447: in connect
    return _ConnectionFairy._checkout(self)
           ^^^^^^^^^^^^^^^^^^^^^^^^^^^^^^^^
.venv/lib/python3.14/site-packages/sqlalchemy/pool/base.py:1264: in _checkout
    fairy = _ConnectionRecord.checkout(pool)
            ^^^^^^^^^^^^^^^^^^^^^^^^^^^^^^^^
.venv/lib/python3.14/site-packages/sqlalchemy/pool/base.py:711: in checkout
    rec = pool._do_get()
          ^^^^^^^^^^^^^^
.venv/lib/python3.14/site-packages/sqlalchemy/pool/impl.py:177: in _do_get
    with util.safe_reraise():
         ^^^^^^^^^^^^^^^^^^^
.venv/lib/python3.14/site-packages/sqlalchemy/util/langhelpers.py:224: in __exit__
    raise exc_value.with_traceback(exc_tb)
.venv/lib/python3.14/site-packages/sqlalchemy/pool/impl.py:175: in _do_get
    return self._create_connection()
           ^^^^^^^^^^^^^^^^^^^^^^^^^
.venv/lib/python3.14/site-packages/sqlalchemy/pool/base.py:388: in _create_connection
    return _ConnectionRecord(self)
           ^^^^^^^^^^^^^^^^^^^^^^^
.venv/lib/python3.14/site-packages/sqlalchemy/pool/base.py:673: in __init__
    self.__connect()
.venv/lib/python3.14/site-packages/sqlalchemy/pool/base.py:899: in __connect
    with util.safe_reraise():
         ^^^^^^^^^^^^^^^^^^^
.venv/lib/python3.14/site-packages/sqlalchemy/util/langhelpers.py:224: in __exit__
    raise exc_value.with_traceback(exc_tb)
.venv/lib/python3.14/site-packages/sqlalchemy/pool/base.py:895: in __connect
    self.dbapi_connection = connection = pool._invoke_creator(self)
                                         ^^^^^^^^^^^^^^^^^^^^^^^^^^
.venv/lib/python3.14/site-packages/sqlalchemy/engine/create.py:661: in connect
    return dialect.connect(*cargs, **cparams)
           ^^^^^^^^^^^^^^^^^^^^^^^^^^^^^^^^^^
.venv/lib/python3.14/site-packages/sqlalchemy/engine/default.py:630: in connect
    return self.loaded_dbapi.connect(*cargs, **cparams)  # type: ignore[no-any-return]  # NOQA: E501
           ^^^^^^^^^^^^^^^^^^^^^^^^^^^^^^^^^^^^^^^^^^^^
_ _ _ _ _ _ _ _ _ _ _ _ _ _ _ _ _ _ _ _ _ _ _ _ _ _ _ _ _ _ _ _ _ _ _ _ _ _ _ _ 

dsn = 'host=localhost dbname=postgres user=invenio password=invenio port=5432'
connection_factory = None, cursor_factory = None
kwargs = {'dbname': 'postgres', 'host': 'localhost', 'password': 'invenio', 'port': 5432, ...}
kwasync = {}

    def connect(dsn=None, connection_factory=None, cursor_factory=None, **kwargs):
        """
        Create a new database connection.
    
        The connection parameters can be specified as a string:
    
            conn = psycopg2.connect("dbname=test user=postgres password=secret")
    
        or using a set of keyword arguments:
    
            conn = psycopg2.connect(database="test", user="postgres", password="secret")
    
        Or as a mix of both. The basic connection parameters are:
    
        - *dbname*: the database name
        - *database*: the database name (only as keyword argument)
        - *user*: user name used to authenticate
        - *password*: password used to authenticate
        - *host*: database host address (defaults to UNIX socket if not provided)
        - *port*: connection port number (defaults to 5432 if not provided)
    
        Using the *connection_factory* parameter a different class or connections
        factory can be specified. It should be a callable object taking a dsn
        argument.
    
        Using the *cursor_factory* parameter, a new default cursor factory will be
        used by cursor().
    
        Using *async*=True an asynchronous connection will be created. *async_* is
        a valid alias (for Python versions where ``async`` is a keyword).
    
        Any other keyword parameter will be passed to the underlying client
        library: the list of supported parameters depends on the library version.
    
        """
        kwasync = {}
        if 'async' in kwargs:
            kwasync['async'] = kwargs.pop('async')
        if 'async_' in kwargs:
            kwasync['async_'] = kwargs.pop('async_')
    
        dsn = _ext.make_dsn(dsn, **kwargs)
>       conn = _connect(dsn, connection_factory=connection_factory, **kwasync)
               ^^^^^^^^^^^^^^^^^^^^^^^^^^^^^^^^^^^^^^^^^^^^^^^^^^^^^^^^^^^^^^^
E       psycopg2.OperationalError: connection to server at "localhost" (::1), port 5432 failed: Connection refused
E       	Is the server running on that host and accepting TCP/IP connections?
E       connection to server at "localhost" (127.0.0.1), port 5432 failed: FATAL:  sorry, too many clients already

.venv/lib/python3.14/site-packages/psycopg2/__init__.py:122: OperationalError

The above exception was the direct cause of the following exception:

app = <Flask 'testapp'>

    @pytest.yield_fixture()
    def db(app):
        """Get setup database."""
        if not database_exists(str(db_.engine.url.render_as_string(hide_password=False))):
>           create_database(str(db_.engine.url.render_as_string(hide_password=False)))

tests/conftest.py:130: 
_ _ _ _ _ _ _ _ _ _ _ _ _ _ _ _ _ _ _ _ _ _ _ _ _ _ _ _ _ _ _ _ _ _ _ _ _ _ _ _ 
.venv/lib/python3.14/site-packages/sqlalchemy_utils/functions/database.py:568: in create_database
    with engine.begin() as conn:
         ^^^^^^^^^^^^^^
/opt/hostedtoolcache/Python/3.14.2/x64/lib/python3.14/contextlib.py:141: in __enter__
    return next(self.gen)
           ^^^^^^^^^^^^^^
.venv/lib/python3.14/site-packages/sqlalchemy/engine/base.py:3249: in begin
    with self.connect() as conn:
         ^^^^^^^^^^^^^^
.venv/lib/python3.14/site-packages/sqlalchemy/engine/base.py:3285: in connect
    return self._connection_cls(self)
           ^^^^^^^^^^^^^^^^^^^^^^^^^^
.venv/lib/python3.14/site-packages/sqlalchemy/engine/base.py:145: in __init__
    Connection._handle_dbapi_exception_noconnection(
.venv/lib/python3.14/site-packages/sqlalchemy/engine/base.py:2448: in _handle_dbapi_exception_noconnection
    raise sqlalchemy_exception.with_traceback(exc_info[2]) from e
.venv/lib/python3.14/site-packages/sqlalchemy/engine/base.py:143: in __init__
    self._dbapi_connection = engine.raw_connection()
                             ^^^^^^^^^^^^^^^^^^^^^^^
.venv/lib/python3.14/site-packages/sqlalchemy/engine/base.py:3309: in raw_connection
    return self.pool.connect()
           ^^^^^^^^^^^^^^^^^^^
.venv/lib/python3.14/site-packages/sqlalchemy/pool/base.py:447: in connect
    return _ConnectionFairy._checkout(self)
           ^^^^^^^^^^^^^^^^^^^^^^^^^^^^^^^^
.venv/lib/python3.14/site-packages/sqlalchemy/pool/base.py:1264: in _checkout
    fairy = _ConnectionRecord.checkout(pool)
            ^^^^^^^^^^^^^^^^^^^^^^^^^^^^^^^^
.venv/lib/python3.14/site-packages/sqlalchemy/pool/base.py:711: in checkout
    rec = pool._do_get()
          ^^^^^^^^^^^^^^
.venv/lib/python3.14/site-packages/sqlalchemy/pool/impl.py:177: in _do_get
    with util.safe_reraise():
         ^^^^^^^^^^^^^^^^^^^
.venv/lib/python3.14/site-packages/sqlalchemy/util/langhelpers.py:224: in __exit__
    raise exc_value.with_traceback(exc_tb)
.venv/lib/python3.14/site-packages/sqlalchemy/pool/impl.py:175: in _do_get
    return self._create_connection()
           ^^^^^^^^^^^^^^^^^^^^^^^^^
.venv/lib/python3.14/site-packages/sqlalchemy/pool/base.py:388: in _create_connection
    return _ConnectionRecord(self)
           ^^^^^^^^^^^^^^^^^^^^^^^
.venv/lib/python3.14/site-packages/sqlalchemy/pool/base.py:673: in __init__
    self.__connect()
.venv/lib/python3.14/site-packages/sqlalchemy/pool/base.py:899: in __connect
    with util.safe_reraise():
         ^^^^^^^^^^^^^^^^^^^
.venv/lib/python3.14/site-packages/sqlalchemy/util/langhelpers.py:224: in __exit__
    raise exc_value.with_traceback(exc_tb)
.venv/lib/python3.14/site-packages/sqlalchemy/pool/base.py:895: in __connect
    self.dbapi_connection = connection = pool._invoke_creator(self)
                                         ^^^^^^^^^^^^^^^^^^^^^^^^^^
.venv/lib/python3.14/site-packages/sqlalchemy/engine/create.py:661: in connect
    return dialect.connect(*cargs, **cparams)
           ^^^^^^^^^^^^^^^^^^^^^^^^^^^^^^^^^^
.venv/lib/python3.14/site-packages/sqlalchemy/engine/default.py:630: in connect
    return self.loaded_dbapi.connect(*cargs, **cparams)  # type: ignore[no-any-return]  # NOQA: E501
           ^^^^^^^^^^^^^^^^^^^^^^^^^^^^^^^^^^^^^^^^^^^^
_ _ _ _ _ _ _ _ _ _ _ _ _ _ _ _ _ _ _ _ _ _ _ _ _ _ _ _ _ _ _ _ _ _ _ _ _ _ _ _ 

dsn = 'host=localhost dbname=postgres user=invenio password=invenio port=5432'
connection_factory = None, cursor_factory = None
kwargs = {'dbname': 'postgres', 'host': 'localhost', 'password': 'invenio', 'port': 5432, ...}
kwasync = {}

    def connect(dsn=None, connection_factory=None, cursor_factory=None, **kwargs):
        """
        Create a new database connection.
    
        The connection parameters can be specified as a string:
    
            conn = psycopg2.connect("dbname=test user=postgres password=secret")
    
        or using a set of keyword arguments:
    
            conn = psycopg2.connect(database="test", user="postgres", password="secret")
    
        Or as a mix of both. The basic connection parameters are:
    
        - *dbname*: the database name
        - *database*: the database name (only as keyword argument)
        - *user*: user name used to authenticate
        - *password*: password used to authenticate
        - *host*: database host address (defaults to UNIX socket if not provided)
        - *port*: connection port number (defaults to 5432 if not provided)
    
        Using the *connection_factory* parameter a different class or connections
        factory can be specified. It should be a callable object taking a dsn
        argument.
    
        Using the *cursor_factory* parameter, a new default cursor factory will be
        used by cursor().
    
        Using *async*=True an asynchronous connection will be created. *async_* is
        a valid alias (for Python versions where ``async`` is a keyword).
    
        Any other keyword parameter will be passed to the underlying client
        library: the list of supported parameters depends on the library version.
    
        """
        kwasync = {}
        if 'async' in kwargs:
            kwasync['async'] = kwargs.pop('async')
        if 'async_' in kwargs:
            kwasync['async_'] = kwargs.pop('async_')
    
        dsn = _ext.make_dsn(dsn, **kwargs)
>       conn = _connect(dsn, connection_factory=connection_factory, **kwasync)
               ^^^^^^^^^^^^^^^^^^^^^^^^^^^^^^^^^^^^^^^^^^^^^^^^^^^^^^^^^^^^^^^
E       sqlalchemy.exc.OperationalError: (psycopg2.OperationalError) connection to server at "localhost" (::1), port 5432 failed: Connection refused
E       	Is the server running on that host and accepting TCP/IP connections?
E       connection to server at "localhost" (127.0.0.1), port 5432 failed: FATAL:  sorry, too many clients already
E       
E       (Background on this error at: https://sqlalche.me/e/20/e3q8)

.venv/lib/python3.14/site-packages/psycopg2/__init__.py:122: OperationalError
=============================== warnings summary ===============================
.venv/lib/python3.14/site-packages/webargs/compat.py:8
  /home/runner/work/test-zip-extract-repository/test-zip-extract-repository/workdir/tests/invenio-files-rest/original/.venv/lib/python3.14/site-packages/webargs/compat.py:8: DeprecationWarning: The '__version__' attribute is deprecated and will be removed in in a future version. Use feature detection or 'importlib.metadata.version("marshmallow")' instead.
    MARSHMALLOW_VERSION_INFO = tuple(LooseVersion(ma.__version__).version)  # type: tuple

.venv/lib/python3.14/site-packages/webargs/compat.py:8
  /home/runner/work/test-zip-extract-repository/test-zip-extract-repository/workdir/tests/invenio-files-rest/original/.venv/lib/python3.14/site-packages/webargs/compat.py:8: DeprecationWarning: distutils Version classes are deprecated. Use packaging.version instead.
    MARSHMALLOW_VERSION_INFO = tuple(LooseVersion(ma.__version__).version)  # type: tuple

.venv/lib/python3.14/site-packages/webargs/__init__.py:13
  /home/runner/work/test-zip-extract-repository/test-zip-extract-repository/workdir/tests/invenio-files-rest/original/.venv/lib/python3.14/site-packages/webargs/__init__.py:13: DeprecationWarning: distutils Version classes are deprecated. Use packaging.version instead.
    __version_info__ = tuple(LooseVersion(__version__).version)

.venv/lib/python3.14/site-packages/flask_admin/contrib/__init__.py:2
  /home/runner/work/test-zip-extract-repository/test-zip-extract-repository/workdir/tests/invenio-files-rest/original/.venv/lib/python3.14/site-packages/flask_admin/contrib/__init__.py:2: UserWarning: pkg_resources is deprecated as an API. See https://setuptools.pypa.io/en/latest/pkg_resources.html. The pkg_resources package is slated for removal as early as 2025-11-30. Refrain from using this package or pin to Setuptools<81.
    __import__('pkg_resources').declare_namespace(__name__)

.venv/lib/python3.14/site-packages/pkg_resources/__init__.py:3148
.venv/lib/python3.14/site-packages/pkg_resources/__init__.py:3148
  /home/runner/work/test-zip-extract-repository/test-zip-extract-repository/workdir/tests/invenio-files-rest/original/.venv/lib/python3.14/site-packages/pkg_resources/__init__.py:3148: DeprecationWarning: Deprecated call to `pkg_resources.declare_namespace('sphinxcontrib')`.
  Implementing implicit namespace packages (as specified in PEP 420) is preferred to `pkg_resources.declare_namespace`. See https://setuptools.pypa.io/en/latest/references/keywords.html#keyword-namespace-packages
    declare_namespace(pkg)

.venv/lib/python3.14/site-packages/flask_admin/contrib/__init__.py:2
  /home/runner/work/test-zip-extract-repository/test-zip-extract-repository/workdir/tests/invenio-files-rest/original/.venv/lib/python3.14/site-packages/flask_admin/contrib/__init__.py:2: DeprecationWarning: Deprecated call to `pkg_resources.declare_namespace('flask_admin.contrib')`.
  Implementing implicit namespace packages (as specified in PEP 420) is preferred to `pkg_resources.declare_namespace`. See https://setuptools.pypa.io/en/latest/references/keywords.html#keyword-namespace-packages
    __import__('pkg_resources').declare_namespace(__name__)

.venv/lib/python3.14/site-packages/pkg_resources/__init__.py:2560
  /home/runner/work/test-zip-extract-repository/test-zip-extract-repository/workdir/tests/invenio-files-rest/original/.venv/lib/python3.14/site-packages/pkg_resources/__init__.py:2560: DeprecationWarning: Deprecated call to `pkg_resources.declare_namespace('flask_admin')`.
  Implementing implicit namespace packages (as specified in PEP 420) is preferred to `pkg_resources.declare_namespace`. See https://setuptools.pypa.io/en/latest/references/keywords.html#keyword-namespace-packages
    declare_namespace(parent)

tests/test_admin.py: 12 warnings
  /home/runner/work/test-zip-extract-repository/test-zip-extract-repository/workdir/tests/invenio-files-rest/original/.venv/lib/python3.14/site-packages/invenio_admin/ext.py:81: PendingDeprecationWarning: Usage of model and modelview kwargs are deprecated in favor of view_class, args and kwargs.
    warnings.warn(

tests/test_cli.py: 1 warning
tests/test_models.py: 10 warnings
tests/test_models_multipart.py: 2 warnings
tests/test_views_multipart.py: 2 warnings
  /home/runner/work/test-zip-extract-repository/test-zip-extract-repository/workdir/tests/invenio-files-rest/original/invenio_files_rest/models.py:719: SAWarning: Object of type <ObjectVersion> not in session, add operation along 'Bucket.objects' will not proceed (This warning originated from the Session 'autoflush' process, which was invoked automatically in response to a user-initiated operation. Consider using ``no_autoflush`` context manager if this warning happened while initializing objects.)
    return db.session.query(cls).filter_by(id=file_id).one_or_none()

tests/test_invenio_files_rest.py::test_alembic
  /home/runner/work/test-zip-extract-repository/test-zip-extract-repository/workdir/tests/invenio-files-rest/original/.venv/lib/python3.14/site-packages/alembic/config.py:580: DeprecationWarning: No path_separator found in configuration; falling back to legacy splitting on spaces/commas for version_locations.  Consider adding path_separator=os to Alembic config.
    util.warn_deprecated(

tests/test_invenio_files_rest.py::test_alembic
  /home/runner/work/test-zip-extract-repository/test-zip-extract-repository/workdir/tests/invenio-files-rest/original/.venv/lib/python3.14/site-packages/alembic/ddl/postgresql.py:202: UserWarning: autoincrement and existing_autoincrement only make sense for MySQL
    super().alter_column(

tests/test_invenio_files_rest.py::test_alembic
  /home/runner/work/test-zip-extract-repository/test-zip-extract-repository/workdir/tests/invenio-files-rest/original/.venv/lib/python3.14/site-packages/invenio_accounts/alembic/9848d0149abd_create_accounts_tables.py:99: SADeprecationWarning: The from_engine() method on Inspector is deprecated and will be removed in a future release.  Please use the sqlalchemy.inspect() function on an Engine or Connection in order to acquire an Inspector. (deprecated since: 1.4)
    insp = Inspector.from_engine(ctx.connection.engine)

invenio_files_rest/__init__.py::invenio_files_rest
  /home/runner/work/test-zip-extract-repository/test-zip-extract-repository/workdir/tests/invenio-files-rest/original/.venv/lib/python3.14/site-packages/invenio_rest/ext.py:29: FutureWarning: CSRF validation will be enabled by default in the version 1.3.x
    self.init_app(app)

-- Docs: https://docs.pytest.org/en/stable/how-to/capture-warnings.html
================================ tests coverage ================================
_______________ coverage: platform linux, python 3.14.2-final-0 ________________

Name                                                                                  Stmts   Miss  Cover   Missing
-------------------------------------------------------------------------------------------------------------------
invenio_files_rest/__init__.py                                                            4      0   100%
invenio_files_rest/admin.py                                                             116     13    89%   338-354
invenio_files_rest/alembic/2e97565eba72_create_files_rest_tables.py                      34      0   100%
invenio_files_rest/alembic/8ae99b034410_create_files_objecttags_table.py                 22      3    86%   28-29, 67
invenio_files_rest/alembic/08e4a71525b6_change_datetime_types.py                         15      0   100%
invenio_files_rest/alembic/52ce868f33c3_create_files_rest_branch.py                       8      0   100%
invenio_files_rest/alembic/a29271fd78f8_create_files_object_partial_unique_index.py      12      0   100%
invenio_files_rest/alembic/e172c837b036_add_indexes.py                                   21      0   100%
invenio_files_rest/alembic/f741aa746a7d_alter_files_files_last_check_column_to_.py       10      0   100%
invenio_files_rest/app.py                                                                 4      0   100%
invenio_files_rest/cli.py                                                                66      0   100%
invenio_files_rest/config.py                                                             52      0   100%
invenio_files_rest/errors.py                                                             63      4    94%   29, 54-55, 59
invenio_files_rest/ext.py                                                                52      2    96%   86-87
invenio_files_rest/formparser.py                                                         24      7    71%   35, 39, 54, 65, 69-71
invenio_files_rest/helpers.py                                                           118     11    91%   183-187, 324-329
invenio_files_rest/limiters.py                                                           25      0   100%
invenio_files_rest/models.py                                                            704     24    97%   117, 542-547, 711, 1021-1023, 1405, 1463, 1591, 1628-1635, 1641, 1675, 1732-1735
invenio_files_rest/permissions.py                                                        61      1    98%   134
invenio_files_rest/proxies.py                                                             6      0   100%
invenio_files_rest/serializer.py                                                        123      2    98%   304, 337
invenio_files_rest/signals.py                                                             8      0   100%
invenio_files_rest/storage/__init__.py                                                    3      0   100%
invenio_files_rest/storage/base.py                                                       91      2    98%   120-121
invenio_files_rest/storage/pyfs.py                                                      127     12    91%   58, 79, 91, 105-106, 117, 127, 139, 231-234
invenio_files_rest/tasks.py                                                             123     19    85%   108-109, 118, 241-243, 259, 261, 268-270, 276-285
invenio_files_rest/utils.py                                                              20      1    95%   35
invenio_files_rest/views.py                                                             273      9    97%   196, 290-293, 726, 770, 772, 905-908
invenio_files_rest/wrappers.py                                                            4      0   100%
-------------------------------------------------------------------------------------------------------------------
TOTAL                                                                                  2189    110    95%
=========================== short test summary info ============================
ERROR tests/test_views_multipart.py::test_post_locked_bucket - sqlalchemy.exc.OperationalError: (psycopg2.OperationalError) connection to server at "localhost" (::1), port 5432 failed: Connection refused
	Is the server running on that host and accepting TCP/IP connections?
connection to server at "localhost" (127.0.0.1), port 5432 failed: FATAL:  sorry, too many clients already

(Background on this error at: https://sqlalche.me/e/20/e3q8)
ERROR tests/test_views_multipart.py::test_post_invalidkey - sqlalchemy.exc.OperationalError: (psycopg2.OperationalError) connection to server at "localhost" (::1), port 5432 failed: Connection refused
	Is the server running on that host and accepting TCP/IP connections?
connection to server at "localhost" (127.0.0.1), port 5432 failed: FATAL:  sorry, too many clients already

(Background on this error at: https://sqlalche.me/e/20/e3q8)
ERROR tests/test_views_multipart.py::test_put[None-404] - sqlalchemy.exc.OperationalError: (psycopg2.OperationalError) connection to server at "localhost" (::1), port 5432 failed: Connection refused
	Is the server running on that host and accepting TCP/IP connections?
connection to server at "localhost" (127.0.0.1), port 5432 failed: FATAL:  sorry, too many clients already

(Background on this error at: https://sqlalche.me/e/20/e3q8)
ERROR tests/test_views_multipart.py::test_put[auth-404] - sqlalchemy.exc.OperationalError: (psycopg2.OperationalError) connection to server at "localhost" (::1), port 5432 failed: Connection refused
	Is the server running on that host and accepting TCP/IP connections?
connection to server at "localhost" (127.0.0.1), port 5432 failed: FATAL:  sorry, too many clients already

(Background on this error at: https://sqlalche.me/e/20/e3q8)
ERROR tests/test_views_multipart.py::test_put[objects-404] - sqlalchemy.exc.OperationalError: (psycopg2.OperationalError) connection to server at "localhost" (::1), port 5432 failed: Connection refused
	Is the server running on that host and accepting TCP/IP connections?
connection to server at "localhost" (127.0.0.1), port 5432 failed: FATAL:  sorry, too many clients already

(Background on this error at: https://sqlalche.me/e/20/e3q8)
ERROR tests/test_views_objectversion.py::test_get[location-200] - sqlalchemy.exc.OperationalError: (psycopg2.OperationalError) connection to server at "localhost" (::1), port 5432 failed: Connection refused
	Is the server running on that host and accepting TCP/IP connections?
connection to server at "localhost" (127.0.0.1), port 5432 failed: FATAL:  sorry, too many clients already

(Background on this error at: https://sqlalche.me/e/20/e3q8)
ERROR tests/test_views_objectversion.py::test_get[objects-200] - sqlalchemy.exc.OperationalError: (psycopg2.OperationalError) connection to server at "localhost" (::1), port 5432 failed: Connection refused
	Is the server running on that host and accepting TCP/IP connections?
connection to server at "localhost" (127.0.0.1), port 5432 failed: FATAL:  sorry, too many clients already

(Background on this error at: https://sqlalche.me/e/20/e3q8)
ERROR tests/test_views_objectversion.py::test_get_with_x_sendfile - sqlalchemy.exc.OperationalError: (psycopg2.OperationalError) connection to server at "localhost" (::1), port 5432 failed: Connection refused
	Is the server running on that host and accepting TCP/IP connections?
connection to server at "localhost" (127.0.0.1), port 5432 failed: FATAL:  sorry, too many clients already

(Background on this error at: https://sqlalche.me/e/20/e3q8)
ERROR tests/test_views_objectversion.py::test_get_download - sqlalchemy.exc.OperationalError: (psycopg2.OperationalError) connection to server at "localhost" (::1), port 5432 failed: Connection refused
	Is the server running on that host and accepting TCP/IP connections?
connection to server at "localhost" (127.0.0.1), port 5432 failed: FATAL:  sorry, too many clients already

(Background on this error at: https://sqlalche.me/e/20/e3q8)
ERROR tests/test_views_objectversion.py::test_put_file_size_errors[100-50-400-Maximum file size] - sqlalchemy.exc.OperationalError: (psycopg2.OperationalError) connection to server at "localhost" (::1), port 5432 failed: Connection refused
	Is the server running on that host and accepting TCP/IP connections?
connection to server at "localhost" (127.0.0.1), port 5432 failed: FATAL:  sorry, too many clients already

(Background on this error at: https://sqlalche.me/e/20/e3q8)
ERROR tests/test_views_objectversion.py::test_put_file_size_errors[100-100-200-None] - sqlalchemy.exc.OperationalError: (psycopg2.OperationalError) connection to server at "localhost" (::1), port 5432 failed: Connection refused
	Is the server running on that host and accepting TCP/IP connections?
connection to server at "localhost" (127.0.0.1), port 5432 failed: FATAL:  sorry, too many clients already

(Background on this error at: https://sqlalche.me/e/20/e3q8)
ERROR tests/test_views_objectversion.py::test_put_file_size_errors[None-None-200-None] - sqlalchemy.exc.OperationalError: (psycopg2.OperationalError) connection to server at "localhost" (::1), port 5432 failed: Connection refused
	Is the server running on that host and accepting TCP/IP connections?
connection to server at "localhost" (127.0.0.1), port 5432 failed: FATAL:  sorry, too many clients already

(Background on this error at: https://sqlalche.me/e/20/e3q8)
ERROR tests/test_views_objectversion.py::test_put_invalid_key - sqlalchemy.exc.OperationalError: (psycopg2.OperationalError) connection to server at "localhost" (::1), port 5432 failed: Connection refused
	Is the server running on that host and accepting TCP/IP connections?
connection to server at "localhost" (127.0.0.1), port 5432 failed: FATAL:  sorry, too many clients already

(Background on this error at: https://sqlalche.me/e/20/e3q8)
ERROR tests/test_views_objectversion.py::test_put_zero_size - sqlalchemy.exc.OperationalError: (psycopg2.OperationalError) connection to server at "localhost" (::1), port 5432 failed: Connection refused
	Is the server running on that host and accepting TCP/IP connections?
connection to server at "localhost" (127.0.0.1), port 5432 failed: FATAL:  sorry, too many clients already

(Background on this error at: https://sqlalche.me/e/20/e3q8)
ERROR tests/test_views_objectversion.py::test_put_deleted_locked - sqlalchemy.exc.OperationalError: (psycopg2.OperationalError) connection to server at "localhost" (::1), port 5432 failed: Connection refused
	Is the server running on that host and accepting TCP/IP connections?
connection to server at "localhost" (127.0.0.1), port 5432 failed: FATAL:  sorry, too many clients already

(Background on this error at: https://sqlalche.me/e/20/e3q8)
ERROR tests/test_views_objectversion.py::test_put_error - sqlalchemy.exc.OperationalError: (psycopg2.OperationalError) connection to server at "localhost" (::1), port 5432 failed: Connection refused
	Is the server running on that host and accepting TCP/IP connections?
connection to server at "localhost" (127.0.0.1), port 5432 failed: FATAL:  sorry, too many clients already

(Background on this error at: https://sqlalche.me/e/20/e3q8)
ERROR tests/test_views_objectversion.py::test_put_multipartform - sqlalchemy.exc.OperationalError: (psycopg2.OperationalError) connection to server at "localhost" (::1), port 5432 failed: Connection refused
	Is the server running on that host and accepting TCP/IP connections?
connection to server at "localhost" (127.0.0.1), port 5432 failed: FATAL:  sorry, too many clients already

(Background on this error at: https://sqlalche.me/e/20/e3q8)
ERROR tests/test_views_objectversion.py::test_delete[None-404] - sqlalchemy.exc.OperationalError: (psycopg2.OperationalError) connection to server at "localhost" (::1), port 5432 failed: Connection refused
	Is the server running on that host and accepting TCP/IP connections?
connection to server at "localhost" (127.0.0.1), port 5432 failed: FATAL:  sorry, too many clients already

(Background on this error at: https://sqlalche.me/e/20/e3q8)
============ 203 passed, 39 warnings, 18 errors in 86.34s (0:01:26) ============
 Container docker_services_cli-rabbitmq-1  Stopping
 Container docker_services_cli-opensearch-1  Stopping
 Container docker_services_cli-redis-1  Stopping
 Container docker_services_cli-postgresql-1  Stopping
 Container docker_services_cli-redis-1  Stopped
 Container docker_services_cli-redis-1  Removing
 Container docker_services_cli-redis-1  Removed
 Container docker_services_cli-opensearch-1  Stopped
 Container docker_services_cli-opensearch-1  Removing
 Container docker_services_cli-opensearch-1  Removed
 Container docker_services_cli-postgresql-1  Stopped
 Container docker_services_cli-postgresql-1  Removing
 Container docker_services_cli-postgresql-1  Removed
 Container docker_services_cli-rabbitmq-1  Stopped
 Container docker_services_cli-rabbitmq-1  Removing
 Container docker_services_cli-rabbitmq-1  Removed
 Network docker_services_cli_default  Removing
 Network docker_services_cli_default  Removed
