running extract_messages
extracting messages from invenio_records_resources/__init__.py (encoding="utf-8")
extracting messages from invenio_records_resources/config.py (encoding="utf-8")
extracting messages from invenio_records_resources/errors.py (encoding="utf-8")
extracting messages from invenio_records_resources/ext.py (encoding="utf-8")
extracting messages from invenio_records_resources/pagination.py (encoding="utf-8")
extracting messages from invenio_records_resources/proxies.py (encoding="utf-8")
extracting messages from invenio_records_resources/registry.py (encoding="utf-8")
extracting messages from invenio_records_resources/tasks.py (encoding="utf-8")
extracting messages from invenio_records_resources/factories/__init__.py (encoding="utf-8")
extracting messages from invenio_records_resources/factories/factory.py (encoding="utf-8")
extracting messages from invenio_records_resources/records/__init__.py (encoding="utf-8")
extracting messages from invenio_records_resources/records/api.py (encoding="utf-8")
extracting messages from invenio_records_resources/records/dumpers.py (encoding="utf-8")
extracting messages from invenio_records_resources/records/models.py (encoding="utf-8")
extracting messages from invenio_records_resources/records/providers.py (encoding="utf-8")
extracting messages from invenio_records_resources/records/resolver.py (encoding="utf-8")
extracting messages from invenio_records_resources/records/transfer.py (encoding="utf-8")
extracting messages from invenio_records_resources/records/jsonschemas/__init__.py (encoding="utf-8")
extracting messages from invenio_records_resources/records/systemfields/__init__.py (encoding="utf-8")
extracting messages from invenio_records_resources/records/systemfields/calculated.py (encoding="utf-8")
extracting messages from invenio_records_resources/records/systemfields/entity_reference.py (encoding="utf-8")
extracting messages from invenio_records_resources/records/systemfields/index.py (encoding="utf-8")
extracting messages from invenio_records_resources/records/systemfields/pid.py (encoding="utf-8")
extracting messages from invenio_records_resources/records/systemfields/pid_statuscheck.py (encoding="utf-8")
extracting messages from invenio_records_resources/records/systemfields/relations.py (encoding="utf-8")
extracting messages from invenio_records_resources/records/systemfields/files/__init__.py (encoding="utf-8")
extracting messages from invenio_records_resources/records/systemfields/files/field.py (encoding="utf-8")
extracting messages from invenio_records_resources/records/systemfields/files/manager.py (encoding="utf-8")
extracting messages from invenio_records_resources/references/__init__.py (encoding="utf-8")
extracting messages from invenio_records_resources/references/grants.py (encoding="utf-8")
extracting messages from invenio_records_resources/references/registry.py (encoding="utf-8")
extracting messages from invenio_records_resources/references/entity_resolvers/__init__.py (encoding="utf-8")
extracting messages from invenio_records_resources/references/entity_resolvers/base.py (encoding="utf-8")
extracting messages from invenio_records_resources/references/entity_resolvers/records.py (encoding="utf-8")
extracting messages from invenio_records_resources/references/entity_resolvers/results.py (encoding="utf-8")
extracting messages from invenio_records_resources/resources/__init__.py (encoding="utf-8")
extracting messages from invenio_records_resources/resources/errors.py (encoding="utf-8")
extracting messages from invenio_records_resources/resources/files/__init__.py (encoding="utf-8")
extracting messages from invenio_records_resources/resources/files/config.py (encoding="utf-8")
extracting messages from invenio_records_resources/resources/files/parser.py (encoding="utf-8")
extracting messages from invenio_records_resources/resources/files/resource.py (encoding="utf-8")
extracting messages from invenio_records_resources/resources/records/__init__.py (encoding="utf-8")
extracting messages from invenio_records_resources/resources/records/args.py (encoding="utf-8")
extracting messages from invenio_records_resources/resources/records/config.py (encoding="utf-8")
extracting messages from invenio_records_resources/resources/records/headers.py (encoding="utf-8")
extracting messages from invenio_records_resources/resources/records/resource.py (encoding="utf-8")
extracting messages from invenio_records_resources/resources/records/utils.py (encoding="utf-8")
extracting messages from invenio_records_resources/services/__init__.py (encoding="utf-8")
extracting messages from invenio_records_resources/services/errors.py (encoding="utf-8")
extracting messages from invenio_records_resources/services/uow.py (encoding="utf-8")
extracting messages from invenio_records_resources/services/base/__init__.py (encoding="utf-8")
extracting messages from invenio_records_resources/services/base/components.py (encoding="utf-8")
extracting messages from invenio_records_resources/services/base/config.py (encoding="utf-8")
extracting messages from invenio_records_resources/services/base/links.py (encoding="utf-8")
extracting messages from invenio_records_resources/services/base/results.py (encoding="utf-8")
extracting messages from invenio_records_resources/services/base/service.py (encoding="utf-8")
extracting messages from invenio_records_resources/services/base/utils.py (encoding="utf-8")
extracting messages from invenio_records_resources/services/custom_fields/__init__.py (encoding="utf-8")
extracting messages from invenio_records_resources/services/custom_fields/base.py (encoding="utf-8")
extracting messages from invenio_records_resources/services/custom_fields/boolean.py (encoding="utf-8")
extracting messages from invenio_records_resources/services/custom_fields/date.py (encoding="utf-8")
extracting messages from invenio_records_resources/services/custom_fields/errors.py (encoding="utf-8")
extracting messages from invenio_records_resources/services/custom_fields/mappings.py (encoding="utf-8")
extracting messages from invenio_records_resources/services/custom_fields/number.py (encoding="utf-8")
extracting messages from invenio_records_resources/services/custom_fields/schema.py (encoding="utf-8")
extracting messages from invenio_records_resources/services/custom_fields/text.py (encoding="utf-8")
extracting messages from invenio_records_resources/services/custom_fields/validate.py (encoding="utf-8")
extracting messages from invenio_records_resources/services/files/__init__.py (encoding="utf-8")
extracting messages from invenio_records_resources/services/files/config.py (encoding="utf-8")
extracting messages from invenio_records_resources/services/files/generators.py (encoding="utf-8")
extracting messages from invenio_records_resources/services/files/links.py (encoding="utf-8")
extracting messages from invenio_records_resources/services/files/results.py (encoding="utf-8")
extracting messages from invenio_records_resources/services/files/schema.py (encoding="utf-8")
extracting messages from invenio_records_resources/services/files/service.py (encoding="utf-8")
extracting messages from invenio_records_resources/services/files/tasks.py (encoding="utf-8")
extracting messages from invenio_records_resources/services/files/components/__init__.py (encoding="utf-8")
extracting messages from invenio_records_resources/services/files/components/base.py (encoding="utf-8")
extracting messages from invenio_records_resources/services/files/components/content.py (encoding="utf-8")
extracting messages from invenio_records_resources/services/files/components/metadata.py (encoding="utf-8")
extracting messages from invenio_records_resources/services/files/components/multipart.py (encoding="utf-8")
extracting messages from invenio_records_resources/services/files/components/processor.py (encoding="utf-8")
extracting messages from invenio_records_resources/services/files/extractors/__init__.py (encoding="utf-8")
extracting messages from invenio_records_resources/services/files/extractors/base.py (encoding="utf-8")
extracting messages from invenio_records_resources/services/files/extractors/reply_stream.py (encoding="utf-8")
extracting messages from invenio_records_resources/services/files/extractors/zip.py (encoding="utf-8")
extracting messages from invenio_records_resources/services/files/processors/__init__.py (encoding="utf-8")
extracting messages from invenio_records_resources/services/files/processors/base.py (encoding="utf-8")
extracting messages from invenio_records_resources/services/files/processors/image.py (encoding="utf-8")
extracting messages from invenio_records_resources/services/files/processors/zip.py (encoding="utf-8")
extracting messages from invenio_records_resources/services/files/transfer/__init__.py (encoding="utf-8")
extracting messages from invenio_records_resources/services/files/transfer/base.py (encoding="utf-8")
extracting messages from invenio_records_resources/services/files/transfer/constants.py (encoding="utf-8")
extracting messages from invenio_records_resources/services/files/transfer/registry.py (encoding="utf-8")
extracting messages from invenio_records_resources/services/files/transfer/providers/__init__.py (encoding="utf-8")
extracting messages from invenio_records_resources/services/files/transfer/providers/fetch.py (encoding="utf-8")
extracting messages from invenio_records_resources/services/files/transfer/providers/local.py (encoding="utf-8")
extracting messages from invenio_records_resources/services/files/transfer/providers/multipart.py (encoding="utf-8")
extracting messages from invenio_records_resources/services/files/transfer/providers/remote.py (encoding="utf-8")
extracting messages from invenio_records_resources/services/records/__init__.py (encoding="utf-8")
extracting messages from invenio_records_resources/services/records/config.py (encoding="utf-8")
extracting messages from invenio_records_resources/services/records/links.py (encoding="utf-8")
extracting messages from invenio_records_resources/services/records/results.py (encoding="utf-8")
extracting messages from invenio_records_resources/services/records/schema.py (encoding="utf-8")
extracting messages from invenio_records_resources/services/records/service.py (encoding="utf-8")
extracting messages from invenio_records_resources/services/records/components/__init__.py (encoding="utf-8")
extracting messages from invenio_records_resources/services/records/components/base.py (encoding="utf-8")
extracting messages from invenio_records_resources/services/records/components/data.py (encoding="utf-8")
extracting messages from invenio_records_resources/services/records/components/files.py (encoding="utf-8")
extracting messages from invenio_records_resources/services/records/components/metadata.py (encoding="utf-8")
extracting messages from invenio_records_resources/services/records/components/relations.py (encoding="utf-8")
extracting messages from invenio_records_resources/services/records/facets/__init__.py (encoding="utf-8")
extracting messages from invenio_records_resources/services/records/facets/facets.py (encoding="utf-8")
extracting messages from invenio_records_resources/services/records/facets/labels.py (encoding="utf-8")
extracting messages from invenio_records_resources/services/records/facets/response.py (encoding="utf-8")
extracting messages from invenio_records_resources/services/records/params/__init__.py (encoding="utf-8")
extracting messages from invenio_records_resources/services/records/params/base.py (encoding="utf-8")
extracting messages from invenio_records_resources/services/records/params/facets.py (encoding="utf-8")
extracting messages from invenio_records_resources/services/records/params/filter.py (encoding="utf-8")
extracting messages from invenio_records_resources/services/records/params/pagination.py (encoding="utf-8")
extracting messages from invenio_records_resources/services/records/params/querystr.py (encoding="utf-8")
extracting messages from invenio_records_resources/services/records/params/sort.py (encoding="utf-8")
extracting messages from invenio_records_resources/services/records/queryparser/__init__.py (encoding="utf-8")
extracting messages from invenio_records_resources/services/records/queryparser/query.py (encoding="utf-8")
extracting messages from invenio_records_resources/services/records/queryparser/suggest.py (encoding="utf-8")
extracting messages from invenio_records_resources/services/records/queryparser/transformer.py (encoding="utf-8")
extracting messages from invenio_records_resources/services/references/__init__.py (encoding="utf-8")
extracting messages from invenio_records_resources/services/references/schema.py (encoding="utf-8")
extracting messages from tests/__init__.py (encoding="utf-8")
extracting messages from tests/conftest.py (encoding="utf-8")
extracting messages from tests/test_invenio_resources.py (encoding="utf-8")
extracting messages from tests/test_tasks.py (encoding="utf-8")
extracting messages from tests/factories/__init__.py (encoding="utf-8")
extracting messages from tests/factories/conftest.py (encoding="utf-8")
extracting messages from tests/factories/test_factory.py (encoding="utf-8")
extracting messages from tests/factories/test_service.py (encoding="utf-8")
extracting messages from tests/mock_module/__init__.py (encoding="utf-8")
extracting messages from tests/mock_module/api.py (encoding="utf-8")
extracting messages from tests/mock_module/config.py (encoding="utf-8")
extracting messages from tests/mock_module/extractor.py (encoding="utf-8")
extracting messages from tests/mock_module/models.py (encoding="utf-8")
extracting messages from tests/mock_module/permissions.py (encoding="utf-8")
extracting messages from tests/mock_module/resource.py (encoding="utf-8")
extracting messages from tests/mock_module/schemas.py (encoding="utf-8")
extracting messages from tests/mock_module/jsonschemas/__init__.py (encoding="utf-8")
extracting messages from tests/mock_module/mappings/__init__.py (encoding="utf-8")
extracting messages from tests/mock_module/mappings/os-v1/__init__.py (encoding="utf-8")
extracting messages from tests/mock_module/mappings/os-v2/__init__.py (encoding="utf-8")
extracting messages from tests/mock_module/mappings/v7/__init__.py (encoding="utf-8")
extracting messages from tests/mock_module_factory/__init__.py (encoding="utf-8")
extracting messages from tests/mock_module_factory/grants.py (encoding="utf-8")
extracting messages from tests/mock_module_factory/jsonschemas/__init__.py (encoding="utf-8")
extracting messages from tests/mock_module_factory/mappings/__init__.py (encoding="utf-8")
extracting messages from tests/mock_module_factory/mappings/os-v1/__init__.py (encoding="utf-8")
extracting messages from tests/mock_module_factory/mappings/os-v2/__init__.py (encoding="utf-8")
extracting messages from tests/mock_module_factory/mappings/v7/__init__.py (encoding="utf-8")
extracting messages from tests/records/conftest.py (encoding="utf-8")
extracting messages from tests/records/test_api.py (encoding="utf-8")
extracting messages from tests/records/test_dumpers.py (encoding="utf-8")
extracting messages from tests/records/test_systemfield_files.py (encoding="utf-8")
extracting messages from tests/records/test_systemfield_index.py (encoding="utf-8")
extracting messages from tests/records/test_systemfield_modelpid.py (encoding="utf-8")
extracting messages from tests/records/test_systemfield_pid.py (encoding="utf-8")
extracting messages from tests/records/test_systemfield_pidstatus.py (encoding="utf-8")
extracting messages from tests/resources/conftest.py (encoding="utf-8")
extracting messages from tests/resources/test_files_resource.py (encoding="utf-8")
extracting messages from tests/resources/test_resource_faceting.py (encoding="utf-8")
extracting messages from tests/resources/test_resource_links.py (encoding="utf-8")
extracting messages from tests/resources/test_resource_pagination.py (encoding="utf-8")
extracting messages from tests/resources/test_resource_preference.py (encoding="utf-8")
extracting messages from tests/resources/test_resource_sorting.py (encoding="utf-8")
extracting messages from tests/resources/test_resources.py (encoding="utf-8")
extracting messages from tests/resources/test_resources_etag.py (encoding="utf-8")
extracting messages from tests/resources/files/__init__.py (encoding="utf-8")
extracting messages from tests/resources/files/conftest.py (encoding="utf-8")
extracting messages from tests/resources/files/test_zip.py (encoding="utf-8")
extracting messages from tests/services/conftest.py (encoding="utf-8")
extracting messages from tests/services/test_results.py (encoding="utf-8")
extracting messages from tests/services/test_results_expand.py (encoding="utf-8")
extracting messages from tests/services/test_service.py (encoding="utf-8")
extracting messages from tests/services/test_service_create.py (encoding="utf-8")
extracting messages from tests/services/test_service_create_update.py (encoding="utf-8")
extracting messages from tests/services/test_service_date_facet.py (encoding="utf-8")
extracting messages from tests/services/test_service_facets.py (encoding="utf-8")
extracting messages from tests/services/test_service_pagination.py (encoding="utf-8")
extracting messages from tests/services/test_service_queryparser.py (encoding="utf-8")
extracting messages from tests/services/test_service_relation_propagation.py (encoding="utf-8")
extracting messages from tests/services/test_service_revision_id.py (encoding="utf-8")
extracting messages from tests/services/test_service_sort.py (encoding="utf-8")
extracting messages from tests/services/test_utils.py (encoding="utf-8")
extracting messages from tests/services/custom_fields/test_base_cf.py (encoding="utf-8")
extracting messages from tests/services/custom_fields/test_boolean_cf.py (encoding="utf-8")
extracting messages from tests/services/custom_fields/test_date_cf.py (encoding="utf-8")
extracting messages from tests/services/custom_fields/test_number_cf.py (encoding="utf-8")
extracting messages from tests/services/custom_fields/test_schema_cf.py (encoding="utf-8")
extracting messages from tests/services/custom_fields/test_text_cf.py (encoding="utf-8")
extracting messages from tests/services/custom_fields/test_validate.py (encoding="utf-8")
extracting messages from tests/services/files/conftest.py (encoding="utf-8")
extracting messages from tests/services/files/files_utils.py (encoding="utf-8")
extracting messages from tests/services/files/test_file_extractors.py (encoding="utf-8")
extracting messages from tests/services/files/test_file_results.py (encoding="utf-8")
extracting messages from tests/services/files/test_file_service.py (encoding="utf-8")
extracting messages from tests/services/files/test_files_options.py (encoding="utf-8")
extracting messages from tests/services/files/test_files_processing.py (encoding="utf-8")
extracting messages from tests/services/files/test_zip.py (encoding="utf-8")
extracting messages from tests/services/files/s3/conftest.py (encoding="utf-8")
extracting messages from tests/services/files/s3/test_service_s3_backend.py (encoding="utf-8")
writing PO template file to /dev/null
 opensearch Pulling 
 minio Pulling 
 redis Pulling 
 postgresql Pulling 
 4831516dd0cb Pulling fs layer 
 47a60771af96 Pulling fs layer 
 7b28be0c8c4d Pulling fs layer 
 edcaff0d5e7e Pulling fs layer 
 22dca8215bc4 Pulling fs layer 
 bbf018d6d4b8 Pulling fs layer 
 4f4fb700ef54 Pulling fs layer 
 c5761dea9b0e Pulling fs layer 
 22dca8215bc4 Waiting 
 bbf018d6d4b8 Waiting 
 c5761dea9b0e Waiting 
 4f4fb700ef54 Waiting 
 edcaff0d5e7e Waiting 
 f9dd052e142d Pulling fs layer 
 e8c6d4883897 Pulling fs layer 
 648eb81b3252 Pulling fs layer 
 eb77aa907276 Pulling fs layer 
 4f4fb700ef54 Pulling fs layer 
 0ffa8f8aba1e Pulling fs layer 
 2e81b9cb93cd Pulling fs layer 
 f9dd052e142d Waiting 
 eb77aa907276 Waiting 
 e8c6d4883897 Waiting 
 648eb81b3252 Waiting 
 4f4fb700ef54 Waiting 
 0ffa8f8aba1e Waiting 
 2e81b9cb93cd Waiting 
 b0a0cf830b12 Pulling fs layer 
 dda3d8fbd5ed Pulling fs layer 
 283a477db7bb Pulling fs layer 
 91d2729fa4d5 Pulling fs layer 
 9739ced65621 Pulling fs layer 
 ae3bb1b347a4 Pulling fs layer 
 f8406d9c00ea Pulling fs layer 
 c199bff16b05 Pulling fs layer 
 e0d55fdb4d15 Pulling fs layer 
 c1cb13b19080 Pulling fs layer 
 873532e5f8c7 Pulling fs layer 
 050d9f8c3b1c Pulling fs layer 
 710e142705f8 Pulling fs layer 
 cb628c265f09 Pulling fs layer 
 dda3d8fbd5ed Waiting 
 283a477db7bb Waiting 
 e0d55fdb4d15 Waiting 
 c1cb13b19080 Waiting 
 873532e5f8c7 Waiting 
 050d9f8c3b1c Waiting 
 710e142705f8 Waiting 
 cb628c265f09 Waiting 
 b0a0cf830b12 Waiting 
 91d2729fa4d5 Waiting 
 9739ced65621 Waiting 
 ae3bb1b347a4 Waiting 
 f8406d9c00ea Waiting 
 b83ce1c86227 Pulling fs layer 
 f94d28849fa3 Pulling fs layer 
 81260b173076 Pulling fs layer 
 f9c0805c25ee Pulling fs layer 
 1008deaf6ec4 Pulling fs layer 
 71e9fc939447 Pulling fs layer 
 c1bc68842c41 Pulling fs layer 
 0288b5a0d7e7 Pulling fs layer 
 34013573f278 Pulling fs layer 
 b83ce1c86227 Waiting 
 71e9fc939447 Waiting 
 f94d28849fa3 Waiting 
 c1bc68842c41 Waiting 
 81260b173076 Waiting 
 f9c0805c25ee Waiting 
 1008deaf6ec4 Waiting 
 0288b5a0d7e7 Waiting 
 34013573f278 Waiting 
 47a60771af96 Downloading [================================>                  ]     719B/1.105kB
 47a60771af96 Download complete 
 4831516dd0cb Downloading [>                                                  ]  282.4kB/28.23MB
 7b28be0c8c4d Downloading [=======================================>           ]     688B/874B
 7b28be0c8c4d Downloading [==================================================>]     874B/874B
 7b28be0c8c4d Verifying Checksum 
 7b28be0c8c4d Download complete 
 edcaff0d5e7e Downloading [>                                                  ]  15.04kB/1.438MB
 22dca8215bc4 Downloading [>                                                  ]  156.7kB/15.35MB
 edcaff0d5e7e Verifying Checksum 
 edcaff0d5e7e Download complete 
 4831516dd0cb Downloading [=======================================>           ]  22.02MB/28.23MB
 4831516dd0cb Verifying Checksum 
 4831516dd0cb Download complete 
 22dca8215bc4 Verifying Checksum 
 22dca8215bc4 Download complete 
 4831516dd0cb Extracting [>                                                  ]  294.9kB/28.23MB
 bbf018d6d4b8 Downloading [==================================================>]      97B/97B
 bbf018d6d4b8 Verifying Checksum 
 bbf018d6d4b8 Download complete 
 4f4fb700ef54 Downloading [==================================================>]      32B/32B
 4f4fb700ef54 Verifying Checksum 
 4f4fb700ef54 Download complete 
 c5761dea9b0e Downloading [==================================================>]     573B/573B
 c5761dea9b0e Verifying Checksum 
 c5761dea9b0e Download complete 
 f9dd052e142d Downloading [>                                                  ]  524.3kB/52.33MB
 4831516dd0cb Extracting [==========>                                        ]  6.193MB/28.23MB
 648eb81b3252 Downloading [=======================>                           ]     720B/1.561kB
 648eb81b3252 Downloading [==================================================>]  1.561kB/1.561kB
 648eb81b3252 Verifying Checksum 
 648eb81b3252 Download complete 
 e8c6d4883897 Downloading [>                                                  ]  44.91kB/4.398MB
 e8c6d4883897 Verifying Checksum 
 e8c6d4883897 Download complete 
 f9dd052e142d Downloading [=============>                                     ]  13.75MB/52.33MB
 4831516dd0cb Extracting [================>                                  ]  9.437MB/28.23MB
 eb77aa907276 Downloading [>                                                  ]  528.2kB/907.7MB
 4f4fb700ef54 Downloading [==================================================>]      32B/32B
 4f4fb700ef54 Verifying Checksum 
 4f4fb700ef54 Download complete 
 f9dd052e142d Downloading [==================================>                ]  36.49MB/52.33MB
 4831516dd0cb Extracting [======================>                            ]  12.68MB/28.23MB
 0ffa8f8aba1e Downloading [==================================================>]     226B/226B
 0ffa8f8aba1e Download complete 
 eb77aa907276 Downloading [=>                                                 ]  21.94MB/907.7MB
 f9dd052e142d Download complete 
 4831516dd0cb Extracting [=================================>                 ]  18.87MB/28.23MB
 f9dd052e142d Extracting [>                                                  ]  524.3kB/52.33MB
 2e81b9cb93cd Downloading [===================>                               ]     708B/1.859kB
 2e81b9cb93cd Downloading [==================================================>]  1.859kB/1.859kB
 2e81b9cb93cd Download complete 
 eb77aa907276 Downloading [==>                                                ]   48.2MB/907.7MB
 b0a0cf830b12 Downloading [>                                                  ]  298.8kB/29.15MB
 dda3d8fbd5ed Downloading [==============================>                    ]     720B/1.165kB
 dda3d8fbd5ed Downloading [==================================================>]  1.165kB/1.165kB
 dda3d8fbd5ed Verifying Checksum 
 dda3d8fbd5ed Download complete 
 f9dd052e142d Extracting [=>                                                 ]  1.049MB/52.33MB
 4831516dd0cb Extracting [=========================================>         ]  23.59MB/28.23MB
 eb77aa907276 Downloading [===>                                               ]  61.59MB/907.7MB
 b0a0cf830b12 Downloading [======================================>            ]  22.68MB/29.15MB
 283a477db7bb Downloading [>                                                  ]  46.24kB/4.533MB
 b0a0cf830b12 Verifying Checksum 
 b0a0cf830b12 Download complete 
 283a477db7bb Verifying Checksum 
 283a477db7bb Download complete 
 f9dd052e142d Extracting [===>                                               ]   3.67MB/52.33MB
 eb77aa907276 Downloading [====>                                              ]  78.17MB/907.7MB
 b0a0cf830b12 Extracting [>                                                  ]  294.9kB/29.15MB
 91d2729fa4d5 Downloading [>                                                  ]  15.73kB/1.45MB
 9739ced65621 Downloading [>                                                  ]  84.02kB/8.069MB
 eb77aa907276 Downloading [=====>                                             ]  97.45MB/907.7MB
 91d2729fa4d5 Verifying Checksum 
 91d2729fa4d5 Download complete 
 4831516dd0cb Extracting [==========================================>        ]  23.89MB/28.23MB
 b0a0cf830b12 Extracting [====>                                              ]  2.359MB/29.15MB
 9739ced65621 Verifying Checksum 
 9739ced65621 Download complete 
 ae3bb1b347a4 Downloading [>                                                  ]  12.99kB/1.196MB
 eb77aa907276 Downloading [======>                                            ]  117.8MB/907.7MB
 4831516dd0cb Extracting [============================================>      ]  25.36MB/28.23MB
 f9dd052e142d Extracting [====>                                              ]  4.719MB/52.33MB
 f8406d9c00ea Downloading [==================================================>]     116B/116B
 f8406d9c00ea Verifying Checksum 
 f8406d9c00ea Download complete 
 b0a0cf830b12 Extracting [========>                                          ]  5.014MB/29.15MB
 ae3bb1b347a4 Verifying Checksum 
 ae3bb1b347a4 Download complete 
 eb77aa907276 Downloading [=======>                                           ]  140.9MB/907.7MB
 4831516dd0cb Extracting [===============================================>   ]  26.84MB/28.23MB
 c199bff16b05 Downloading [===========>                                       ]     720B/3.145kB
 f9dd052e142d Extracting [=====>                                             ]  5.243MB/52.33MB
 c199bff16b05 Downloading [==================================================>]  3.145kB/3.145kB
 c199bff16b05 Verifying Checksum 
 c199bff16b05 Download complete 
 e0d55fdb4d15 Downloading [>                                                  ]  539.9kB/109MB
 b0a0cf830b12 Extracting [===============>                                   ]  8.847MB/29.15MB
 eb77aa907276 Downloading [========>                                          ]  159.6MB/907.7MB
 c1cb13b19080 Downloading [===>                                               ]     688B/9.925kB
 c1cb13b19080 Downloading [==================================================>]  9.925kB/9.925kB
 c1cb13b19080 Verifying Checksum 
 c1cb13b19080 Download complete 
 f9dd052e142d Extracting [=======>                                           ]  7.864MB/52.33MB
 e0d55fdb4d15 Downloading [=====>                                             ]  11.21MB/109MB
 b0a0cf830b12 Extracting [=================>                                 ]  10.32MB/29.15MB
 eb77aa907276 Downloading [=========>                                         ]  177.8MB/907.7MB
 873532e5f8c7 Downloading [==================================================>]     128B/128B
 873532e5f8c7 Verifying Checksum 
 873532e5f8c7 Download complete 
 f9dd052e142d Extracting [===========>                                       ]  12.06MB/52.33MB
 e0d55fdb4d15 Downloading [==========>                                        ]  23.51MB/109MB
 b0a0cf830b12 Extracting [=====================>                             ]  12.39MB/29.15MB
 050d9f8c3b1c Downloading [==================================================>]     169B/169B
 eb77aa907276 Downloading [===========>                                       ]  201.9MB/907.7MB
 050d9f8c3b1c Verifying Checksum 
 050d9f8c3b1c Download complete 
 f9dd052e142d Extracting [===============>                                   ]  16.25MB/52.33MB
 b0a0cf830b12 Extracting [============================>                      ]  16.52MB/29.15MB
 e0d55fdb4d15 Downloading [=============>                                     ]  30.45MB/109MB
 710e142705f8 Downloading [======>                                            ]     720B/5.421kB
 710e142705f8 Downloading [==================================================>]  5.421kB/5.421kB
 710e142705f8 Verifying Checksum 
 710e142705f8 Download complete 
 eb77aa907276 Downloading [============>                                      ]  226.6MB/907.7MB
 f9dd052e142d Extracting [===================>                               ]  20.45MB/52.33MB
 e0d55fdb4d15 Downloading [====================>                              ]  44.36MB/109MB
 b0a0cf830b12 Extracting [===================================>               ]  20.64MB/29.15MB
 cb628c265f09 Downloading [==================================================>]     184B/184B
 cb628c265f09 Verifying Checksum 
 cb628c265f09 Download complete 
 eb77aa907276 Downloading [=============>                                     ]  244.8MB/907.7MB
 4831516dd0cb Extracting [================================================>  ]  27.43MB/28.23MB
 f9dd052e142d Extracting [======================>                            ]  23.07MB/52.33MB
 e0d55fdb4d15 Downloading [===============================>                   ]  67.96MB/109MB
 b0a0cf830b12 Extracting [========================================>          ]  23.59MB/29.15MB
 eb77aa907276 Downloading [==============>                                    ]  272.1MB/907.7MB
 b83ce1c86227 Downloading [>                                                  ]     73kB/7.241MB
 b83ce1c86227 Verifying Checksum 
 b83ce1c86227 Download complete 
 b83ce1c86227 Extracting [>                                                  ]   98.3kB/7.241MB
 e0d55fdb4d15 Downloading [==========================================>        ]  92.64MB/109MB
 4831516dd0cb Extracting [=================================================> ]  28.02MB/28.23MB
 eb77aa907276 Downloading [================>                                  ]  296.2MB/907.7MB
 b0a0cf830b12 Extracting [=========================================>         ]  24.48MB/29.15MB
 f9dd052e142d Extracting [========================>                          ]  25.69MB/52.33MB
 e0d55fdb4d15 Verifying Checksum 
 e0d55fdb4d15 Download complete 
 b83ce1c86227 Extracting [====>                                              ]  688.1kB/7.241MB
 f94d28849fa3 Downloading [>                                                  ]   17.1kB/1.637MB
 eb77aa907276 Downloading [=================>                                 ]  318.2MB/907.7MB
 4831516dd0cb Extracting [==================================================>]  28.23MB/28.23MB
 f94d28849fa3 Verifying Checksum 
 f94d28849fa3 Download complete 
 4831516dd0cb Pull complete 
 47a60771af96 Extracting [==================================================>]  1.105kB/1.105kB
 47a60771af96 Extracting [==================================================>]  1.105kB/1.105kB
 f9dd052e142d Extracting [==========================>                        ]  27.26MB/52.33MB
 81260b173076 Downloading [>                                                  ]  2.087kB/122.7kB
 81260b173076 Verifying Checksum 
 81260b173076 Download complete 
 eb77aa907276 Downloading [==================>                                ]  333.7MB/907.7MB
 b83ce1c86227 Extracting [==============>                                    ]  2.064MB/7.241MB
 b0a0cf830b12 Extracting [==========================================>        ]  24.77MB/29.15MB
 f9c0805c25ee Downloading [>                                                  ]  397.1kB/39.45MB
 1008deaf6ec4 Downloading [>                                                  ]  113.7kB/11.19MB
 eb77aa907276 Downloading [===================>                               ]  352.4MB/907.7MB
 b83ce1c86227 Extracting [=================================>                 ]  4.915MB/7.241MB
 f9dd052e142d Extracting [===========================>                       ]  28.84MB/52.33MB
 1008deaf6ec4 Verifying Checksum 
 1008deaf6ec4 Download complete 
 b0a0cf830b12 Extracting [==============================================>    ]  26.84MB/29.15MB
 f9c0805c25ee Downloading [==============================>                    ]  23.85MB/39.45MB
 eb77aa907276 Downloading [====================>                              ]  364.8MB/907.7MB
 f9c0805c25ee Verifying Checksum 
 f9c0805c25ee Download complete 
 71e9fc939447 Downloading [>                                                  ]  24.36kB/2.402MB
 71e9fc939447 Verifying Checksum 
 71e9fc939447 Download complete 
 eb77aa907276 Downloading [=====================>                             ]  386.7MB/907.7MB
 f9dd052e142d Extracting [============================>                      ]  29.36MB/52.33MB
 b83ce1c86227 Extracting [============================================>      ]   6.39MB/7.241MB
 c1bc68842c41 Downloading [>                                                  ]  2.013kB/180.3kB
 c1bc68842c41 Downloading [==================================================>]  180.3kB/180.3kB
 c1bc68842c41 Verifying Checksum 
 c1bc68842c41 Download complete 
 0288b5a0d7e7 Downloading [===>                                               ]     719B/11.88kB
 0288b5a0d7e7 Downloading [==================================================>]  11.88kB/11.88kB
 0288b5a0d7e7 Verifying Checksum 
 0288b5a0d7e7 Download complete 
 eb77aa907276 Downloading [======================>                            ]  411.9MB/907.7MB
 34013573f278 Downloading [==================================================>]     496B/496B
 34013573f278 Verifying Checksum 
 34013573f278 Download complete 
 b0a0cf830b12 Extracting [===============================================>   ]  27.72MB/29.15MB
 b83ce1c86227 Extracting [============================================>      ]  6.488MB/7.241MB
 eb77aa907276 Downloading [========================>                          ]  439.9MB/907.7MB
 f9dd052e142d Extracting [============================>                      ]  29.88MB/52.33MB
 b83ce1c86227 Extracting [==================================================>]  7.241MB/7.241MB
 b0a0cf830b12 Extracting [================================================>  ]  28.02MB/29.15MB
 eb77aa907276 Downloading [=========================>                         ]  463.5MB/907.7MB
 eb77aa907276 Downloading [=========================>                         ]  471.5MB/907.7MB
 b83ce1c86227 Pull complete 
 eb77aa907276 Downloading [==========================>                        ]  476.4MB/907.7MB
 f94d28849fa3 Extracting [=>                                                 ]  32.77kB/1.637MB
 eb77aa907276 Downloading [===========================>                       ]  491.4MB/907.7MB
 f9dd052e142d Extracting [=============================>                     ]  30.41MB/52.33MB
 f94d28849fa3 Extracting [=======>                                           ]  229.4kB/1.637MB
 eb77aa907276 Downloading [============================>                      ]  520.8MB/907.7MB
 f94d28849fa3 Extracting [==================================================>]  1.637MB/1.637MB
 f94d28849fa3 Extracting [==================================================>]  1.637MB/1.637MB
 f9dd052e142d Extracting [==============================>                    ]  31.98MB/52.33MB
 eb77aa907276 Downloading [=============================>                     ]  543.3MB/907.7MB
 b0a0cf830b12 Extracting [================================================>  ]  28.31MB/29.15MB
 f9dd052e142d Extracting [================================>                  ]  33.55MB/52.33MB
 eb77aa907276 Downloading [===============================>                   ]  563.1MB/907.7MB
 eb77aa907276 Downloading [================================>                  ]  587.4MB/907.7MB
 f9dd052e142d Extracting [==================================>                ]  35.65MB/52.33MB
 eb77aa907276 Downloading [=================================>                 ]  613.6MB/907.7MB
 eb77aa907276 Downloading [==================================>                ]    635MB/907.7MB
 f9dd052e142d Extracting [==================================>                ]  36.18MB/52.33MB
 b0a0cf830b12 Extracting [==================================================>]  29.15MB/29.15MB
 b0a0cf830b12 Pull complete 
 dda3d8fbd5ed Extracting [==================================================>]  1.165kB/1.165kB
 dda3d8fbd5ed Extracting [==================================================>]  1.165kB/1.165kB
 eb77aa907276 Downloading [====================================>              ]    657MB/907.7MB
 f9dd052e142d Extracting [====================================>              ]  37.75MB/52.33MB
 eb77aa907276 Downloading [=====================================>             ]  675.2MB/907.7MB
 f9dd052e142d Extracting [======================================>            ]  40.37MB/52.33MB
 eb77aa907276 Downloading [======================================>            ]    702MB/907.7MB
 f9dd052e142d Extracting [=========================================>         ]  43.52MB/52.33MB
 eb77aa907276 Downloading [========================================>          ]  726.7MB/907.7MB
 eb77aa907276 Downloading [=========================================>         ]  747.1MB/907.7MB
 f9dd052e142d Extracting [============================================>      ]  46.66MB/52.33MB
 eb77aa907276 Downloading [==========================================>        ]  769.7MB/907.7MB
 f9dd052e142d Extracting [===============================================>   ]  49.28MB/52.33MB
 eb77aa907276 Downloading [===========================================>       ]  793.3MB/907.7MB
 eb77aa907276 Downloading [============================================>      ]    811MB/907.7MB
 f9dd052e142d Extracting [=================================================> ]  51.38MB/52.33MB
 eb77aa907276 Downloading [=============================================>     ]  830.3MB/907.7MB
 f9dd052e142d Extracting [=================================================> ]   51.9MB/52.33MB
 eb77aa907276 Downloading [==============================================>    ]  843.7MB/907.7MB
 f9dd052e142d Extracting [==================================================>]  52.33MB/52.33MB
 eb77aa907276 Downloading [===============================================>   ]    864MB/907.7MB
 eb77aa907276 Downloading [================================================>  ]  886.5MB/907.7MB
 eb77aa907276 Downloading [=================================================> ]  906.8MB/907.7MB
 eb77aa907276 Verifying Checksum 
 eb77aa907276 Download complete 
 f9dd052e142d Pull complete 
 e8c6d4883897 Extracting [>                                                  ]  65.54kB/4.398MB
 47a60771af96 Pull complete 
 7b28be0c8c4d Extracting [==================================================>]     874B/874B
 7b28be0c8c4d Extracting [==================================================>]     874B/874B
 e8c6d4883897 Extracting [========>                                          ]  720.9kB/4.398MB
 e8c6d4883897 Extracting [==================>                                ]  1.638MB/4.398MB
 e8c6d4883897 Extracting [===================>                               ]  1.704MB/4.398MB
 e8c6d4883897 Extracting [====================>                              ]  1.835MB/4.398MB
 dda3d8fbd5ed Pull complete 
 7b28be0c8c4d Pull complete 
 f94d28849fa3 Pull complete 
 283a477db7bb Extracting [>                                                  ]  65.54kB/4.533MB
 81260b173076 Extracting [=============>                                     ]  32.77kB/122.7kB
 81260b173076 Extracting [==================================================>]  122.7kB/122.7kB
 81260b173076 Extracting [==================================================>]  122.7kB/122.7kB
 edcaff0d5e7e Extracting [=>                                                 ]  32.77kB/1.438MB
 81260b173076 Pull complete 
 f9c0805c25ee Extracting [>                                                  ]    426kB/39.45MB
 edcaff0d5e7e Extracting [==================================================>]  1.438MB/1.438MB
 edcaff0d5e7e Extracting [==================================================>]  1.438MB/1.438MB
 edcaff0d5e7e Pull complete 
 e8c6d4883897 Extracting [===============================>                   ]  2.753MB/4.398MB
 283a477db7bb Extracting [==================================>                ]  3.146MB/4.533MB
 22dca8215bc4 Extracting [>                                                  ]  163.8kB/15.35MB
 f9c0805c25ee Extracting [======>                                            ]  5.112MB/39.45MB
 283a477db7bb Extracting [==================================================>]  4.533MB/4.533MB
 22dca8215bc4 Extracting [=============>                                     ]  4.096MB/15.35MB
 e8c6d4883897 Extracting [=====================================>             ]  3.342MB/4.398MB
 f9c0805c25ee Extracting [============>                                      ]  10.22MB/39.45MB
 283a477db7bb Pull complete 
 91d2729fa4d5 Extracting [=>                                                 ]  32.77kB/1.45MB
 22dca8215bc4 Extracting [===========================>                       ]   8.52MB/15.35MB
 e8c6d4883897 Extracting [========================================>          ]  3.539MB/4.398MB
 91d2729fa4d5 Extracting [==================================================>]   1.45MB/1.45MB
 e8c6d4883897 Extracting [==================================================>]  4.398MB/4.398MB
 f9c0805c25ee Extracting [=================>                                 ]  14.06MB/39.45MB
 91d2729fa4d5 Pull complete 
 9739ced65621 Extracting [>                                                  ]   98.3kB/8.069MB
 e8c6d4883897 Pull complete 
 648eb81b3252 Extracting [==================================================>]  1.561kB/1.561kB
 648eb81b3252 Extracting [==================================================>]  1.561kB/1.561kB
 648eb81b3252 Pull complete 
 22dca8215bc4 Extracting [===========================================>       ]  13.27MB/15.35MB
 f9c0805c25ee Extracting [======================>                            ]  17.47MB/39.45MB
 9739ced65621 Extracting [=================>                                 ]  2.851MB/8.069MB
 22dca8215bc4 Extracting [==================================================>]  15.35MB/15.35MB
 eb77aa907276 Extracting [>                                                  ]  557.1kB/907.7MB
 22dca8215bc4 Pull complete 
 bbf018d6d4b8 Extracting [==================================================>]      97B/97B
 bbf018d6d4b8 Extracting [==================================================>]      97B/97B
 bbf018d6d4b8 Pull complete 
 4f4fb700ef54 Extracting [==================================================>]      32B/32B
 4f4fb700ef54 Extracting [==================================================>]      32B/32B
 4f4fb700ef54 Pull complete 
 c5761dea9b0e Extracting [==================================================>]     573B/573B
 c5761dea9b0e Extracting [==================================================>]     573B/573B
 c5761dea9b0e Pull complete 
 f9c0805c25ee Extracting [=============================>                     ]     23MB/39.45MB
 redis Pulled 
 9739ced65621 Extracting [=======================>                           ]  3.834MB/8.069MB
 eb77aa907276 Extracting [>                                                  ]  10.03MB/907.7MB
 9739ced65621 Extracting [==============================>                    ]  4.915MB/8.069MB
 eb77aa907276 Extracting [=>                                                 ]  26.18MB/907.7MB
 f9c0805c25ee Extracting [======================================>            ]  30.24MB/39.45MB
 9739ced65621 Extracting [=====================================>             ]  6.095MB/8.069MB
 eb77aa907276 Extracting [==>                                                ]  41.22MB/907.7MB
 f9c0805c25ee Extracting [==============================================>    ]  37.06MB/39.45MB
 f9c0805c25ee Extracting [==================================================>]  39.45MB/39.45MB
 9739ced65621 Extracting [=================================================> ]  8.061MB/8.069MB
 9739ced65621 Extracting [==================================================>]  8.069MB/8.069MB
 eb77aa907276 Extracting [===>                                               ]  55.15MB/907.7MB
 f9c0805c25ee Pull complete 
 1008deaf6ec4 Extracting [>                                                  ]  131.1kB/11.19MB
 9739ced65621 Pull complete 
 ae3bb1b347a4 Extracting [=>                                                 ]  32.77kB/1.196MB
 ae3bb1b347a4 Extracting [==================================================>]  1.196MB/1.196MB
 ae3bb1b347a4 Extracting [==================================================>]  1.196MB/1.196MB
 eb77aa907276 Extracting [===>                                               ]  68.52MB/907.7MB
 1008deaf6ec4 Extracting [========================>                          ]  5.374MB/11.19MB
 ae3bb1b347a4 Pull complete 
 f8406d9c00ea Extracting [==================================================>]     116B/116B
 f8406d9c00ea Extracting [==================================================>]     116B/116B
 f8406d9c00ea Pull complete 
 c199bff16b05 Extracting [==================================================>]  3.145kB/3.145kB
 c199bff16b05 Extracting [==================================================>]  3.145kB/3.145kB
 c199bff16b05 Pull complete 
 eb77aa907276 Extracting [====>                                              ]  81.33MB/907.7MB
 1008deaf6ec4 Extracting [==============================================>    ]  10.49MB/11.19MB
 1008deaf6ec4 Extracting [==================================================>]  11.19MB/11.19MB
 1008deaf6ec4 Pull complete 
 71e9fc939447 Extracting [>                                                  ]  32.77kB/2.402MB
 71e9fc939447 Extracting [==================================================>]  2.402MB/2.402MB
 e0d55fdb4d15 Extracting [>                                                  ]  557.1kB/109MB
 71e9fc939447 Pull complete 
 c1bc68842c41 Extracting [=========>                                         ]  32.77kB/180.3kB
 c1bc68842c41 Extracting [==================================================>]  180.3kB/180.3kB
 c1bc68842c41 Extracting [==================================================>]  180.3kB/180.3kB
 c1bc68842c41 Pull complete 
 0288b5a0d7e7 Extracting [==================================================>]  11.88kB/11.88kB
 0288b5a0d7e7 Extracting [==================================================>]  11.88kB/11.88kB
 eb77aa907276 Extracting [====>                                              ]  84.67MB/907.7MB
 0288b5a0d7e7 Pull complete 
 34013573f278 Extracting [==================================================>]     496B/496B
 34013573f278 Extracting [==================================================>]     496B/496B
 34013573f278 Pull complete 
 minio Pulled 
 e0d55fdb4d15 Extracting [==>                                                ]  5.014MB/109MB
 eb77aa907276 Extracting [=====>                                             ]  93.59MB/907.7MB
 e0d55fdb4d15 Extracting [====>                                              ]  8.913MB/109MB
 eb77aa907276 Extracting [=====>                                             ]  101.4MB/907.7MB
 eb77aa907276 Extracting [======>                                            ]  109.2MB/907.7MB
 e0d55fdb4d15 Extracting [=====>                                             ]  12.81MB/109MB
 eb77aa907276 Extracting [======>                                            ]    117MB/907.7MB
 e0d55fdb4d15 Extracting [=======>                                           ]  16.71MB/109MB
 eb77aa907276 Extracting [======>                                            ]  124.8MB/907.7MB
 e0d55fdb4d15 Extracting [=========>                                         ]  21.73MB/109MB
 eb77aa907276 Extracting [=======>                                           ]    132MB/907.7MB
 e0d55fdb4d15 Extracting [===========>                                       ]  25.62MB/109MB
 eb77aa907276 Extracting [=======>                                           ]  138.7MB/907.7MB
 e0d55fdb4d15 Extracting [==============>                                    ]  32.31MB/109MB
 e0d55fdb4d15 Extracting [==================>                                ]  40.11MB/109MB
 eb77aa907276 Extracting [========>                                          ]  145.4MB/907.7MB
 eb77aa907276 Extracting [========>                                          ]  151.5MB/907.7MB
 e0d55fdb4d15 Extracting [======================>                            ]  48.46MB/109MB
 eb77aa907276 Extracting [========>                                          ]  158.8MB/907.7MB
 e0d55fdb4d15 Extracting [========================>                          ]  52.92MB/109MB
 eb77aa907276 Extracting [=========>                                         ]  174.9MB/907.7MB
 e0d55fdb4d15 Extracting [==========================>                        ]  57.38MB/109MB
 eb77aa907276 Extracting [==========>                                        ]  192.2MB/907.7MB
 e0d55fdb4d15 Extracting [=============================>                     ]   63.5MB/109MB
 eb77aa907276 Extracting [===========>                                       ]  208.3MB/907.7MB
 e0d55fdb4d15 Extracting [=================================>                 ]  72.42MB/109MB
 eb77aa907276 Extracting [============>                                      ]  218.4MB/907.7MB
 e0d55fdb4d15 Extracting [====================================>              ]  79.66MB/109MB
 eb77aa907276 Extracting [============>                                      ]    229MB/907.7MB
 e0d55fdb4d15 Extracting [========================================>          ]  88.01MB/109MB
 eb77aa907276 Extracting [=============>                                     ]  236.7MB/907.7MB
 e0d55fdb4d15 Extracting [==========================================>        ]  93.03MB/109MB
 eb77aa907276 Extracting [=============>                                     ]  246.8MB/907.7MB
 e0d55fdb4d15 Extracting [============================================>      ]  96.93MB/109MB
 eb77aa907276 Extracting [==============>                                    ]  262.9MB/907.7MB
 e0d55fdb4d15 Extracting [=============================================>     ]  99.71MB/109MB
 eb77aa907276 Extracting [===============>                                   ]  280.8MB/907.7MB
 eb77aa907276 Extracting [================>                                  ]  301.9MB/907.7MB
 e0d55fdb4d15 Extracting [===============================================>   ]  103.1MB/109MB
 eb77aa907276 Extracting [=================>                                 ]  320.3MB/907.7MB
 e0d55fdb4d15 Extracting [===============================================>   ]  104.2MB/109MB
 eb77aa907276 Extracting [==================>                                ]  338.1MB/907.7MB
 e0d55fdb4d15 Extracting [================================================>  ]  105.8MB/109MB
 eb77aa907276 Extracting [===================>                               ]    356MB/907.7MB
 eb77aa907276 Extracting [====================>                              ]  363.8MB/907.7MB
 eb77aa907276 Extracting [====================>                              ]  370.4MB/907.7MB
 e0d55fdb4d15 Extracting [=================================================> ]  107.5MB/109MB
 eb77aa907276 Extracting [=====================>                             ]  382.1MB/907.7MB
 e0d55fdb4d15 Extracting [=================================================> ]  108.6MB/109MB
 eb77aa907276 Extracting [======================>                            ]  401.1MB/907.7MB
 e0d55fdb4d15 Extracting [==================================================>]    109MB/109MB
 eb77aa907276 Extracting [=======================>                           ]  422.2MB/907.7MB
 eb77aa907276 Extracting [========================>                          ]  448.4MB/907.7MB
 eb77aa907276 Extracting [==========================>                        ]  474.1MB/907.7MB
 eb77aa907276 Extracting [===========================>                       ]  501.9MB/907.7MB
 eb77aa907276 Extracting [=============================>                     ]  528.6MB/907.7MB
 eb77aa907276 Extracting [==============================>                    ]  555.9MB/907.7MB
 eb77aa907276 Extracting [================================>                  ]  582.1MB/907.7MB
 eb77aa907276 Extracting [=================================>                 ]  608.9MB/907.7MB
 eb77aa907276 Extracting [===================================>               ]  635.6MB/907.7MB
 eb77aa907276 Extracting [====================================>              ]  662.3MB/907.7MB
 eb77aa907276 Extracting [=====================================>             ]  689.6MB/907.7MB
 eb77aa907276 Extracting [=======================================>           ]  714.1MB/907.7MB
 eb77aa907276 Extracting [=======================================>           ]  725.8MB/907.7MB
 eb77aa907276 Extracting [=========================================>         ]  747.6MB/907.7MB
 eb77aa907276 Extracting [==========================================>        ]  768.2MB/907.7MB
 eb77aa907276 Extracting [===========================================>       ]  788.8MB/907.7MB
 eb77aa907276 Extracting [============================================>      ]  809.4MB/907.7MB
 eb77aa907276 Extracting [=============================================>     ]  829.5MB/907.7MB
 eb77aa907276 Extracting [==============================================>    ]  849.5MB/907.7MB
 eb77aa907276 Extracting [===============================================>   ]  870.1MB/907.7MB
 eb77aa907276 Extracting [=================================================> ]  892.4MB/907.7MB
 eb77aa907276 Extracting [==================================================>]  907.7MB/907.7MB
 e0d55fdb4d15 Pull complete 
 c1cb13b19080 Extracting [==================================================>]  9.925kB/9.925kB
 c1cb13b19080 Extracting [==================================================>]  9.925kB/9.925kB
 eb77aa907276 Pull complete 
 4f4fb700ef54 Extracting [==================================================>]      32B/32B
 4f4fb700ef54 Extracting [==================================================>]      32B/32B
 c1cb13b19080 Pull complete 
 4f4fb700ef54 Pull complete 
 873532e5f8c7 Extracting [==================================================>]     128B/128B
 873532e5f8c7 Extracting [==================================================>]     128B/128B
 0ffa8f8aba1e Extracting [==================================================>]     226B/226B
 0ffa8f8aba1e Extracting [==================================================>]     226B/226B
 873532e5f8c7 Pull complete 
 0ffa8f8aba1e Pull complete 
 050d9f8c3b1c Extracting [==================================================>]     169B/169B
 050d9f8c3b1c Extracting [==================================================>]     169B/169B
 2e81b9cb93cd Extracting [==================================================>]  1.859kB/1.859kB
 2e81b9cb93cd Extracting [==================================================>]  1.859kB/1.859kB
 050d9f8c3b1c Pull complete 
 710e142705f8 Extracting [==================================================>]  5.421kB/5.421kB
 710e142705f8 Extracting [==================================================>]  5.421kB/5.421kB
 2e81b9cb93cd Pull complete 
 opensearch Pulled 
 710e142705f8 Pull complete 
 cb628c265f09 Extracting [==================================================>]     184B/184B
 cb628c265f09 Extracting [==================================================>]     184B/184B
 cb628c265f09 Pull complete 
 postgresql Pulled 
 Network docker_services_cli_default  Creating
 Network docker_services_cli_default  Created
 Container docker_services_cli-postgresql-1  Creating
 Container docker_services_cli-opensearch-1  Creating
 Container docker_services_cli-minio-1  Creating
 Container docker_services_cli-redis-1  Creating
 Container docker_services_cli-redis-1  Created
 Container docker_services_cli-minio-1  Created
 Container docker_services_cli-postgresql-1  Created
 Container docker_services_cli-opensearch-1  Created
 Container docker_services_cli-opensearch-1  Starting
 Container docker_services_cli-redis-1  Starting
 Container docker_services_cli-postgresql-1  Starting
 Container docker_services_cli-minio-1  Starting
 Container docker_services_cli-redis-1  Started
 Container docker_services_cli-postgresql-1  Started
 Container docker_services_cli-opensearch-1  Started
 Container docker_services_cli-minio-1  Started
::warning file=/home/runner/work/test-zip-extract-repository/test-zip-extract-repository/workdir/tests/invenio-records-resources/original/.venv/lib/python3.14/site-packages/edtf/parser/grammar.py,line=9::'enablePackrat' deprecated - use 'enable_packrat'
::warning file=/home/runner/work/test-zip-extract-repository/test-zip-extract-repository/workdir/tests/invenio-records-resources/original/.venv/lib/python3.14/site-packages/edtf/parser/grammar.py,line=52::'oneOf' deprecated - use 'one_of'
::warning file=/home/runner/work/test-zip-extract-repository/test-zip-extract-repository/workdir/tests/invenio-records-resources/original/.venv/lib/python3.14/site-packages/edtf/parser/grammar.py,line=53::'oneOf' deprecated - use 'one_of'
::warning file=/home/runner/work/test-zip-extract-repository/test-zip-extract-repository/workdir/tests/invenio-records-resources/original/.venv/lib/python3.14/site-packages/edtf/parser/grammar.py,line=54::'oneOf' deprecated - use 'one_of'
::warning file=/home/runner/work/test-zip-extract-repository/test-zip-extract-repository/workdir/tests/invenio-records-resources/original/.venv/lib/python3.14/site-packages/edtf/parser/grammar.py,line=55::'oneOf' deprecated - use 'one_of'
::warning file=/home/runner/work/test-zip-extract-repository/test-zip-extract-repository/workdir/tests/invenio-records-resources/original/.venv/lib/python3.14/site-packages/edtf/parser/grammar.py,line=56::'oneOf' deprecated - use 'one_of'
::warning file=/home/runner/work/test-zip-extract-repository/test-zip-extract-repository/workdir/tests/invenio-records-resources/original/.venv/lib/python3.14/site-packages/edtf/parser/grammar.py,line=57::'oneOf' deprecated - use 'one_of'
::warning file=/home/runner/work/test-zip-extract-repository/test-zip-extract-repository/workdir/tests/invenio-records-resources/original/.venv/lib/python3.14/site-packages/edtf/parser/grammar.py,line=58::'oneOf' deprecated - use 'one_of'
::warning file=/home/runner/work/test-zip-extract-repository/test-zip-extract-repository/workdir/tests/invenio-records-resources/original/.venv/lib/python3.14/site-packages/edtf/parser/grammar.py,line=59::'oneOf' deprecated - use 'one_of'
::warning file=/home/runner/work/test-zip-extract-repository/test-zip-extract-repository/workdir/tests/invenio-records-resources/original/.venv/lib/python3.14/site-packages/edtf/parser/grammar.py,line=60::'oneOf' deprecated - use 'one_of'
::warning file=/home/runner/work/test-zip-extract-repository/test-zip-extract-repository/workdir/tests/invenio-records-resources/original/.venv/lib/python3.14/site-packages/edtf/parser/grammar.py,line=63::'excludeChars' argument is deprecated, use 'exclude_chars'
::warning file=/home/runner/work/test-zip-extract-repository/test-zip-extract-repository/workdir/tests/invenio-records-resources/original/.venv/lib/python3.14/site-packages/edtf/parser/grammar.py,line=73::'oneOf' deprecated - use 'one_of'
::warning file=/home/runner/work/test-zip-extract-repository/test-zip-extract-repository/workdir/tests/invenio-records-resources/original/.venv/lib/python3.14/site-packages/edtf/parser/grammar.py,line=74::'oneOf' deprecated - use 'one_of'
::warning file=/home/runner/work/test-zip-extract-repository/test-zip-extract-repository/workdir/tests/invenio-records-resources/original/.venv/lib/python3.14/site-packages/edtf/parser/parser_classes.py,line=103::'addParseAction' deprecated - use 'add_parse_action'
::warning file=/home/runner/work/test-zip-extract-repository/test-zip-extract-repository/workdir/tests/invenio-records-resources/original/.venv/lib/python3.14/site-packages/edtf/parser/parser_classes.py,line=103::'addParseAction' deprecated - use 'add_parse_action'
::warning file=/home/runner/work/test-zip-extract-repository/test-zip-extract-repository/workdir/tests/invenio-records-resources/original/.venv/lib/python3.14/site-packages/edtf/parser/parser_classes.py,line=103::'addParseAction' deprecated - use 'add_parse_action'
::warning file=/home/runner/work/test-zip-extract-repository/test-zip-extract-repository/workdir/tests/invenio-records-resources/original/.venv/lib/python3.14/site-packages/edtf/parser/grammar.py,line=119::'oneOf' deprecated - use 'one_of'
::warning file=/home/runner/work/test-zip-extract-repository/test-zip-extract-repository/workdir/tests/invenio-records-resources/original/.venv/lib/python3.14/site-packages/edtf/parser/parser_classes.py,line=103::'addParseAction' deprecated - use 'add_parse_action'
::warning file=/home/runner/work/test-zip-extract-repository/test-zip-extract-repository/workdir/tests/invenio-records-resources/original/.venv/lib/python3.14/site-packages/edtf/parser/grammar.py,line=122::'oneOf' deprecated - use 'one_of'
::warning file=/home/runner/work/test-zip-extract-repository/test-zip-extract-repository/workdir/tests/invenio-records-resources/original/.venv/lib/python3.14/site-packages/edtf/parser/parser_classes.py,line=103::'addParseAction' deprecated - use 'add_parse_action'
::warning file=/home/runner/work/test-zip-extract-repository/test-zip-extract-repository/workdir/tests/invenio-records-resources/original/.venv/lib/python3.14/site-packages/edtf/parser/parser_classes.py,line=103::'addParseAction' deprecated - use 'add_parse_action'
::warning file=/home/runner/work/test-zip-extract-repository/test-zip-extract-repository/workdir/tests/invenio-records-resources/original/.venv/lib/python3.14/site-packages/edtf/parser/grammar.py,line=155::'addParseAction' deprecated - use 'add_parse_action'
::warning file=/home/runner/work/test-zip-extract-repository/test-zip-extract-repository/workdir/tests/invenio-records-resources/original/.venv/lib/python3.14/site-packages/edtf/parser/grammar.py,line=157::'addParseAction' deprecated - use 'add_parse_action'
::warning file=/home/runner/work/test-zip-extract-repository/test-zip-extract-repository/workdir/tests/invenio-records-resources/original/.venv/lib/python3.14/site-packages/edtf/parser/parser_classes.py,line=103::'addParseAction' deprecated - use 'add_parse_action'
::warning file=/home/runner/work/test-zip-extract-repository/test-zip-extract-repository/workdir/tests/invenio-records-resources/original/.venv/lib/python3.14/site-packages/edtf/parser/parser_classes.py,line=103::'addParseAction' deprecated - use 'add_parse_action'
::warning file=/home/runner/work/test-zip-extract-repository/test-zip-extract-repository/workdir/tests/invenio-records-resources/original/.venv/lib/python3.14/site-packages/edtf/parser/parser_classes.py,line=103::'addParseAction' deprecated - use 'add_parse_action'
::warning file=/home/runner/work/test-zip-extract-repository/test-zip-extract-repository/workdir/tests/invenio-records-resources/original/.venv/lib/python3.14/site-packages/edtf/parser/grammar.py,line=199::'oneOf' deprecated - use 'one_of'
::warning file=/home/runner/work/test-zip-extract-repository/test-zip-extract-repository/workdir/tests/invenio-records-resources/original/.venv/lib/python3.14/site-packages/edtf/parser/parser_classes.py,line=103::'addParseAction' deprecated - use 'add_parse_action'
::warning file=/home/runner/work/test-zip-extract-repository/test-zip-extract-repository/workdir/tests/invenio-records-resources/original/.venv/lib/python3.14/site-packages/edtf/parser/parser_classes.py,line=103::'addParseAction' deprecated - use 'add_parse_action'
::warning file=/home/runner/work/test-zip-extract-repository/test-zip-extract-repository/workdir/tests/invenio-records-resources/original/.venv/lib/python3.14/site-packages/edtf/parser/parser_classes.py,line=103::'addParseAction' deprecated - use 'add_parse_action'
::warning file=/home/runner/work/test-zip-extract-repository/test-zip-extract-repository/workdir/tests/invenio-records-resources/original/.venv/lib/python3.14/site-packages/edtf/parser/parser_classes.py,line=103::'addParseAction' deprecated - use 'add_parse_action'
::warning file=/home/runner/work/test-zip-extract-repository/test-zip-extract-repository/workdir/tests/invenio-records-resources/original/.venv/lib/python3.14/site-packages/edtf/parser/parser_classes.py,line=103::'addParseAction' deprecated - use 'add_parse_action'
::warning file=/home/runner/work/test-zip-extract-repository/test-zip-extract-repository/workdir/tests/invenio-records-resources/original/.venv/lib/python3.14/site-packages/edtf/parser/grammar.py,line=303::'addParseAction' deprecated - use 'add_parse_action'
::warning file=/home/runner/work/test-zip-extract-repository/test-zip-extract-repository/workdir/tests/invenio-records-resources/original/.venv/lib/python3.14/site-packages/edtf/parser/grammar.py,line=303::'addParseAction' deprecated - use 'add_parse_action'
::warning file=/home/runner/work/test-zip-extract-repository/test-zip-extract-repository/workdir/tests/invenio-records-resources/original/.venv/lib/python3.14/site-packages/edtf/parser/grammar.py,line=304::'addParseAction' deprecated - use 'add_parse_action'
::warning file=/home/runner/work/test-zip-extract-repository/test-zip-extract-repository/workdir/tests/invenio-records-resources/original/.venv/lib/python3.14/site-packages/edtf/parser/grammar.py,line=304::'addParseAction' deprecated - use 'add_parse_action'
::warning file=/home/runner/work/test-zip-extract-repository/test-zip-extract-repository/workdir/tests/invenio-records-resources/original/.venv/lib/python3.14/site-packages/edtf/parser/parser_classes.py,line=103::'addParseAction' deprecated - use 'add_parse_action'
::warning file=/home/runner/work/test-zip-extract-repository/test-zip-extract-repository/workdir/tests/invenio-records-resources/original/.venv/lib/python3.14/site-packages/edtf/parser/parser_classes.py,line=103::'addParseAction' deprecated - use 'add_parse_action'
::warning file=/home/runner/work/test-zip-extract-repository/test-zip-extract-repository/workdir/tests/invenio-records-resources/original/.venv/lib/python3.14/site-packages/edtf/parser/parser_classes.py,line=103::'addParseAction' deprecated - use 'add_parse_action'
::warning file=/home/runner/work/test-zip-extract-repository/test-zip-extract-repository/workdir/tests/invenio-records-resources/original/.venv/lib/python3.14/site-packages/edtf/parser/parser_classes.py,line=103::'addParseAction' deprecated - use 'add_parse_action'
::warning file=/home/runner/work/test-zip-extract-repository/test-zip-extract-repository/workdir/tests/invenio-records-resources/original/.venv/lib/python3.14/site-packages/edtf/parser/grammar.py,line=325::'oneOf' deprecated - use 'one_of'
::warning file=/home/runner/work/test-zip-extract-repository/test-zip-extract-repository/workdir/tests/invenio-records-resources/original/.venv/lib/python3.14/site-packages/edtf/parser/parser_classes.py,line=103::'addParseAction' deprecated - use 'add_parse_action'
============================= test session starts ==============================
platform linux -- Python 3.14.2, pytest-8.4.2, pluggy-1.6.0
rootdir: /home/runner/work/test-zip-extract-repository/test-zip-extract-repository/workdir/tests/invenio-records-resources/original
configfile: setup.cfg
testpaths: docs, tests, invenio_records_resources
plugins: github-actions-annotate-failures-0.3.0, black-0.6.0, pycodestyle-2.5.0, flask-1.3.0, isort-4.0.0, cov-7.0.0, invenio-4.0.0, mock-3.15.1, pydocstyle-2.4.0
collected 259 items

tests/factories/test_factory.py ...::warning file=/home/runner/work/test-zip-extract-repository/test-zip-extract-repository/workdir/tests/invenio-records-resources/original/.venv/lib/python3.14/site-packages/flask_sqlalchemy/model.py,line=144::This declarative base already contains a class with the same class name and module name as invenio_records_resources.factories.factory.MyRecordMetadata, and will be replaced in the string-lookup table.
.......                               [  3%]
tests/factories/test_service.py .                                        [  4%]
tests/records/test_api.py .::warning file=/home/runner/work/test-zip-extract-repository/test-zip-extract-repository/workdir/tests/invenio-records-resources/original/.venv/lib/python3.14/site-packages/invenio_rest/ext.py,line=29::CSRF validation will be enabled by default in the version 1.3.x
...                                           [  5%]
tests/records/test_dumpers.py .::warning file=/home/runner/work/test-zip-extract-repository/test-zip-extract-repository/workdir/tests/invenio-records-resources/original/.venv/lib/python3.14/site-packages/invenio_rest/ext.py,line=29::CSRF validation will be enabled by default in the version 1.3.x
::warning file=/home/runner/work/test-zip-extract-repository/test-zip-extract-repository/workdir/tests/invenio-records-resources/original/.venv/lib/python3.14/site-packages/edtf/parser/grammar.py,line=352::'parseString' deprecated - use 'parse_string'
                                          [  6%]
tests/records/test_systemfield_files.py ..::warning file=/home/runner/work/test-zip-extract-repository/test-zip-extract-repository/workdir/tests/invenio-records-resources/original/.venv/lib/python3.14/site-packages/invenio_rest/ext.py,line=29::CSRF validation will be enabled by default in the version 1.3.x
............                   [ 11%]
tests/records/test_systemfield_index.py ..::warning file=/home/runner/work/test-zip-extract-repository/test-zip-extract-repository/workdir/tests/invenio-records-resources/original/.venv/lib/python3.14/site-packages/invenio_rest/ext.py,line=29::CSRF validation will be enabled by default in the version 1.3.x
.                              [ 12%]
tests/records/test_systemfield_modelpid.py ..::warning file=/home/runner/work/test-zip-extract-repository/test-zip-extract-repository/workdir/tests/invenio-records-resources/original/.venv/lib/python3.14/site-packages/invenio_rest/ext.py,line=29::CSRF validation will be enabled by default in the version 1.3.x
..                          [ 14%]
tests/records/test_systemfield_pid.py ..::warning file=/home/runner/work/test-zip-extract-repository/test-zip-extract-repository/workdir/tests/invenio-records-resources/original/.venv/lib/python3.14/site-packages/invenio_rest/ext.py,line=29::CSRF validation will be enabled by default in the version 1.3.x
.....                            [ 16%]
tests/records/test_systemfield_pidstatus.py ..::warning file=/home/runner/work/test-zip-extract-repository/test-zip-extract-repository/workdir/tests/invenio-records-resources/original/.venv/lib/python3.14/site-packages/invenio_rest/ext.py,line=29::CSRF validation will be enabled by default in the version 1.3.x
.                          [ 18%]
tests/resources/files/test_zip.py .::warning file=/home/runner/work/test-zip-extract-repository/test-zip-extract-repository/workdir/tests/invenio-records-resources/original/.venv/lib/python3.14/site-packages/invenio_rest/ext.py,line=29::CSRF validation will be enabled by default in the version 1.3.x
...                                   [ 19%]
tests/resources/test_files_resource.py .::warning file=/home/runner/work/test-zip-extract-repository/test-zip-extract-repository/workdir/tests/invenio-records-resources/original/.venv/lib/python3.14/site-packages/invenio_rest/ext.py,line=29::CSRF validation will be enabled by default in the version 1.3.x
...........                      [ 24%]
tests/resources/test_resource_faceting.py .::warning file=/home/runner/work/test-zip-extract-repository/test-zip-extract-repository/workdir/tests/invenio-records-resources/original/.venv/lib/python3.14/site-packages/invenio_rest/ext.py,line=29::CSRF validation will be enabled by default in the version 1.3.x
....                          [ 26%]
tests/resources/test_resource_links.py .::warning file=/home/runner/work/test-zip-extract-repository/test-zip-extract-repository/workdir/tests/invenio-records-resources/original/.venv/lib/python3.14/site-packages/invenio_rest/ext.py,line=29::CSRF validation will be enabled by default in the version 1.3.x
..                               [ 27%]
tests/resources/test_resource_pagination.py .::warning file=/home/runner/work/test-zip-extract-repository/test-zip-extract-repository/workdir/tests/invenio-records-resources/original/.venv/lib/python3.14/site-packages/invenio_rest/ext.py,line=29::CSRF validation will be enabled by default in the version 1.3.x
.........                   [ 31%]
tests/resources/test_resource_preference.py .::warning file=/home/runner/work/test-zip-extract-repository/test-zip-extract-repository/workdir/tests/invenio-records-resources/original/.venv/lib/python3.14/site-packages/invenio_rest/ext.py,line=29::CSRF validation will be enabled by default in the version 1.3.x
                            [ 31%]
tests/resources/test_resource_sorting.py .::warning file=/home/runner/work/test-zip-extract-repository/test-zip-extract-repository/workdir/tests/invenio-records-resources/original/.venv/lib/python3.14/site-packages/invenio_rest/ext.py,line=29::CSRF validation will be enabled by default in the version 1.3.x
.....                          [ 33%]
tests/resources/test_resources.py .::warning file=/home/runner/work/test-zip-extract-repository/test-zip-extract-repository/workdir/tests/invenio-records-resources/original/.venv/lib/python3.14/site-packages/invenio_rest/ext.py,line=29::CSRF validation will be enabled by default in the version 1.3.x
...                                   [ 35%]
tests/resources/test_resources_etag.py .::warning file=/home/runner/work/test-zip-extract-repository/test-zip-extract-repository/workdir/tests/invenio-records-resources/original/.venv/lib/python3.14/site-packages/invenio_rest/ext.py,line=29::CSRF validation will be enabled by default in the version 1.3.x
.                                [ 36%]
tests/services/custom_fields/test_base_cf.py .                           [ 36%]
tests/services/custom_fields/test_boolean_cf.py ....                     [ 38%]
tests/services/custom_fields/test_date_cf.py .....::warning file=/home/runner/work/test-zip-extract-repository/test-zip-extract-repository/workdir/tests/invenio-records-resources/original/.venv/lib/python3.14/site-packages/edtf/parser/grammar.py,line=352::'parseString' deprecated - use 'parse_string'
::warning file=/home/runner/work/test-zip-extract-repository/test-zip-extract-repository/workdir/tests/invenio-records-resources/original/.venv/lib/python3.14/site-packages/edtf/parser/grammar.py,line=352::'parseString' deprecated - use 'parse_string'
::warning file=/home/runner/work/test-zip-extract-repository/test-zip-extract-repository/workdir/tests/invenio-records-resources/original/.venv/lib/python3.14/site-packages/edtf/parser/grammar.py,line=352::'parseString' deprecated - use 'parse_string'
::warning file=/home/runner/work/test-zip-extract-repository/test-zip-extract-repository/workdir/tests/invenio-records-resources/original/.venv/lib/python3.14/site-packages/edtf/parser/grammar.py,line=352::'parseString' deprecated - use 'parse_string'
::warning file=/home/runner/work/test-zip-extract-repository/test-zip-extract-repository/workdir/tests/invenio-records-resources/original/.venv/lib/python3.14/site-packages/edtf/parser/grammar.py,line=352::'parseString' deprecated - use 'parse_string'
..::warning file=/home/runner/work/test-zip-extract-repository/test-zip-extract-repository/workdir/tests/invenio-records-resources/original/.venv/lib/python3.14/site-packages/edtf/parser/grammar.py,line=352::'parseString' deprecated - use 'parse_string'
.                    [ 41%]
tests/services/custom_fields/test_number_cf.py ......                    [ 43%]
tests/services/custom_fields/test_schema_cf.py .::warning file=/home/runner/work/test-zip-extract-repository/test-zip-extract-repository/workdir/tests/invenio-records-resources/original/.venv/lib/python3.14/site-packages/invenio_rest/ext.py,line=29::CSRF validation will be enabled by default in the version 1.3.x
                         [ 44%]
tests/services/custom_fields/test_text_cf.py ........                    [ 47%]
tests/services/custom_fields/test_validate.py ..                         [ 47%]
tests/services/files/s3/test_service_s3_backend.py .::warning file=/home/runner/work/test-zip-extract-repository/test-zip-extract-repository/workdir/tests/invenio-records-resources/original/.venv/lib/python3.14/site-packages/invenio_rest/ext.py,line=29::CSRF validation will be enabled by default in the version 1.3.x
::warning file=/home/runner/work/test-zip-extract-repository/test-zip-extract-repository/workdir/tests/invenio-records-resources/original/.venv/lib/python3.14/site-packages/invenio_files_rest/storage/pyfs.py,line=170::The _get_fs method is deprecated and will be removed. Please implement the abstract FileStorage instead of extending the PyFSFileStorage class.
                     [ 48%]
tests/services/files/test_file_extractors.py .::warning file=/home/runner/work/test-zip-extract-repository/test-zip-extract-repository/workdir/tests/invenio-records-resources/original/.venv/lib/python3.14/site-packages/invenio_rest/ext.py,line=29::CSRF validation will be enabled by default in the version 1.3.x
.                          [ 49%]
tests/services/files/test_file_results.py ss                             [ 49%]
tests/services/files/test_file_service.py .::warning file=/home/runner/work/test-zip-extract-repository/test-zip-extract-repository/workdir/tests/invenio-records-resources/original/.venv/lib/python3.14/site-packages/invenio_rest/ext.py,line=29::CSRF validation will be enabled by default in the version 1.3.x
............::warning file=/home/runner/work/test-zip-extract-repository/test-zip-extract-repository/workdir/tests/invenio-records-resources/original/.venv/lib/python3.14/site-packages/invenio_files_rest/models.py,line=719::Object of type <ObjectVersion> not in session, add operation along 'Bucket.objects' will not proceed (This warning originated from the Session 'autoflush' process, which was invoked automatically in response to a user-initiated operation. Consider using ``no_autoflush`` context manager if this warning happened while initializing objects.)
.::warning file=/home/runner/work/test-zip-extract-repository/test-zip-extract-repository/workdir/tests/invenio-records-resources/original/.venv/lib/python3.14/site-packages/invenio_files_rest/models.py,line=719::Object of type <ObjectVersion> not in session, add operation along 'Bucket.objects' will not proceed (This warning originated from the Session 'autoflush' process, which was invoked automatically in response to a user-initiated operation. Consider using ``no_autoflush`` context manager if this warning happened while initializing objects.)
..               [ 55%]
tests/services/files/test_files_options.py .::warning file=/home/runner/work/test-zip-extract-repository/test-zip-extract-repository/workdir/tests/invenio-records-resources/original/.venv/lib/python3.14/site-packages/invenio_rest/ext.py,line=29::CSRF validation will be enabled by default in the version 1.3.x
....                         [ 57%]
tests/services/files/test_files_processing.py .::warning file=/home/runner/work/test-zip-extract-repository/test-zip-extract-repository/workdir/tests/invenio-records-resources/original/.venv/lib/python3.14/site-packages/invenio_rest/ext.py,line=29::CSRF validation will be enabled by default in the version 1.3.x
.                         [ 58%]
tests/services/files/test_zip.py .::warning file=/home/runner/work/test-zip-extract-repository/test-zip-extract-repository/workdir/tests/invenio-records-resources/original/.venv/lib/python3.14/site-packages/invenio_rest/ext.py,line=29::CSRF validation will be enabled by default in the version 1.3.x
..                                     [ 59%]
tests/services/test_results.py .::warning file=/home/runner/work/test-zip-extract-repository/test-zip-extract-repository/workdir/tests/invenio-records-resources/original/.venv/lib/python3.14/site-packages/invenio_rest/ext.py,line=29::CSRF validation will be enabled by default in the version 1.3.x
                                         [ 60%]
tests/services/test_results_expand.py .::warning file=/home/runner/work/test-zip-extract-repository/test-zip-extract-repository/workdir/tests/invenio-records-resources/original/.venv/lib/python3.14/site-packages/invenio_rest/ext.py,line=29::CSRF validation will be enabled by default in the version 1.3.x
                                  [ 60%]
tests/services/test_service.py .::warning file=/home/runner/work/test-zip-extract-repository/test-zip-extract-repository/workdir/tests/invenio-records-resources/original/.venv/lib/python3.14/site-packages/invenio_rest/ext.py,line=29::CSRF validation will be enabled by default in the version 1.3.x
...                                      [ 62%]
tests/services/test_service_create.py .::warning file=/home/runner/work/test-zip-extract-repository/test-zip-extract-repository/workdir/tests/invenio-records-resources/original/.venv/lib/python3.14/site-packages/invenio_rest/ext.py,line=29::CSRF validation will be enabled by default in the version 1.3.x
..                                [ 63%]
tests/services/test_service_create_update.py .::warning file=/home/runner/work/test-zip-extract-repository/test-zip-extract-repository/workdir/tests/invenio-records-resources/original/.venv/lib/python3.14/site-packages/invenio_rest/ext.py,line=29::CSRF validation will be enabled by default in the version 1.3.x
.......                    [ 66%]
tests/services/test_service_date_facet.py .::warning file=/home/runner/work/test-zip-extract-repository/test-zip-extract-repository/workdir/tests/invenio-records-resources/original/.venv/lib/python3.14/site-packages/invenio_rest/ext.py,line=29::CSRF validation will be enabled by default in the version 1.3.x
......                        [ 69%]
tests/services/test_service_facets.py .::warning file=/home/runner/work/test-zip-extract-repository/test-zip-extract-repository/workdir/tests/invenio-records-resources/original/.venv/lib/python3.14/site-packages/invenio_rest/ext.py,line=29::CSRF validation will be enabled by default in the version 1.3.x
....                              [ 71%]
tests/services/test_service_pagination.py .::warning file=/home/runner/work/test-zip-extract-repository/test-zip-extract-repository/workdir/tests/invenio-records-resources/original/.venv/lib/python3.14/site-packages/invenio_rest/ext.py,line=29::CSRF validation will be enabled by default in the version 1.3.x
.                             [ 71%]
tests/services/test_service_queryparser.py ............................. [ 83%]
................................::warning file=/home/runner/work/test-zip-extract-repository/test-zip-extract-repository/workdir/tests/invenio-records-resources/original/.venv/lib/python3.14/site-packages/invenio_rest/ext.py,line=29::CSRF validation will be enabled by default in the version 1.3.x
.                                        [ 95%]
tests/services/test_service_relation_propagation.py .::warning file=/home/runner/work/test-zip-extract-repository/test-zip-extract-repository/workdir/tests/invenio-records-resources/original/.venv/lib/python3.14/site-packages/invenio_rest/ext.py,line=29::CSRF validation will be enabled by default in the version 1.3.x
.                   [ 96%]
tests/services/test_service_revision_id.py .::warning file=/home/runner/work/test-zip-extract-repository/test-zip-extract-repository/workdir/tests/invenio-records-resources/original/.venv/lib/python3.14/site-packages/invenio_rest/ext.py,line=29::CSRF validation will be enabled by default in the version 1.3.x
.                            [ 97%]
tests/services/test_service_sort.py .::warning file=/home/runner/work/test-zip-extract-repository/test-zip-extract-repository/workdir/tests/invenio-records-resources/original/.venv/lib/python3.14/site-packages/invenio_rest/ext.py,line=29::CSRF validation will be enabled by default in the version 1.3.x
..                                  [ 98%]
tests/services/test_utils.py .::warning file=/home/runner/work/test-zip-extract-repository/test-zip-extract-repository/workdir/tests/invenio-records-resources/original/.venv/lib/python3.14/site-packages/invenio_rest/ext.py,line=29::CSRF validation will be enabled by default in the version 1.3.x
                                           [ 98%]
tests/test_invenio_resources.py ..                                       [ 99%]
tests/test_tasks.py .::warning file=/home/runner/work/test-zip-extract-repository/test-zip-extract-repository/workdir/tests/invenio-records-resources/original/.venv/lib/python3.14/site-packages/invenio_rest/ext.py,line=29::CSRF validation will be enabled by default in the version 1.3.x
                                                    [100%]

=============================== warnings summary ===============================
.venv/lib/python3.14/site-packages/edtf/parser/grammar.py:9
  /home/runner/work/test-zip-extract-repository/test-zip-extract-repository/workdir/tests/invenio-records-resources/original/.venv/lib/python3.14/site-packages/edtf/parser/grammar.py:9: PyparsingDeprecationWarning: 'enablePackrat' deprecated - use 'enable_packrat'
    pyparsing.ParserElement.enablePackrat()

.venv/lib/python3.14/site-packages/edtf/parser/grammar.py:52
  /home/runner/work/test-zip-extract-repository/test-zip-extract-repository/workdir/tests/invenio-records-resources/original/.venv/lib/python3.14/site-packages/edtf/parser/grammar.py:52: PyparsingDeprecationWarning: 'oneOf' deprecated - use 'one_of'
    oneThru12 = oneOf(["%.2d" % i for i in range(1, 13)])

.venv/lib/python3.14/site-packages/edtf/parser/grammar.py:53
  /home/runner/work/test-zip-extract-repository/test-zip-extract-repository/workdir/tests/invenio-records-resources/original/.venv/lib/python3.14/site-packages/edtf/parser/grammar.py:53: PyparsingDeprecationWarning: 'oneOf' deprecated - use 'one_of'
    oneThru13 = oneOf(["%.2d" % i for i in range(1, 14)])

.venv/lib/python3.14/site-packages/edtf/parser/grammar.py:54
  /home/runner/work/test-zip-extract-repository/test-zip-extract-repository/workdir/tests/invenio-records-resources/original/.venv/lib/python3.14/site-packages/edtf/parser/grammar.py:54: PyparsingDeprecationWarning: 'oneOf' deprecated - use 'one_of'
    oneThru23 = oneOf(["%.2d" % i for i in range(1, 24)])

.venv/lib/python3.14/site-packages/edtf/parser/grammar.py:55
  /home/runner/work/test-zip-extract-repository/test-zip-extract-repository/workdir/tests/invenio-records-resources/original/.venv/lib/python3.14/site-packages/edtf/parser/grammar.py:55: PyparsingDeprecationWarning: 'oneOf' deprecated - use 'one_of'
    zeroThru23 = oneOf(["%.2d" % i for i in range(0, 24)])

.venv/lib/python3.14/site-packages/edtf/parser/grammar.py:56
  /home/runner/work/test-zip-extract-repository/test-zip-extract-repository/workdir/tests/invenio-records-resources/original/.venv/lib/python3.14/site-packages/edtf/parser/grammar.py:56: PyparsingDeprecationWarning: 'oneOf' deprecated - use 'one_of'
    oneThru29 = oneOf(["%.2d" % i for i in range(1, 30)])

.venv/lib/python3.14/site-packages/edtf/parser/grammar.py:57
  /home/runner/work/test-zip-extract-repository/test-zip-extract-repository/workdir/tests/invenio-records-resources/original/.venv/lib/python3.14/site-packages/edtf/parser/grammar.py:57: PyparsingDeprecationWarning: 'oneOf' deprecated - use 'one_of'
    oneThru30 = oneOf(["%.2d" % i for i in range(1, 31)])

.venv/lib/python3.14/site-packages/edtf/parser/grammar.py:58
  /home/runner/work/test-zip-extract-repository/test-zip-extract-repository/workdir/tests/invenio-records-resources/original/.venv/lib/python3.14/site-packages/edtf/parser/grammar.py:58: PyparsingDeprecationWarning: 'oneOf' deprecated - use 'one_of'
    oneThru31 = oneOf(["%.2d" % i for i in range(1, 32)])

.venv/lib/python3.14/site-packages/edtf/parser/grammar.py:59
  /home/runner/work/test-zip-extract-repository/test-zip-extract-repository/workdir/tests/invenio-records-resources/original/.venv/lib/python3.14/site-packages/edtf/parser/grammar.py:59: PyparsingDeprecationWarning: 'oneOf' deprecated - use 'one_of'
    oneThru59 = oneOf(["%.2d" % i for i in range(1, 60)])

.venv/lib/python3.14/site-packages/edtf/parser/grammar.py:60
  /home/runner/work/test-zip-extract-repository/test-zip-extract-repository/workdir/tests/invenio-records-resources/original/.venv/lib/python3.14/site-packages/edtf/parser/grammar.py:60: PyparsingDeprecationWarning: 'oneOf' deprecated - use 'one_of'
    zeroThru59 = oneOf(["%.2d" % i for i in range(0, 60)])

.venv/lib/python3.14/site-packages/edtf/parser/grammar.py:63
  /home/runner/work/test-zip-extract-repository/test-zip-extract-repository/workdir/tests/invenio-records-resources/original/.venv/lib/python3.14/site-packages/edtf/parser/grammar.py:63: PyparsingDeprecationWarning: 'excludeChars' argument is deprecated, use 'exclude_chars'
    positiveDigit = Word(nums, exact=1, excludeChars="0")

.venv/lib/python3.14/site-packages/edtf/parser/grammar.py:73
  /home/runner/work/test-zip-extract-repository/test-zip-extract-repository/workdir/tests/invenio-records-resources/original/.venv/lib/python3.14/site-packages/edtf/parser/grammar.py:73: PyparsingDeprecationWarning: 'oneOf' deprecated - use 'one_of'
    (oneOf("01 03 05 07 08 10 12")("month") + "-" + oneThru31("day"))

.venv/lib/python3.14/site-packages/edtf/parser/grammar.py:74
  /home/runner/work/test-zip-extract-repository/test-zip-extract-repository/workdir/tests/invenio-records-resources/original/.venv/lib/python3.14/site-packages/edtf/parser/grammar.py:74: PyparsingDeprecationWarning: 'oneOf' deprecated - use 'one_of'
    ^ (oneOf("04 06 09 11")("month") + "-" + oneThru30("day"))

.venv/lib/python3.14/site-packages/edtf/parser/parser_classes.py:103: 19 warnings
  /home/runner/work/test-zip-extract-repository/test-zip-extract-repository/workdir/tests/invenio-records-resources/original/.venv/lib/python3.14/site-packages/edtf/parser/parser_classes.py:103: PyparsingDeprecationWarning: 'addParseAction' deprecated - use 'add_parse_action'
    p.addParseAction(cls.parse_action)

.venv/lib/python3.14/site-packages/edtf/parser/grammar.py:119
  /home/runner/work/test-zip-extract-repository/test-zip-extract-repository/workdir/tests/invenio-records-resources/original/.venv/lib/python3.14/site-packages/edtf/parser/grammar.py:119: PyparsingDeprecationWarning: 'oneOf' deprecated - use 'one_of'
    UASymbol = Combine(oneOf("? ~ %"))

.venv/lib/python3.14/site-packages/edtf/parser/grammar.py:122
  /home/runner/work/test-zip-extract-repository/test-zip-extract-repository/workdir/tests/invenio-records-resources/original/.venv/lib/python3.14/site-packages/edtf/parser/grammar.py:122: PyparsingDeprecationWarning: 'oneOf' deprecated - use 'one_of'
    seasonNumber = oneOf("21 22 23 24")

.venv/lib/python3.14/site-packages/edtf/parser/grammar.py:155
  /home/runner/work/test-zip-extract-repository/test-zip-extract-repository/workdir/tests/invenio-records-resources/original/.venv/lib/python3.14/site-packages/edtf/parser/grammar.py:155: PyparsingDeprecationWarning: 'addParseAction' deprecated - use 'add_parse_action'
    l1Start.addParseAction(f)

.venv/lib/python3.14/site-packages/edtf/parser/grammar.py:157
  /home/runner/work/test-zip-extract-repository/test-zip-extract-repository/workdir/tests/invenio-records-resources/original/.venv/lib/python3.14/site-packages/edtf/parser/grammar.py:157: PyparsingDeprecationWarning: 'addParseAction' deprecated - use 'add_parse_action'
    l1End.addParseAction(f)

.venv/lib/python3.14/site-packages/edtf/parser/grammar.py:199
  /home/runner/work/test-zip-extract-repository/test-zip-extract-repository/workdir/tests/invenio-records-resources/original/.venv/lib/python3.14/site-packages/edtf/parser/grammar.py:199: PyparsingDeprecationWarning: 'oneOf' deprecated - use 'one_of'
    monthWithX = Combine(oneOf("0X 1X") ^ ("X" + digitOrX))("month")

.venv/lib/python3.14/site-packages/edtf/parser/grammar.py:303
.venv/lib/python3.14/site-packages/edtf/parser/grammar.py:303
  /home/runner/work/test-zip-extract-repository/test-zip-extract-repository/workdir/tests/invenio-records-resources/original/.venv/lib/python3.14/site-packages/edtf/parser/grammar.py:303: PyparsingDeprecationWarning: 'addParseAction' deprecated - use 'add_parse_action'
    earlier = L("..").addParseAction(f)("lower") + date("upper").addParseAction(f)

.venv/lib/python3.14/site-packages/edtf/parser/grammar.py:304
.venv/lib/python3.14/site-packages/edtf/parser/grammar.py:304
  /home/runner/work/test-zip-extract-repository/test-zip-extract-repository/workdir/tests/invenio-records-resources/original/.venv/lib/python3.14/site-packages/edtf/parser/grammar.py:304: PyparsingDeprecationWarning: 'addParseAction' deprecated - use 'add_parse_action'
    later = date("lower").addParseAction(f) + L("..").addParseAction(f)("upper")

.venv/lib/python3.14/site-packages/edtf/parser/grammar.py:325
  /home/runner/work/test-zip-extract-repository/test-zip-extract-repository/workdir/tests/invenio-records-resources/original/.venv/lib/python3.14/site-packages/edtf/parser/grammar.py:325: PyparsingDeprecationWarning: 'oneOf' deprecated - use 'one_of'
    seasonL2Number = oneOf("21 22 23 24 25 26 27 28 29 30 31 32 33 34 35 36 37 38 39 40 41")

tests/factories/test_factory.py::test_gen_same_name_classes
  /home/runner/work/test-zip-extract-repository/test-zip-extract-repository/workdir/tests/invenio-records-resources/original/.venv/lib/python3.14/site-packages/flask_sqlalchemy/model.py:144: SAWarning: This declarative base already contains a class with the same class name and module name as invenio_records_resources.factories.factory.MyRecordMetadata, and will be replaced in the string-lookup table.
    super().__init__(name, bases, d, **kwargs)

tests/records/test_api.py: 1 warning
tests/records/test_dumpers.py: 1 warning
tests/records/test_systemfield_files.py: 1 warning
tests/records/test_systemfield_index.py: 1 warning
tests/records/test_systemfield_modelpid.py: 1 warning
tests/records/test_systemfield_pid.py: 1 warning
tests/records/test_systemfield_pidstatus.py: 1 warning
tests/resources/files/test_zip.py: 1 warning
tests/resources/test_files_resource.py: 1 warning
tests/resources/test_resource_faceting.py: 1 warning
tests/resources/test_resource_links.py: 1 warning
tests/resources/test_resource_pagination.py: 1 warning
tests/resources/test_resource_preference.py: 1 warning
tests/resources/test_resource_sorting.py: 1 warning
tests/resources/test_resources.py: 1 warning
tests/resources/test_resources_etag.py: 1 warning
tests/services/custom_fields/test_schema_cf.py: 1 warning
tests/services/files/s3/test_service_s3_backend.py: 1 warning
tests/services/files/test_file_extractors.py: 1 warning
tests/services/files/test_file_service.py: 1 warning
tests/services/files/test_files_options.py: 1 warning
tests/services/files/test_files_processing.py: 1 warning
tests/services/files/test_zip.py: 1 warning
tests/services/test_results.py: 1 warning
tests/services/test_results_expand.py: 1 warning
tests/services/test_service.py: 1 warning
tests/services/test_service_create.py: 1 warning
tests/services/test_service_create_update.py: 1 warning
tests/services/test_service_date_facet.py: 1 warning
tests/services/test_service_facets.py: 1 warning
tests/services/test_service_pagination.py: 1 warning
tests/services/test_service_queryparser.py: 1 warning
tests/services/test_service_relation_propagation.py: 1 warning
tests/services/test_service_revision_id.py: 1 warning
tests/services/test_service_sort.py: 1 warning
tests/services/test_utils.py: 1 warning
tests/test_tasks.py: 1 warning
  /home/runner/work/test-zip-extract-repository/test-zip-extract-repository/workdir/tests/invenio-records-resources/original/.venv/lib/python3.14/site-packages/invenio_rest/ext.py:29: FutureWarning: CSRF validation will be enabled by default in the version 1.3.x
    self.init_app(app)

tests/records/test_dumpers.py::test_custom_field_dumperext
tests/services/custom_fields/test_date_cf.py::test_edtfdatestring_validate
tests/services/custom_fields/test_date_cf.py::test_edtfdatestring_validate
tests/services/custom_fields/test_date_cf.py::test_edtfdatestring_validate
tests/services/custom_fields/test_date_cf.py::test_edtfdatestring_validate
tests/services/custom_fields/test_date_cf.py::test_edtfdatestring_validate
tests/services/custom_fields/test_date_cf.py::test_edtfdatestring_multiple_dump
  /home/runner/work/test-zip-extract-repository/test-zip-extract-repository/workdir/tests/invenio-records-resources/original/.venv/lib/python3.14/site-packages/edtf/parser/grammar.py:352: PyparsingDeprecationWarning: 'parseString' deprecated - use 'parse_string'
    p = edtfParser.parseString(input_string.strip(), parseAll)

tests/services/files/s3/test_service_s3_backend.py::test_multipart_file_upload_s3
  /home/runner/work/test-zip-extract-repository/test-zip-extract-repository/workdir/tests/invenio-records-resources/original/.venv/lib/python3.14/site-packages/invenio_files_rest/storage/pyfs.py:170: DeprecationWarning: The _get_fs method is deprecated and will be removed. Please implement the abstract FileStorage instead of extending the PyFSFileStorage class.
    warnings.warn(

tests/services/files/test_file_service.py::test_remote_file
tests/services/files/test_file_service.py::test_remote_file_with_checksum_and_size
  /home/runner/work/test-zip-extract-repository/test-zip-extract-repository/workdir/tests/invenio-records-resources/original/.venv/lib/python3.14/site-packages/invenio_files_rest/models.py:719: SAWarning: Object of type <ObjectVersion> not in session, add operation along 'Bucket.objects' will not proceed (This warning originated from the Session 'autoflush' process, which was invoked automatically in response to a user-initiated operation. Consider using ``no_autoflush`` context manager if this warning happened while initializing objects.)
    return db.session.query(cls).filter_by(id=file_id).one_or_none()

-- Docs: https://docs.pytest.org/en/stable/how-to/capture-warnings.html
================= 257 passed, 2 skipped, 90 warnings in 45.28s =================
 Container docker_services_cli-minio-1  Stopping
 Container docker_services_cli-redis-1  Stopping
 Container docker_services_cli-postgresql-1  Stopping
 Container docker_services_cli-opensearch-1  Stopping
 Container docker_services_cli-redis-1  Stopped
 Container docker_services_cli-redis-1  Removing
 Container docker_services_cli-redis-1  Removed
 Container docker_services_cli-minio-1  Stopped
 Container docker_services_cli-minio-1  Removing
 Container docker_services_cli-minio-1  Removed
 Container docker_services_cli-opensearch-1  Stopped
 Container docker_services_cli-opensearch-1  Removing
 Container docker_services_cli-postgresql-1  Stopped
 Container docker_services_cli-postgresql-1  Removing
 Container docker_services_cli-opensearch-1  Removed
 Container docker_services_cli-postgresql-1  Removed
 Network docker_services_cli_default  Removing
 Network docker_services_cli_default  Removed
